country_region_code,country_region,sub_region_1,sub_region_2,metro_area,iso_3166_2_code,census_fips_code,place_id,date,retail_and_recreation_percent_change_from_baseline,grocery_and_pharmacy_percent_change_from_baseline,parks_percent_change_from_baseline,transit_stations_percent_change_from_baseline,workplaces_percent_change_from_baseline,residential_percent_change_from_baseline
AO,Angola,,,,,,ChIJJ4utyk7yURoRPU5KDZ0oClk,2021-01-01,-62,-65,-22,-53,-78,24
AO,Angola,,,,,,ChIJJ4utyk7yURoRPU5KDZ0oClk,2021-01-02,-30,-17,16,-9,-22,9
AO,Angola,,,,,,ChIJJ4utyk7yURoRPU5KDZ0oClk,2021-01-03,-24,-14,12,-8,-7,6
AO,Angola,,,,,,ChIJJ4utyk7yURoRPU5KDZ0oClk,2021-01-04,-10,3,33,6,-17,9
AO,Angola,,,,,,ChIJJ4utyk7yURoRPU5KDZ0oClk,2021-01-05,-9,4,27,2,-14,8
AO,Angola,,,,,,ChIJJ4utyk7yURoRPU5KDZ0oClk,2021-01-06,-7,6,25,-4,-11,8
AO,Angola,,,,,,ChIJJ4utyk7yURoRPU5KDZ0oClk,2021-01-07,-7,6,34,9,-10,8
AO,Angola,,,,,,ChIJJ4utyk7yURoRPU5KDZ0oClk,2021-01-08,-9,4,25,-5,-10,8
AO,Angola,,,,,,ChIJJ4utyk7yURoRPU5KDZ0oClk,2021-01-09,-8,-1,29,5,0,3
AO,Angola,,,,,,ChIJJ4utyk7yURoRPU5KDZ0oClk,2021-01-10,-15,-7,14,-7,-4,4
AO,Angola,,,,,,ChIJJ4utyk7yURoRPU5KDZ0oClk,2021-01-11,-3,1,34,4,-10,5
AO,Angola,,,,,,ChIJJ4utyk7yURoRPU5KDZ0oClk,2021-01-12,-6,0,28,-3,-9,4
AO,Angola,,,,,,ChIJJ4utyk7yURoRPU5KDZ0oClk,2021-01-13,-10,-4,20,-15,-12,3
AO,Angola,,,,,,ChIJJ4utyk7yURoRPU5KDZ0oClk,2021-01-14,-13,-8,22,-7,-16,3
AO,Angola,,,,,,ChIJJ4utyk7yURoRPU5KDZ0oClk,2021-01-15,-19,-12,9,-17,-21,5
AO,Angola,,,,,,ChIJJ4utyk7yURoRPU5KDZ0oClk,2021-01-16,-19,-16,12,-12,-16,2
AO,Angola,,,,,,ChIJJ4utyk7yURoRPU5KDZ0oClk,2021-01-17,-26,-23,0,-28,-20,5
AO,Angola,,,,,,ChIJJ4utyk7yURoRPU5KDZ0oClk,2021-01-18,-16,-15,15,-12,-22,5
AO,Angola,,,,,,ChIJJ4utyk7yURoRPU5KDZ0oClk,2021-01-19,-18,-13,8,-16,-20,4
AO,Angola,,,,,,ChIJJ4utyk7yURoRPU5KDZ0oClk,2021-01-20,-16,-13,10,-15,-19,5
AO,Angola,,,,,,ChIJJ4utyk7yURoRPU5KDZ0oClk,2021-01-21,-14,-10,22,-7,-17,4
AO,Angola,,,,,,ChIJJ4utyk7yURoRPU5KDZ0oClk,2021-01-22,-16,-8,12,-12,-18,5
AO,Angola,,,,,,ChIJJ4utyk7yURoRPU5KDZ0oClk,2021-01-23,-12,-6,18,-4,-11,1
AO,Angola,,,,,,ChIJJ4utyk7yURoRPU5KDZ0oClk,2021-01-24,-21,-14,2,-21,-18,4
AO,Angola,,,,,,ChIJJ4utyk7yURoRPU5KDZ0oClk,2021-01-25,-10,-7,23,-10,-18,5
AO,Angola,,,,,,ChIJJ4utyk7yURoRPU5KDZ0oClk,2021-01-26,-11,-5,18,-12,-16,2
AO,Angola,,,,,,ChIJJ4utyk7yURoRPU5KDZ0oClk,2021-01-27,-7,-1,19,-14,-15,4
AO,Angola,,,,,,ChIJJ4utyk7yURoRPU5KDZ0oClk,2021-01-28,-7,2,34,-6,-13,2
AO,Angola,,,,,,ChIJJ4utyk7yURoRPU5KDZ0oClk,2021-01-29,-7,5,23,-9,-15,1
AO,Angola,,,,,,ChIJJ4utyk7yURoRPU5KDZ0oClk,2021-01-30,-7,3,27,-4,-13,-5
AO,Angola,,,,,,ChIJJ4utyk7yURoRPU5KDZ0oClk,2021-01-31,-14,-5,6,-16,-18,1
AO,Angola,,,,,,ChIJJ4utyk7yURoRPU5KDZ0oClk,2021-02-01,-6,2,33,-2,-15,-1
AO,Angola,,,,,,ChIJJ4utyk7yURoRPU5KDZ0oClk,2021-02-02,-5,6,28,-7,-15,-1
AO,Angola,,,,,,ChIJJ4utyk7yURoRPU5KDZ0oClk,2021-02-03,-3,5,26,-10,-17,-3
AO,Angola,,,,,,ChIJJ4utyk7yURoRPU5KDZ0oClk,2021-02-04,-22,-15,18,-28,-73,10
AO,Angola,,,,,,ChIJJ4utyk7yURoRPU5KDZ0oClk,2021-02-05,-25,-9,2,-36,-67,12
AO,Angola,,,,,,ChIJJ4utyk7yURoRPU5KDZ0oClk,2021-02-06,-17,-12,20,-13,-23,1
AO,Angola,,,,,,ChIJJ4utyk7yURoRPU5KDZ0oClk,2021-02-07,-25,-19,2,-22,-23,1
AO,Angola,,,,,,ChIJJ4utyk7yURoRPU5KDZ0oClk,2021-02-08,-11,-6,27,-9,-19,1
AO,Angola,,,,,,ChIJJ4utyk7yURoRPU5KDZ0oClk,2021-02-09,-7,2,27,-11,-17,0
AO,Angola,,,,,,ChIJJ4utyk7yURoRPU5KDZ0oClk,2021-02-10,-7,1,21,-13,-16,0
AO,Angola,,,,,,ChIJJ4utyk7yURoRPU5KDZ0oClk,2021-02-11,-6,1,32,-6,-14,-1
AO,Angola,,,,,,ChIJJ4utyk7yURoRPU5KDZ0oClk,2021-02-12,-8,1,17,-14,-17,-2
AO,Angola,,,,,,ChIJJ4utyk7yURoRPU5KDZ0oClk,2021-02-13,-7,2,25,-10,-17,-7
AO,Angola,,,,,,ChIJJ4utyk7yURoRPU5KDZ0oClk,2021-02-14,-6,-2,12,-21,-23,-3
AO,Angola,,,,,,ChIJJ4utyk7yURoRPU5KDZ0oClk,2021-02-15,-17,-13,5,-33,-70,9
AO,Angola,,,,,,ChIJJ4utyk7yURoRPU5KDZ0oClk,2021-02-16,-23,-19,-5,-39,-74,10
AO,Angola,,,,,,ChIJJ4utyk7yURoRPU5KDZ0oClk,2021-02-17,-5,0,12,-17,-15,-3
AO,Angola,,,,,,ChIJJ4utyk7yURoRPU5KDZ0oClk,2021-02-18,-4,2,23,-10,-16,-2
AO,Angola,,,,,,ChIJJ4utyk7yURoRPU5KDZ0oClk,2021-02-19,-7,2,9,-17,-16,0
AO,Angola,,,,,,ChIJJ4utyk7yURoRPU5KDZ0oClk,2021-02-20,-5,0,14,-12,-14,-3
AO,Angola,,,,,,ChIJJ4utyk7yURoRPU5KDZ0oClk,2021-02-21,-17,-9,-1,-23,-24,0
AO,Angola,,,,,,ChIJJ4utyk7yURoRPU5KDZ0oClk,2021-02-22,-7,-5,16,-12,-18,0
AO,Angola,,,,,,ChIJJ4utyk7yURoRPU5KDZ0oClk,2021-02-23,-5,-1,15,-15,-16,-1
AO,Angola,,,,,,ChIJJ4utyk7yURoRPU5KDZ0oClk,2021-02-24,-2,1,14,-16,-16,-2
AO,Angola,,,,,,ChIJJ4utyk7yURoRPU5KDZ0oClk,2021-02-25,0,7,22,-6,-15,-2
AO,Angola,,,,,,ChIJJ4utyk7yURoRPU5KDZ0oClk,2021-02-26,3,15,16,-5,-16,-2
AO,Angola,,,,,,ChIJJ4utyk7yURoRPU5KDZ0oClk,2021-02-27,8,16,27,6,-13,-6
AO,Angola,,,,,,ChIJJ4utyk7yURoRPU5KDZ0oClk,2021-02-28,-2,5,14,-8,-20,-3
AO,Angola,,,,,,ChIJJ4utyk7yURoRPU5KDZ0oClk,2021-03-01,5,12,26,4,-16,-3
AO,Angola,,,,,,ChIJJ4utyk7yURoRPU5KDZ0oClk,2021-03-02,7,17,17,0,-15,-3
AO,Angola,,,,,,ChIJJ4utyk7yURoRPU5KDZ0oClk,2021-03-03,7,17,14,-7,-15,-3
AO,Angola,,,,,,ChIJJ4utyk7yURoRPU5KDZ0oClk,2021-03-04,6,15,22,1,-14,-4
AO,Angola,,,,,,ChIJJ4utyk7yURoRPU5KDZ0oClk,2021-03-05,6,19,19,-5,-15,-3
AO,Angola,,,,,,ChIJJ4utyk7yURoRPU5KDZ0oClk,2021-03-06,4,14,23,0,-16,-7
AO,Angola,,,,,,ChIJJ4utyk7yURoRPU5KDZ0oClk,2021-03-07,-1,5,15,-12,-20,-5
AO,Angola,,,,,,ChIJJ4utyk7yURoRPU5KDZ0oClk,2021-03-08,-6,-7,8,-19,-74,7
AO,Angola,,,,,,ChIJJ4utyk7yURoRPU5KDZ0oClk,2021-03-09,1,10,18,-1,-13,-5
AO,Angola,,,,,,ChIJJ4utyk7yURoRPU5KDZ0oClk,2021-03-10,5,13,14,-7,-13,-3
AO,Angola,,,,,,ChIJJ4utyk7yURoRPU5KDZ0oClk,2021-03-11,4,14,21,3,-12,-3
AO,Angola,,,,,,ChIJJ4utyk7yURoRPU5KDZ0oClk,2021-03-12,1,14,15,-4,-13,-2
AO,Angola,,,,,,ChIJJ4utyk7yURoRPU5KDZ0oClk,2021-03-13,4,11,25,1,-13,-4
AO,Angola,,,,,,ChIJJ4utyk7yURoRPU5KDZ0oClk,2021-03-14,-8,1,9,-13,-21,-1
AO,Angola,,,,,,ChIJJ4utyk7yURoRPU5KDZ0oClk,2021-03-15,0,5,22,2,-13,-2
AO,Angola,,,,,,ChIJJ4utyk7yURoRPU5KDZ0oClk,2021-03-16,-14,-9,5,-15,-19,2
AO,Angola,,,,,,ChIJJ4utyk7yURoRPU5KDZ0oClk,2021-03-17,3,10,17,-6,-12,-3
AO,Angola,,,,,,ChIJJ4utyk7yURoRPU5KDZ0oClk,2021-03-18,4,10,28,4,-9,-4
AO,Angola,,,,,,ChIJJ4utyk7yURoRPU5KDZ0oClk,2021-03-19,3,14,21,-5,-10,-3
AO,Angola,,,,,,ChIJJ4utyk7yURoRPU5KDZ0oClk,2021-03-20,5,12,27,1,-11,-5
AO,Angola,,,,,,ChIJJ4utyk7yURoRPU5KDZ0oClk,2021-03-21,-12,-2,9,-18,-23,0
AO,Angola,,,,,,ChIJJ4utyk7yURoRPU5KDZ0oClk,2021-03-22,-7,-3,13,-25,-68,9
AO,Angola,,,,,,ChIJJ4utyk7yURoRPU5KDZ0oClk,2021-03-23,-17,-13,2,-31,-73,9
AO,Angola,,,,,,ChIJJ4utyk7yURoRPU5KDZ0oClk,2021-03-24,0,4,13,-39,-11,-3
AO,Angola,,,,,,ChIJJ4utyk7yURoRPU5KDZ0oClk,2021-03-25,6,13,28,-31,-9,-3
AO,Angola,,,,,,ChIJJ4utyk7yURoRPU5KDZ0oClk,2021-03-26,3,16,19,-37,-14,-1
AO,Angola,,,,,,ChIJJ4utyk7yURoRPU5KDZ0oClk,2021-03-27,14,21,33,-19,-9,-6
AO,Angola,,,,,,ChIJJ4utyk7yURoRPU5KDZ0oClk,2021-03-28,1,10,14,-36,-15,-2
AO,Angola,,,,,,ChIJJ4utyk7yURoRPU5KDZ0oClk,2021-03-29,12,17,35,-24,-11,-3
AO,Angola,,,,,,ChIJJ4utyk7yURoRPU5KDZ0oClk,2021-03-30,10,21,24,-24,-10,-4
AO,Angola,,,,,,ChIJJ4utyk7yURoRPU5KDZ0oClk,2021-03-31,15,26,28,6,-12,-4
AO,Angola,,,,,,ChIJJ4utyk7yURoRPU5KDZ0oClk,2021-04-01,23,33,44,25,-10,-6
AO,Angola,,,,,,ChIJJ4utyk7yURoRPU5KDZ0oClk,2021-04-02,-7,12,6,-19,-68,8
AO,Angola,,,,,,ChIJJ4utyk7yURoRPU5KDZ0oClk,2021-04-03,-1,9,16,-2,-20,-3
AO,Angola,,,,,,ChIJJ4utyk7yURoRPU5KDZ0oClk,2021-04-04,-4,7,14,-6,-17,-5
AO,Angola,Benguela Province,,,AO-BGU,,ChIJy-7lhHXRrxsRnUa_guvLoE8,2021-01-01,-62,-69,,-43,-79,
AO,Angola,Benguela Province,,,AO-BGU,,ChIJy-7lhHXRrxsRnUa_guvLoE8,2021-01-02,,,,,-33,
AO,Angola,Benguela Province,,,AO-BGU,,ChIJy-7lhHXRrxsRnUa_guvLoE8,2021-01-03,,,,,-16,
AO,Angola,Benguela Province,,,AO-BGU,,ChIJy-7lhHXRrxsRnUa_guvLoE8,2021-01-04,,,,,-6,
AO,Angola,Benguela Province,,,AO-BGU,,ChIJy-7lhHXRrxsRnUa_guvLoE8,2021-01-05,,,,,-8,
AO,Angola,Benguela Province,,,AO-BGU,,ChIJy-7lhHXRrxsRnUa_guvLoE8,2021-01-06,,,,,-2,
AO,Angola,Benguela Province,,,AO-BGU,,ChIJy-7lhHXRrxsRnUa_guvLoE8,2021-01-07,,,,,1,
AO,Angola,Benguela Province,,,AO-BGU,,ChIJy-7lhHXRrxsRnUa_guvLoE8,2021-01-08,,,,,0,
AO,Angola,Benguela Province,,,AO-BGU,,ChIJy-7lhHXRrxsRnUa_guvLoE8,2021-01-09,,,,,-3,
AO,Angola,Benguela Province,,,AO-BGU,,ChIJy-7lhHXRrxsRnUa_guvLoE8,2021-01-11,,,,,1,
AO,Angola,Benguela Province,,,AO-BGU,,ChIJy-7lhHXRrxsRnUa_guvLoE8,2021-01-12,,,,,4,
AO,Angola,Benguela Province,,,AO-BGU,,ChIJy-7lhHXRrxsRnUa_guvLoE8,2021-01-13,,,,,-8,
AO,Angola,Benguela Province,,,AO-BGU,,ChIJy-7lhHXRrxsRnUa_guvLoE8,2021-01-14,,-18,,,-8,
AO,Angola,Benguela Province,,,AO-BGU,,ChIJy-7lhHXRrxsRnUa_guvLoE8,2021-01-15,,-19,,,-15,
AO,Angola,Benguela Province,,,AO-BGU,,ChIJy-7lhHXRrxsRnUa_guvLoE8,2021-01-16,,,,,-23,
AO,Angola,Benguela Province,,,AO-BGU,,ChIJy-7lhHXRrxsRnUa_guvLoE8,2021-01-17,,,,,-22,
AO,Angola,Benguela Province,,,AO-BGU,,ChIJy-7lhHXRrxsRnUa_guvLoE8,2021-01-18,,,,,-18,
AO,Angola,Benguela Province,,,AO-BGU,,ChIJy-7lhHXRrxsRnUa_guvLoE8,2021-01-19,,,,,-14,
AO,Angola,Benguela Province,,,AO-BGU,,ChIJy-7lhHXRrxsRnUa_guvLoE8,2021-01-20,,,,,-15,
AO,Angola,Benguela Province,,,AO-BGU,,ChIJy-7lhHXRrxsRnUa_guvLoE8,2021-01-21,,-18,,,-13,
AO,Angola,Benguela Province,,,AO-BGU,,ChIJy-7lhHXRrxsRnUa_guvLoE8,2021-01-22,,-13,,,-12,
AO,Angola,Benguela Province,,,AO-BGU,,ChIJy-7lhHXRrxsRnUa_guvLoE8,2021-01-23,,,,,-17,
AO,Angola,Benguela Province,,,AO-BGU,,ChIJy-7lhHXRrxsRnUa_guvLoE8,2021-01-24,,,,,-27,
AO,Angola,Benguela Province,,,AO-BGU,,ChIJy-7lhHXRrxsRnUa_guvLoE8,2021-01-25,,,,,-10,
AO,Angola,Benguela Province,,,AO-BGU,,ChIJy-7lhHXRrxsRnUa_guvLoE8,2021-01-26,,,,,-10,
AO,Angola,Benguela Province,,,AO-BGU,,ChIJy-7lhHXRrxsRnUa_guvLoE8,2021-01-27,,,,,-10,
AO,Angola,Benguela Province,,,AO-BGU,,ChIJy-7lhHXRrxsRnUa_guvLoE8,2021-01-28,,,,,-2,
AO,Angola,Benguela Province,,,AO-BGU,,ChIJy-7lhHXRrxsRnUa_guvLoE8,2021-01-29,,,,,-7,
AO,Angola,Benguela Province,,,AO-BGU,,ChIJy-7lhHXRrxsRnUa_guvLoE8,2021-01-30,,,,,-15,
AO,Angola,Benguela Province,,,AO-BGU,,ChIJy-7lhHXRrxsRnUa_guvLoE8,2021-01-31,,,,,-24,
AO,Angola,Benguela Province,,,AO-BGU,,ChIJy-7lhHXRrxsRnUa_guvLoE8,2021-02-01,,,,,-11,
AO,Angola,Benguela Province,,,AO-BGU,,ChIJy-7lhHXRrxsRnUa_guvLoE8,2021-02-02,,,,,-13,
AO,Angola,Benguela Province,,,AO-BGU,,ChIJy-7lhHXRrxsRnUa_guvLoE8,2021-02-03,,,,,-13,
AO,Angola,Benguela Province,,,AO-BGU,,ChIJy-7lhHXRrxsRnUa_guvLoE8,2021-02-04,,-28,,,-71,
AO,Angola,Benguela Province,,,AO-BGU,,ChIJy-7lhHXRrxsRnUa_guvLoE8,2021-02-05,,-17,,,-65,
AO,Angola,Benguela Province,,,AO-BGU,,ChIJy-7lhHXRrxsRnUa_guvLoE8,2021-02-06,,,,,-35,
AO,Angola,Benguela Province,,,AO-BGU,,ChIJy-7lhHXRrxsRnUa_guvLoE8,2021-02-07,,,,,-33,
AO,Angola,Benguela Province,,,AO-BGU,,ChIJy-7lhHXRrxsRnUa_guvLoE8,2021-02-08,,,,,-17,
AO,Angola,Benguela Province,,,AO-BGU,,ChIJy-7lhHXRrxsRnUa_guvLoE8,2021-02-09,,,,,-15,
AO,Angola,Benguela Province,,,AO-BGU,,ChIJy-7lhHXRrxsRnUa_guvLoE8,2021-02-10,,,,,-15,
AO,Angola,Benguela Province,,,AO-BGU,,ChIJy-7lhHXRrxsRnUa_guvLoE8,2021-02-11,,,,,-13,
AO,Angola,Benguela Province,,,AO-BGU,,ChIJy-7lhHXRrxsRnUa_guvLoE8,2021-02-12,,-6,,,-15,
AO,Angola,Benguela Province,,,AO-BGU,,ChIJy-7lhHXRrxsRnUa_guvLoE8,2021-02-13,,,,,-26,
AO,Angola,Benguela Province,,,AO-BGU,,ChIJy-7lhHXRrxsRnUa_guvLoE8,2021-02-14,,,,,-28,
AO,Angola,Benguela Province,,,AO-BGU,,ChIJy-7lhHXRrxsRnUa_guvLoE8,2021-02-15,,-19,,,-67,
AO,Angola,Benguela Province,,,AO-BGU,,ChIJy-7lhHXRrxsRnUa_guvLoE8,2021-02-16,,-35,,,-75,
AO,Angola,Benguela Province,,,AO-BGU,,ChIJy-7lhHXRrxsRnUa_guvLoE8,2021-02-17,,,,,-13,
AO,Angola,Benguela Province,,,AO-BGU,,ChIJy-7lhHXRrxsRnUa_guvLoE8,2021-02-18,,,,,-15,
AO,Angola,Benguela Province,,,AO-BGU,,ChIJy-7lhHXRrxsRnUa_guvLoE8,2021-02-19,,-9,,,-18,
AO,Angola,Benguela Province,,,AO-BGU,,ChIJy-7lhHXRrxsRnUa_guvLoE8,2021-02-20,,,,,-22,
AO,Angola,Benguela Province,,,AO-BGU,,ChIJy-7lhHXRrxsRnUa_guvLoE8,2021-02-21,,,,,-34,
AO,Angola,Benguela Province,,,AO-BGU,,ChIJy-7lhHXRrxsRnUa_guvLoE8,2021-02-22,,,,,-18,
AO,Angola,Benguela Province,,,AO-BGU,,ChIJy-7lhHXRrxsRnUa_guvLoE8,2021-02-23,,,,,-18,
AO,Angola,Benguela Province,,,AO-BGU,,ChIJy-7lhHXRrxsRnUa_guvLoE8,2021-02-24,,,,,-14,
AO,Angola,Benguela Province,,,AO-BGU,,ChIJy-7lhHXRrxsRnUa_guvLoE8,2021-02-25,,,,,-15,
AO,Angola,Benguela Province,,,AO-BGU,,ChIJy-7lhHXRrxsRnUa_guvLoE8,2021-02-26,,,,,-13,
AO,Angola,Benguela Province,,,AO-BGU,,ChIJy-7lhHXRrxsRnUa_guvLoE8,2021-02-27,,,,,-24,
AO,Angola,Benguela Province,,,AO-BGU,,ChIJy-7lhHXRrxsRnUa_guvLoE8,2021-02-28,,,,,-34,
AO,Angola,Benguela Province,,,AO-BGU,,ChIJy-7lhHXRrxsRnUa_guvLoE8,2021-03-01,,,,,-16,
AO,Angola,Benguela Province,,,AO-BGU,,ChIJy-7lhHXRrxsRnUa_guvLoE8,2021-03-02,,,,,-11,
AO,Angola,Benguela Province,,,AO-BGU,,ChIJy-7lhHXRrxsRnUa_guvLoE8,2021-03-03,,,,,-16,
AO,Angola,Benguela Province,,,AO-BGU,,ChIJy-7lhHXRrxsRnUa_guvLoE8,2021-03-04,,,,,-13,
AO,Angola,Benguela Province,,,AO-BGU,,ChIJy-7lhHXRrxsRnUa_guvLoE8,2021-03-05,,,,,-16,
AO,Angola,Benguela Province,,,AO-BGU,,ChIJy-7lhHXRrxsRnUa_guvLoE8,2021-03-06,,,,,-21,
AO,Angola,Benguela Province,,,AO-BGU,,ChIJy-7lhHXRrxsRnUa_guvLoE8,2021-03-07,,,,,-38,
AO,Angola,Benguela Province,,,AO-BGU,,ChIJy-7lhHXRrxsRnUa_guvLoE8,2021-03-08,,-22,,,-73,
AO,Angola,Benguela Province,,,AO-BGU,,ChIJy-7lhHXRrxsRnUa_guvLoE8,2021-03-09,,,,,-13,
AO,Angola,Benguela Province,,,AO-BGU,,ChIJy-7lhHXRrxsRnUa_guvLoE8,2021-03-10,,,,,-12,
AO,Angola,Benguela Province,,,AO-BGU,,ChIJy-7lhHXRrxsRnUa_guvLoE8,2021-03-11,,,,,-14,
AO,Angola,Benguela Province,,,AO-BGU,,ChIJy-7lhHXRrxsRnUa_guvLoE8,2021-03-12,,-3,,,-14,
AO,Angola,Benguela Province,,,AO-BGU,,ChIJy-7lhHXRrxsRnUa_guvLoE8,2021-03-13,,,,,-22,
AO,Angola,Benguela Province,,,AO-BGU,,ChIJy-7lhHXRrxsRnUa_guvLoE8,2021-03-14,,,,,-33,
AO,Angola,Benguela Province,,,AO-BGU,,ChIJy-7lhHXRrxsRnUa_guvLoE8,2021-03-15,,,,,-11,
AO,Angola,Benguela Province,,,AO-BGU,,ChIJy-7lhHXRrxsRnUa_guvLoE8,2021-03-16,,,,,-12,
AO,Angola,Benguela Province,,,AO-BGU,,ChIJy-7lhHXRrxsRnUa_guvLoE8,2021-03-17,,,,,-12,
AO,Angola,Benguela Province,,,AO-BGU,,ChIJy-7lhHXRrxsRnUa_guvLoE8,2021-03-18,,,,,-7,
AO,Angola,Benguela Province,,,AO-BGU,,ChIJy-7lhHXRrxsRnUa_guvLoE8,2021-03-19,,,,,-11,
AO,Angola,Benguela Province,,,AO-BGU,,ChIJy-7lhHXRrxsRnUa_guvLoE8,2021-03-20,,,,,-23,
AO,Angola,Benguela Province,,,AO-BGU,,ChIJy-7lhHXRrxsRnUa_guvLoE8,2021-03-21,,,,,-26,
AO,Angola,Benguela Province,,,AO-BGU,,ChIJy-7lhHXRrxsRnUa_guvLoE8,2021-03-22,,,,,-64,
AO,Angola,Benguela Province,,,AO-BGU,,ChIJy-7lhHXRrxsRnUa_guvLoE8,2021-03-23,,-28,,,-69,
AO,Angola,Benguela Province,,,AO-BGU,,ChIJy-7lhHXRrxsRnUa_guvLoE8,2021-03-24,,,,,-11,
AO,Angola,Benguela Province,,,AO-BGU,,ChIJy-7lhHXRrxsRnUa_guvLoE8,2021-03-25,,,,,-10,
AO,Angola,Benguela Province,,,AO-BGU,,ChIJy-7lhHXRrxsRnUa_guvLoE8,2021-03-26,,-5,,,-22,
AO,Angola,Benguela Province,,,AO-BGU,,ChIJy-7lhHXRrxsRnUa_guvLoE8,2021-03-27,,,,,-20,
AO,Angola,Benguela Province,,,AO-BGU,,ChIJy-7lhHXRrxsRnUa_guvLoE8,2021-03-28,,,,,-22,
AO,Angola,Benguela Province,,,AO-BGU,,ChIJy-7lhHXRrxsRnUa_guvLoE8,2021-03-29,,,,,-8,
AO,Angola,Benguela Province,,,AO-BGU,,ChIJy-7lhHXRrxsRnUa_guvLoE8,2021-03-30,,,,,-10,
AO,Angola,Benguela Province,,,AO-BGU,,ChIJy-7lhHXRrxsRnUa_guvLoE8,2021-03-31,,,,,-16,
AO,Angola,Benguela Province,,,AO-BGU,,ChIJy-7lhHXRrxsRnUa_guvLoE8,2021-04-01,,,,,-10,
AO,Angola,Benguela Province,,,AO-BGU,,ChIJy-7lhHXRrxsRnUa_guvLoE8,2021-04-02,,-13,,,-66,
AO,Angola,Benguela Province,,,AO-BGU,,ChIJy-7lhHXRrxsRnUa_guvLoE8,2021-04-03,,,,,-26,
AO,Angola,Benguela Province,,,AO-BGU,,ChIJy-7lhHXRrxsRnUa_guvLoE8,2021-04-04,,,,,-27,
AO,Angola,Cabinda Province,,,AO-CAB,,ChIJPeaDEPOMXRoRm9uiXm3sbCM,2021-01-01,,,,,-72,
AO,Angola,Cabinda Province,,,AO-CAB,,ChIJPeaDEPOMXRoRm9uiXm3sbCM,2021-01-04,,,,,-12,
AO,Angola,Cabinda Province,,,AO-CAB,,ChIJPeaDEPOMXRoRm9uiXm3sbCM,2021-01-05,,,,,-9,
AO,Angola,Cabinda Province,,,AO-CAB,,ChIJPeaDEPOMXRoRm9uiXm3sbCM,2021-01-06,,,,,-5,
AO,Angola,Cabinda Province,,,AO-CAB,,ChIJPeaDEPOMXRoRm9uiXm3sbCM,2021-01-07,,,,,1,
AO,Angola,Cabinda Province,,,AO-CAB,,ChIJPeaDEPOMXRoRm9uiXm3sbCM,2021-01-08,,,,,-4,
AO,Angola,Cabinda Province,,,AO-CAB,,ChIJPeaDEPOMXRoRm9uiXm3sbCM,2021-01-11,,,,,-13,
AO,Angola,Cabinda Province,,,AO-CAB,,ChIJPeaDEPOMXRoRm9uiXm3sbCM,2021-01-12,,,,,-9,
AO,Angola,Cabinda Province,,,AO-CAB,,ChIJPeaDEPOMXRoRm9uiXm3sbCM,2021-01-13,,,,,-18,
AO,Angola,Cabinda Province,,,AO-CAB,,ChIJPeaDEPOMXRoRm9uiXm3sbCM,2021-01-14,,,,,-17,
AO,Angola,Cabinda Province,,,AO-CAB,,ChIJPeaDEPOMXRoRm9uiXm3sbCM,2021-01-15,,,,,-20,
AO,Angola,Cabinda Province,,,AO-CAB,,ChIJPeaDEPOMXRoRm9uiXm3sbCM,2021-01-18,,,,,-21,
AO,Angola,Cabinda Province,,,AO-CAB,,ChIJPeaDEPOMXRoRm9uiXm3sbCM,2021-01-19,,,,,-18,
AO,Angola,Cabinda Province,,,AO-CAB,,ChIJPeaDEPOMXRoRm9uiXm3sbCM,2021-01-20,,,,,-24,
AO,Angola,Cabinda Province,,,AO-CAB,,ChIJPeaDEPOMXRoRm9uiXm3sbCM,2021-01-21,,,,,-5,
AO,Angola,Cabinda Province,,,AO-CAB,,ChIJPeaDEPOMXRoRm9uiXm3sbCM,2021-01-22,,,,,-18,
AO,Angola,Cabinda Province,,,AO-CAB,,ChIJPeaDEPOMXRoRm9uiXm3sbCM,2021-01-25,,,,,-23,
AO,Angola,Cabinda Province,,,AO-CAB,,ChIJPeaDEPOMXRoRm9uiXm3sbCM,2021-01-26,,,,,-16,
AO,Angola,Cabinda Province,,,AO-CAB,,ChIJPeaDEPOMXRoRm9uiXm3sbCM,2021-01-27,,,,,-18,
AO,Angola,Cabinda Province,,,AO-CAB,,ChIJPeaDEPOMXRoRm9uiXm3sbCM,2021-01-28,,,,,-13,
AO,Angola,Cabinda Province,,,AO-CAB,,ChIJPeaDEPOMXRoRm9uiXm3sbCM,2021-01-29,,,,,-13,
AO,Angola,Cabinda Province,,,AO-CAB,,ChIJPeaDEPOMXRoRm9uiXm3sbCM,2021-02-01,,,,,-15,
AO,Angola,Cabinda Province,,,AO-CAB,,ChIJPeaDEPOMXRoRm9uiXm3sbCM,2021-02-02,,,,,-22,
AO,Angola,Cabinda Province,,,AO-CAB,,ChIJPeaDEPOMXRoRm9uiXm3sbCM,2021-02-03,,,,,-19,
AO,Angola,Cabinda Province,,,AO-CAB,,ChIJPeaDEPOMXRoRm9uiXm3sbCM,2021-02-04,,,,,-61,
AO,Angola,Cabinda Province,,,AO-CAB,,ChIJPeaDEPOMXRoRm9uiXm3sbCM,2021-02-05,,,,,-56,
AO,Angola,Cabinda Province,,,AO-CAB,,ChIJPeaDEPOMXRoRm9uiXm3sbCM,2021-02-08,,,,,-28,
AO,Angola,Cabinda Province,,,AO-CAB,,ChIJPeaDEPOMXRoRm9uiXm3sbCM,2021-02-09,,,,,-24,
AO,Angola,Cabinda Province,,,AO-CAB,,ChIJPeaDEPOMXRoRm9uiXm3sbCM,2021-02-10,,,,,-25,
AO,Angola,Cabinda Province,,,AO-CAB,,ChIJPeaDEPOMXRoRm9uiXm3sbCM,2021-02-11,,,,,-18,
AO,Angola,Cabinda Province,,,AO-CAB,,ChIJPeaDEPOMXRoRm9uiXm3sbCM,2021-02-12,,,,,-25,
AO,Angola,Cabinda Province,,,AO-CAB,,ChIJPeaDEPOMXRoRm9uiXm3sbCM,2021-02-15,,,,,-70,
AO,Angola,Cabinda Province,,,AO-CAB,,ChIJPeaDEPOMXRoRm9uiXm3sbCM,2021-02-16,,,,,-68,
AO,Angola,Cabinda Province,,,AO-CAB,,ChIJPeaDEPOMXRoRm9uiXm3sbCM,2021-02-17,,,,,-22,
AO,Angola,Cabinda Province,,,AO-CAB,,ChIJPeaDEPOMXRoRm9uiXm3sbCM,2021-02-18,,,,,-23,
AO,Angola,Cabinda Province,,,AO-CAB,,ChIJPeaDEPOMXRoRm9uiXm3sbCM,2021-02-19,,,,,-29,
AO,Angola,Cabinda Province,,,AO-CAB,,ChIJPeaDEPOMXRoRm9uiXm3sbCM,2021-02-22,,,,,-30,
AO,Angola,Cabinda Province,,,AO-CAB,,ChIJPeaDEPOMXRoRm9uiXm3sbCM,2021-02-23,,,,,-22,
AO,Angola,Cabinda Province,,,AO-CAB,,ChIJPeaDEPOMXRoRm9uiXm3sbCM,2021-02-24,,,,,-31,
AO,Angola,Cabinda Province,,,AO-CAB,,ChIJPeaDEPOMXRoRm9uiXm3sbCM,2021-02-25,,,,,-25,
AO,Angola,Cabinda Province,,,AO-CAB,,ChIJPeaDEPOMXRoRm9uiXm3sbCM,2021-02-26,,,,,-24,
AO,Angola,Cabinda Province,,,AO-CAB,,ChIJPeaDEPOMXRoRm9uiXm3sbCM,2021-03-01,,,,,-24,
AO,Angola,Cabinda Province,,,AO-CAB,,ChIJPeaDEPOMXRoRm9uiXm3sbCM,2021-03-02,,,,,-22,
AO,Angola,Cabinda Province,,,AO-CAB,,ChIJPeaDEPOMXRoRm9uiXm3sbCM,2021-03-03,,,,,-26,
AO,Angola,Cabinda Province,,,AO-CAB,,ChIJPeaDEPOMXRoRm9uiXm3sbCM,2021-03-04,,,,,-23,
AO,Angola,Cabinda Province,,,AO-CAB,,ChIJPeaDEPOMXRoRm9uiXm3sbCM,2021-03-05,,,,,-22,
AO,Angola,Cabinda Province,,,AO-CAB,,ChIJPeaDEPOMXRoRm9uiXm3sbCM,2021-03-08,,,,,-73,
AO,Angola,Cabinda Province,,,AO-CAB,,ChIJPeaDEPOMXRoRm9uiXm3sbCM,2021-03-09,,,,,-22,
AO,Angola,Cabinda Province,,,AO-CAB,,ChIJPeaDEPOMXRoRm9uiXm3sbCM,2021-03-10,,,,,-23,
AO,Angola,Cabinda Province,,,AO-CAB,,ChIJPeaDEPOMXRoRm9uiXm3sbCM,2021-03-11,,,,,-21,
AO,Angola,Cabinda Province,,,AO-CAB,,ChIJPeaDEPOMXRoRm9uiXm3sbCM,2021-03-12,,,,,-22,
AO,Angola,Cabinda Province,,,AO-CAB,,ChIJPeaDEPOMXRoRm9uiXm3sbCM,2021-03-15,,,,,-22,
AO,Angola,Cabinda Province,,,AO-CAB,,ChIJPeaDEPOMXRoRm9uiXm3sbCM,2021-03-16,,,,,-22,
AO,Angola,Cabinda Province,,,AO-CAB,,ChIJPeaDEPOMXRoRm9uiXm3sbCM,2021-03-17,,,,,-19,
AO,Angola,Cabinda Province,,,AO-CAB,,ChIJPeaDEPOMXRoRm9uiXm3sbCM,2021-03-18,,,,,-19,
AO,Angola,Cabinda Province,,,AO-CAB,,ChIJPeaDEPOMXRoRm9uiXm3sbCM,2021-03-19,,,,,-18,
AO,Angola,Cabinda Province,,,AO-CAB,,ChIJPeaDEPOMXRoRm9uiXm3sbCM,2021-03-22,,,,,-66,
AO,Angola,Cabinda Province,,,AO-CAB,,ChIJPeaDEPOMXRoRm9uiXm3sbCM,2021-03-23,,,,,-73,
AO,Angola,Cabinda Province,,,AO-CAB,,ChIJPeaDEPOMXRoRm9uiXm3sbCM,2021-03-24,,,,,-27,
AO,Angola,Cabinda Province,,,AO-CAB,,ChIJPeaDEPOMXRoRm9uiXm3sbCM,2021-03-25,,,,,-18,
AO,Angola,Cabinda Province,,,AO-CAB,,ChIJPeaDEPOMXRoRm9uiXm3sbCM,2021-03-26,,,,,-23,
AO,Angola,Cabinda Province,,,AO-CAB,,ChIJPeaDEPOMXRoRm9uiXm3sbCM,2021-03-29,,,,,-18,
AO,Angola,Cabinda Province,,,AO-CAB,,ChIJPeaDEPOMXRoRm9uiXm3sbCM,2021-03-30,,,,,-18,
AO,Angola,Cabinda Province,,,AO-CAB,,ChIJPeaDEPOMXRoRm9uiXm3sbCM,2021-03-31,,,,,-24,
AO,Angola,Cabinda Province,,,AO-CAB,,ChIJPeaDEPOMXRoRm9uiXm3sbCM,2021-04-01,,,,,-17,
AO,Angola,Cabinda Province,,,AO-CAB,,ChIJPeaDEPOMXRoRm9uiXm3sbCM,2021-04-02,,,,,-64,
AO,Angola,Huambo Province,,,AO-HUA,,ChIJ29_227R1txsRd_lMopWX8yo,2021-01-01,,,,,-64,
AO,Angola,Huambo Province,,,AO-HUA,,ChIJ29_227R1txsRd_lMopWX8yo,2021-01-04,,,,,3,
AO,Angola,Huambo Province,,,AO-HUA,,ChIJ29_227R1txsRd_lMopWX8yo,2021-01-05,,,,,9,
AO,Angola,Huambo Province,,,AO-HUA,,ChIJ29_227R1txsRd_lMopWX8yo,2021-01-06,,,,,8,
AO,Angola,Huambo Province,,,AO-HUA,,ChIJ29_227R1txsRd_lMopWX8yo,2021-01-07,,,,,17,
AO,Angola,Huambo Province,,,AO-HUA,,ChIJ29_227R1txsRd_lMopWX8yo,2021-01-08,,,,,15,
AO,Angola,Huambo Province,,,AO-HUA,,ChIJ29_227R1txsRd_lMopWX8yo,2021-01-11,,,,,19,
AO,Angola,Huambo Province,,,AO-HUA,,ChIJ29_227R1txsRd_lMopWX8yo,2021-01-12,,,,,11,
AO,Angola,Huambo Province,,,AO-HUA,,ChIJ29_227R1txsRd_lMopWX8yo,2021-01-13,,,,,0,
AO,Angola,Huambo Province,,,AO-HUA,,ChIJ29_227R1txsRd_lMopWX8yo,2021-01-14,,,,,7,
AO,Angola,Huambo Province,,,AO-HUA,,ChIJ29_227R1txsRd_lMopWX8yo,2021-01-15,,,,,1,
AO,Angola,Huambo Province,,,AO-HUA,,ChIJ29_227R1txsRd_lMopWX8yo,2021-01-18,,,,,4,
AO,Angola,Huambo Province,,,AO-HUA,,ChIJ29_227R1txsRd_lMopWX8yo,2021-01-19,,,,,-6,
AO,Angola,Huambo Province,,,AO-HUA,,ChIJ29_227R1txsRd_lMopWX8yo,2021-01-20,,,,,-8,
AO,Angola,Huambo Province,,,AO-HUA,,ChIJ29_227R1txsRd_lMopWX8yo,2021-01-21,,,,,5,
AO,Angola,Huambo Province,,,AO-HUA,,ChIJ29_227R1txsRd_lMopWX8yo,2021-01-22,,,,,-3,
AO,Angola,Huambo Province,,,AO-HUA,,ChIJ29_227R1txsRd_lMopWX8yo,2021-01-25,,,,,4,
AO,Angola,Huambo Province,,,AO-HUA,,ChIJ29_227R1txsRd_lMopWX8yo,2021-01-26,,,,,-1,
AO,Angola,Huambo Province,,,AO-HUA,,ChIJ29_227R1txsRd_lMopWX8yo,2021-01-27,,,,,0,
AO,Angola,Huambo Province,,,AO-HUA,,ChIJ29_227R1txsRd_lMopWX8yo,2021-01-28,,,,,6,
AO,Angola,Huambo Province,,,AO-HUA,,ChIJ29_227R1txsRd_lMopWX8yo,2021-01-29,,,,,4,
AO,Angola,Huambo Province,,,AO-HUA,,ChIJ29_227R1txsRd_lMopWX8yo,2021-02-01,,,,,9,
AO,Angola,Huambo Province,,,AO-HUA,,ChIJ29_227R1txsRd_lMopWX8yo,2021-02-02,,,,,0,
AO,Angola,Huambo Province,,,AO-HUA,,ChIJ29_227R1txsRd_lMopWX8yo,2021-02-03,,,,,-3,
AO,Angola,Huambo Province,,,AO-HUA,,ChIJ29_227R1txsRd_lMopWX8yo,2021-02-04,,,,,-65,
AO,Angola,Huambo Province,,,AO-HUA,,ChIJ29_227R1txsRd_lMopWX8yo,2021-02-05,,,,,-59,
AO,Angola,Huambo Province,,,AO-HUA,,ChIJ29_227R1txsRd_lMopWX8yo,2021-02-08,,,,,-3,
AO,Angola,Huambo Province,,,AO-HUA,,ChIJ29_227R1txsRd_lMopWX8yo,2021-02-09,,,,,-4,
AO,Angola,Huambo Province,,,AO-HUA,,ChIJ29_227R1txsRd_lMopWX8yo,2021-02-10,,,,,-7,
AO,Angola,Huambo Province,,,AO-HUA,,ChIJ29_227R1txsRd_lMopWX8yo,2021-02-11,,,,,-11,
AO,Angola,Huambo Province,,,AO-HUA,,ChIJ29_227R1txsRd_lMopWX8yo,2021-02-12,,,,,-10,
AO,Angola,Huambo Province,,,AO-HUA,,ChIJ29_227R1txsRd_lMopWX8yo,2021-02-15,,,,,-56,
AO,Angola,Huambo Province,,,AO-HUA,,ChIJ29_227R1txsRd_lMopWX8yo,2021-02-16,,,,,-66,
AO,Angola,Huambo Province,,,AO-HUA,,ChIJ29_227R1txsRd_lMopWX8yo,2021-02-17,,,,,-11,
AO,Angola,Huambo Province,,,AO-HUA,,ChIJ29_227R1txsRd_lMopWX8yo,2021-02-18,,,,,-6,
AO,Angola,Huambo Province,,,AO-HUA,,ChIJ29_227R1txsRd_lMopWX8yo,2021-02-19,,,,,-11,
AO,Angola,Huambo Province,,,AO-HUA,,ChIJ29_227R1txsRd_lMopWX8yo,2021-02-22,,,,,-11,
AO,Angola,Huambo Province,,,AO-HUA,,ChIJ29_227R1txsRd_lMopWX8yo,2021-02-23,,,,,-17,
AO,Angola,Huambo Province,,,AO-HUA,,ChIJ29_227R1txsRd_lMopWX8yo,2021-02-24,,,,,-10,
AO,Angola,Huambo Province,,,AO-HUA,,ChIJ29_227R1txsRd_lMopWX8yo,2021-02-25,,,,,-9,
AO,Angola,Huambo Province,,,AO-HUA,,ChIJ29_227R1txsRd_lMopWX8yo,2021-02-26,,,,,-10,
AO,Angola,Huambo Province,,,AO-HUA,,ChIJ29_227R1txsRd_lMopWX8yo,2021-03-01,,,,,-8,
AO,Angola,Huambo Province,,,AO-HUA,,ChIJ29_227R1txsRd_lMopWX8yo,2021-03-02,,,,,-14,
AO,Angola,Huambo Province,,,AO-HUA,,ChIJ29_227R1txsRd_lMopWX8yo,2021-03-03,,,,,-11,
AO,Angola,Huambo Province,,,AO-HUA,,ChIJ29_227R1txsRd_lMopWX8yo,2021-03-04,,,,,-10,
AO,Angola,Huambo Province,,,AO-HUA,,ChIJ29_227R1txsRd_lMopWX8yo,2021-03-05,,,,,-19,
AO,Angola,Huambo Province,,,AO-HUA,,ChIJ29_227R1txsRd_lMopWX8yo,2021-03-08,,,,,-65,
AO,Angola,Huambo Province,,,AO-HUA,,ChIJ29_227R1txsRd_lMopWX8yo,2021-03-09,,,,,-13,
AO,Angola,Huambo Province,,,AO-HUA,,ChIJ29_227R1txsRd_lMopWX8yo,2021-03-10,,,,,-13,
AO,Angola,Huambo Province,,,AO-HUA,,ChIJ29_227R1txsRd_lMopWX8yo,2021-03-11,,,,,-7,
AO,Angola,Huambo Province,,,AO-HUA,,ChIJ29_227R1txsRd_lMopWX8yo,2021-03-12,,,,,-10,
AO,Angola,Huambo Province,,,AO-HUA,,ChIJ29_227R1txsRd_lMopWX8yo,2021-03-15,,,,,-5,
AO,Angola,Huambo Province,,,AO-HUA,,ChIJ29_227R1txsRd_lMopWX8yo,2021-03-16,,,,,-6,
AO,Angola,Huambo Province,,,AO-HUA,,ChIJ29_227R1txsRd_lMopWX8yo,2021-03-17,,,,,-3,
AO,Angola,Huambo Province,,,AO-HUA,,ChIJ29_227R1txsRd_lMopWX8yo,2021-03-18,,,,,-8,
AO,Angola,Huambo Province,,,AO-HUA,,ChIJ29_227R1txsRd_lMopWX8yo,2021-03-19,,,,,-10,
AO,Angola,Huambo Province,,,AO-HUA,,ChIJ29_227R1txsRd_lMopWX8yo,2021-03-22,,,,,-62,
AO,Angola,Huambo Province,,,AO-HUA,,ChIJ29_227R1txsRd_lMopWX8yo,2021-03-23,,,,,-69,
AO,Angola,Huambo Province,,,AO-HUA,,ChIJ29_227R1txsRd_lMopWX8yo,2021-03-24,,,,,-14,
AO,Angola,Huambo Province,,,AO-HUA,,ChIJ29_227R1txsRd_lMopWX8yo,2021-03-25,,,,,-1,
AO,Angola,Huambo Province,,,AO-HUA,,ChIJ29_227R1txsRd_lMopWX8yo,2021-03-26,,,,,-12,
AO,Angola,Huambo Province,,,AO-HUA,,ChIJ29_227R1txsRd_lMopWX8yo,2021-03-29,,,,,-3,
AO,Angola,Huambo Province,,,AO-HUA,,ChIJ29_227R1txsRd_lMopWX8yo,2021-03-30,,,,,-14,
AO,Angola,Huambo Province,,,AO-HUA,,ChIJ29_227R1txsRd_lMopWX8yo,2021-03-31,,,,,-9,
AO,Angola,Huambo Province,,,AO-HUA,,ChIJ29_227R1txsRd_lMopWX8yo,2021-04-01,,,,,-5,
AO,Angola,Huambo Province,,,AO-HUA,,ChIJ29_227R1txsRd_lMopWX8yo,2021-04-02,,,,,-59,
AO,Angola,Huila Province,,,AO-HUI,,ChIJ8e-6cINLoxsRDBPEVCG2svQ,2021-01-01,,,,,-75,
AO,Angola,Huila Province,,,AO-HUI,,ChIJ8e-6cINLoxsRDBPEVCG2svQ,2021-01-04,,,,,-7,
AO,Angola,Huila Province,,,AO-HUI,,ChIJ8e-6cINLoxsRDBPEVCG2svQ,2021-01-05,,,,,2,
AO,Angola,Huila Province,,,AO-HUI,,ChIJ8e-6cINLoxsRDBPEVCG2svQ,2021-01-06,,,,,-2,
AO,Angola,Huila Province,,,AO-HUI,,ChIJ8e-6cINLoxsRDBPEVCG2svQ,2021-01-07,,,,,3,
AO,Angola,Huila Province,,,AO-HUI,,ChIJ8e-6cINLoxsRDBPEVCG2svQ,2021-01-08,,,,,7,
AO,Angola,Huila Province,,,AO-HUI,,ChIJ8e-6cINLoxsRDBPEVCG2svQ,2021-01-11,,,,,2,
AO,Angola,Huila Province,,,AO-HUI,,ChIJ8e-6cINLoxsRDBPEVCG2svQ,2021-01-12,,,,,11,
AO,Angola,Huila Province,,,AO-HUI,,ChIJ8e-6cINLoxsRDBPEVCG2svQ,2021-01-13,,,,,-7,
AO,Angola,Huila Province,,,AO-HUI,,ChIJ8e-6cINLoxsRDBPEVCG2svQ,2021-01-14,,,,,-1,
AO,Angola,Huila Province,,,AO-HUI,,ChIJ8e-6cINLoxsRDBPEVCG2svQ,2021-01-15,,,,,-9,
AO,Angola,Huila Province,,,AO-HUI,,ChIJ8e-6cINLoxsRDBPEVCG2svQ,2021-01-18,,,,,-8,
AO,Angola,Huila Province,,,AO-HUI,,ChIJ8e-6cINLoxsRDBPEVCG2svQ,2021-01-19,,,,,-8,
AO,Angola,Huila Province,,,AO-HUI,,ChIJ8e-6cINLoxsRDBPEVCG2svQ,2021-01-20,,,,,-10,
AO,Angola,Huila Province,,,AO-HUI,,ChIJ8e-6cINLoxsRDBPEVCG2svQ,2021-01-21,,,,,-8,
AO,Angola,Huila Province,,,AO-HUI,,ChIJ8e-6cINLoxsRDBPEVCG2svQ,2021-01-22,,,,,-5,
AO,Angola,Huila Province,,,AO-HUI,,ChIJ8e-6cINLoxsRDBPEVCG2svQ,2021-01-25,,,,,-7,
AO,Angola,Huila Province,,,AO-HUI,,ChIJ8e-6cINLoxsRDBPEVCG2svQ,2021-01-26,,,,,0,
AO,Angola,Huila Province,,,AO-HUI,,ChIJ8e-6cINLoxsRDBPEVCG2svQ,2021-01-27,,,,,-7,
AO,Angola,Huila Province,,,AO-HUI,,ChIJ8e-6cINLoxsRDBPEVCG2svQ,2021-01-28,,,,,-2,
AO,Angola,Huila Province,,,AO-HUI,,ChIJ8e-6cINLoxsRDBPEVCG2svQ,2021-01-29,,,,,-3,
AO,Angola,Huila Province,,,AO-HUI,,ChIJ8e-6cINLoxsRDBPEVCG2svQ,2021-02-01,,,,,-4,
AO,Angola,Huila Province,,,AO-HUI,,ChIJ8e-6cINLoxsRDBPEVCG2svQ,2021-02-02,,,,,-7,
AO,Angola,Huila Province,,,AO-HUI,,ChIJ8e-6cINLoxsRDBPEVCG2svQ,2021-02-03,,,,,-15,
AO,Angola,Huila Province,,,AO-HUI,,ChIJ8e-6cINLoxsRDBPEVCG2svQ,2021-02-04,,,,,-69,
AO,Angola,Huila Province,,,AO-HUI,,ChIJ8e-6cINLoxsRDBPEVCG2svQ,2021-02-05,,,,,-65,
AO,Angola,Huila Province,,,AO-HUI,,ChIJ8e-6cINLoxsRDBPEVCG2svQ,2021-02-08,,,,,-16,
AO,Angola,Huila Province,,,AO-HUI,,ChIJ8e-6cINLoxsRDBPEVCG2svQ,2021-02-09,,,,,-8,
AO,Angola,Huila Province,,,AO-HUI,,ChIJ8e-6cINLoxsRDBPEVCG2svQ,2021-02-10,,,,,-15,
AO,Angola,Huila Province,,,AO-HUI,,ChIJ8e-6cINLoxsRDBPEVCG2svQ,2021-02-11,,,,,-12,
AO,Angola,Huila Province,,,AO-HUI,,ChIJ8e-6cINLoxsRDBPEVCG2svQ,2021-02-12,,,,,-8,
AO,Angola,Huila Province,,,AO-HUI,,ChIJ8e-6cINLoxsRDBPEVCG2svQ,2021-02-15,,,,,-64,
AO,Angola,Huila Province,,,AO-HUI,,ChIJ8e-6cINLoxsRDBPEVCG2svQ,2021-02-16,,,,,-73,
AO,Angola,Huila Province,,,AO-HUI,,ChIJ8e-6cINLoxsRDBPEVCG2svQ,2021-02-17,,,,,-14,
AO,Angola,Huila Province,,,AO-HUI,,ChIJ8e-6cINLoxsRDBPEVCG2svQ,2021-02-18,,,,,-15,
AO,Angola,Huila Province,,,AO-HUI,,ChIJ8e-6cINLoxsRDBPEVCG2svQ,2021-02-19,,,,,-12,
AO,Angola,Huila Province,,,AO-HUI,,ChIJ8e-6cINLoxsRDBPEVCG2svQ,2021-02-22,,,,,-12,
AO,Angola,Huila Province,,,AO-HUI,,ChIJ8e-6cINLoxsRDBPEVCG2svQ,2021-02-23,,,,,-8,
AO,Angola,Huila Province,,,AO-HUI,,ChIJ8e-6cINLoxsRDBPEVCG2svQ,2021-02-24,,,,,-19,
AO,Angola,Huila Province,,,AO-HUI,,ChIJ8e-6cINLoxsRDBPEVCG2svQ,2021-02-25,,,,,-11,
AO,Angola,Huila Province,,,AO-HUI,,ChIJ8e-6cINLoxsRDBPEVCG2svQ,2021-02-26,,,,,-12,
AO,Angola,Huila Province,,,AO-HUI,,ChIJ8e-6cINLoxsRDBPEVCG2svQ,2021-03-01,,,,,-12,
AO,Angola,Huila Province,,,AO-HUI,,ChIJ8e-6cINLoxsRDBPEVCG2svQ,2021-03-02,,,,,-15,
AO,Angola,Huila Province,,,AO-HUI,,ChIJ8e-6cINLoxsRDBPEVCG2svQ,2021-03-03,,,,,-14,
AO,Angola,Huila Province,,,AO-HUI,,ChIJ8e-6cINLoxsRDBPEVCG2svQ,2021-03-04,,,,,-12,
AO,Angola,Huila Province,,,AO-HUI,,ChIJ8e-6cINLoxsRDBPEVCG2svQ,2021-03-05,,,,,-14,
AO,Angola,Huila Province,,,AO-HUI,,ChIJ8e-6cINLoxsRDBPEVCG2svQ,2021-03-08,,,,,-68,
AO,Angola,Huila Province,,,AO-HUI,,ChIJ8e-6cINLoxsRDBPEVCG2svQ,2021-03-09,,,,,-9,
AO,Angola,Huila Province,,,AO-HUI,,ChIJ8e-6cINLoxsRDBPEVCG2svQ,2021-03-10,,,,,-13,
AO,Angola,Huila Province,,,AO-HUI,,ChIJ8e-6cINLoxsRDBPEVCG2svQ,2021-03-11,,,,,-13,
AO,Angola,Huila Province,,,AO-HUI,,ChIJ8e-6cINLoxsRDBPEVCG2svQ,2021-03-12,,,,,-12,
AO,Angola,Huila Province,,,AO-HUI,,ChIJ8e-6cINLoxsRDBPEVCG2svQ,2021-03-15,,,,,-12,
AO,Angola,Huila Province,,,AO-HUI,,ChIJ8e-6cINLoxsRDBPEVCG2svQ,2021-03-16,,,,,-9,
AO,Angola,Huila Province,,,AO-HUI,,ChIJ8e-6cINLoxsRDBPEVCG2svQ,2021-03-17,,,,,-13,
AO,Angola,Huila Province,,,AO-HUI,,ChIJ8e-6cINLoxsRDBPEVCG2svQ,2021-03-18,,,,,-8,
AO,Angola,Huila Province,,,AO-HUI,,ChIJ8e-6cINLoxsRDBPEVCG2svQ,2021-03-19,,,,,-12,
AO,Angola,Huila Province,,,AO-HUI,,ChIJ8e-6cINLoxsRDBPEVCG2svQ,2021-03-22,,,,,-65,
AO,Angola,Huila Province,,,AO-HUI,,ChIJ8e-6cINLoxsRDBPEVCG2svQ,2021-03-23,,,,,-70,
AO,Angola,Huila Province,,,AO-HUI,,ChIJ8e-6cINLoxsRDBPEVCG2svQ,2021-03-24,,,,,-14,
AO,Angola,Huila Province,,,AO-HUI,,ChIJ8e-6cINLoxsRDBPEVCG2svQ,2021-03-25,,,,,-14,
AO,Angola,Huila Province,,,AO-HUI,,ChIJ8e-6cINLoxsRDBPEVCG2svQ,2021-03-26,,,,,-3,
AO,Angola,Huila Province,,,AO-HUI,,ChIJ8e-6cINLoxsRDBPEVCG2svQ,2021-03-29,,,,,-8,
AO,Angola,Huila Province,,,AO-HUI,,ChIJ8e-6cINLoxsRDBPEVCG2svQ,2021-03-30,,,,,-8,
AO,Angola,Huila Province,,,AO-HUI,,ChIJ8e-6cINLoxsRDBPEVCG2svQ,2021-03-31,,,,,-12,
AO,Angola,Huila Province,,,AO-HUI,,ChIJ8e-6cINLoxsRDBPEVCG2svQ,2021-04-01,,,,,-3,
AO,Angola,Huila Province,,,AO-HUI,,ChIJ8e-6cINLoxsRDBPEVCG2svQ,2021-04-02,,,,,-63,
AO,Angola,Luanda Province,,,AO-LUA,,ChIJJ4utyk7yURoRh72IMlZ_E38,2021-01-01,-64,-66,-37,-63,-80,25
AO,Angola,Luanda Province,,,AO-LUA,,ChIJJ4utyk7yURoRh72IMlZ_E38,2021-01-02,-33,-19,13,-23,-24,8
AO,Angola,Luanda Province,,,AO-LUA,,ChIJJ4utyk7yURoRh72IMlZ_E38,2021-01-03,-28,-14,0,-23,-7,6
AO,Angola,Luanda Province,,,AO-LUA,,ChIJJ4utyk7yURoRh72IMlZ_E38,2021-01-04,-13,2,32,-11,-19,10
AO,Angola,Luanda Province,,,AO-LUA,,ChIJJ4utyk7yURoRh72IMlZ_E38,2021-01-05,-11,6,30,-7,-19,9
AO,Angola,Luanda Province,,,AO-LUA,,ChIJJ4utyk7yURoRh72IMlZ_E38,2021-01-06,-9,4,27,-19,-17,9
AO,Angola,Luanda Province,,,AO-LUA,,ChIJJ4utyk7yURoRh72IMlZ_E38,2021-01-07,-11,7,39,-4,-16,8
AO,Angola,Luanda Province,,,AO-LUA,,ChIJJ4utyk7yURoRh72IMlZ_E38,2021-01-08,-13,3,26,-20,-13,9
AO,Angola,Luanda Province,,,AO-LUA,,ChIJJ4utyk7yURoRh72IMlZ_E38,2021-01-09,-12,-4,24,-8,-1,3
AO,Angola,Luanda Province,,,AO-LUA,,ChIJJ4utyk7yURoRh72IMlZ_E38,2021-01-10,-19,-8,4,-18,-4,5
AO,Angola,Luanda Province,,,AO-LUA,,ChIJJ4utyk7yURoRh72IMlZ_E38,2021-01-11,-7,1,37,-8,-12,6
AO,Angola,Luanda Province,,,AO-LUA,,ChIJJ4utyk7yURoRh72IMlZ_E38,2021-01-12,-8,2,29,-10,-15,5
AO,Angola,Luanda Province,,,AO-LUA,,ChIJJ4utyk7yURoRh72IMlZ_E38,2021-01-13,-11,-3,24,-24,-17,4
AO,Angola,Luanda Province,,,AO-LUA,,ChIJJ4utyk7yURoRh72IMlZ_E38,2021-01-14,-16,-7,24,-16,-21,4
AO,Angola,Luanda Province,,,AO-LUA,,ChIJJ4utyk7yURoRh72IMlZ_E38,2021-01-15,-21,-12,11,-28,-23,6
AO,Angola,Luanda Province,,,AO-LUA,,ChIJJ4utyk7yURoRh72IMlZ_E38,2021-01-16,-22,-18,12,-23,-17,2
AO,Angola,Luanda Province,,,AO-LUA,,ChIJJ4utyk7yURoRh72IMlZ_E38,2021-01-17,-28,-24,-6,-38,-21,5
AO,Angola,Luanda Province,,,AO-LUA,,ChIJJ4utyk7yURoRh72IMlZ_E38,2021-01-18,-19,-15,17,-22,-23,6
AO,Angola,Luanda Province,,,AO-LUA,,ChIJJ4utyk7yURoRh72IMlZ_E38,2021-01-19,-19,-12,11,-21,-25,5
AO,Angola,Luanda Province,,,AO-LUA,,ChIJJ4utyk7yURoRh72IMlZ_E38,2021-01-20,-17,-14,6,-25,-24,6
AO,Angola,Luanda Province,,,AO-LUA,,ChIJJ4utyk7yURoRh72IMlZ_E38,2021-01-21,-17,-10,23,-15,-22,5
AO,Angola,Luanda Province,,,AO-LUA,,ChIJJ4utyk7yURoRh72IMlZ_E38,2021-01-22,-19,-11,14,-24,-20,6
AO,Angola,Luanda Province,,,AO-LUA,,ChIJJ4utyk7yURoRh72IMlZ_E38,2021-01-23,-16,-9,17,-15,-14,1
AO,Angola,Luanda Province,,,AO-LUA,,ChIJJ4utyk7yURoRh72IMlZ_E38,2021-01-24,-24,-16,-1,-34,-19,4
AO,Angola,Luanda Province,,,AO-LUA,,ChIJJ4utyk7yURoRh72IMlZ_E38,2021-01-25,-14,-8,19,-22,-20,6
AO,Angola,Luanda Province,,,AO-LUA,,ChIJJ4utyk7yURoRh72IMlZ_E38,2021-01-26,-13,-5,15,-20,-22,3
AO,Angola,Luanda Province,,,AO-LUA,,ChIJJ4utyk7yURoRh72IMlZ_E38,2021-01-27,-10,-2,16,-27,-20,5
AO,Angola,Luanda Province,,,AO-LUA,,ChIJJ4utyk7yURoRh72IMlZ_E38,2021-01-28,-10,2,34,-19,-18,3
AO,Angola,Luanda Province,,,AO-LUA,,ChIJJ4utyk7yURoRh72IMlZ_E38,2021-01-29,-10,3,28,-23,-17,2
AO,Angola,Luanda Province,,,AO-LUA,,ChIJJ4utyk7yURoRh72IMlZ_E38,2021-01-30,-10,1,29,-21,-14,-5
AO,Angola,Luanda Province,,,AO-LUA,,ChIJJ4utyk7yURoRh72IMlZ_E38,2021-01-31,-17,-5,3,-27,-19,1
AO,Angola,Luanda Province,,,AO-LUA,,ChIJJ4utyk7yURoRh72IMlZ_E38,2021-02-01,-9,2,37,-17,-17,0
AO,Angola,Luanda Province,,,AO-LUA,,ChIJJ4utyk7yURoRh72IMlZ_E38,2021-02-02,-6,8,45,-15,-19,-1
AO,Angola,Luanda Province,,,AO-LUA,,ChIJJ4utyk7yURoRh72IMlZ_E38,2021-02-03,-4,5,37,-23,-21,-2
AO,Angola,Luanda Province,,,AO-LUA,,ChIJJ4utyk7yURoRh72IMlZ_E38,2021-02-04,-23,-13,20,-39,-75,10
AO,Angola,Luanda Province,,,AO-LUA,,ChIJJ4utyk7yURoRh72IMlZ_E38,2021-02-05,-26,-10,-3,-47,-68,12
AO,Angola,Luanda Province,,,AO-LUA,,ChIJJ4utyk7yURoRh72IMlZ_E38,2021-02-06,-20,-14,20,-26,-22,0
AO,Angola,Luanda Province,,,AO-LUA,,ChIJJ4utyk7yURoRh72IMlZ_E38,2021-02-07,-27,-19,-5,-34,-23,1
AO,Angola,Luanda Province,,,AO-LUA,,ChIJJ4utyk7yURoRh72IMlZ_E38,2021-02-08,-12,-5,30,-21,-18,2
AO,Angola,Luanda Province,,,AO-LUA,,ChIJJ4utyk7yURoRh72IMlZ_E38,2021-02-09,-8,4,40,-18,-20,0
AO,Angola,Luanda Province,,,AO-LUA,,ChIJJ4utyk7yURoRh72IMlZ_E38,2021-02-10,-6,2,25,-24,-19,0
AO,Angola,Luanda Province,,,AO-LUA,,ChIJJ4utyk7yURoRh72IMlZ_E38,2021-02-11,-7,3,43,-17,-18,-1
AO,Angola,Luanda Province,,,AO-LUA,,ChIJJ4utyk7yURoRh72IMlZ_E38,2021-02-12,-9,2,34,-25,-17,-1
AO,Angola,Luanda Province,,,AO-LUA,,ChIJJ4utyk7yURoRh72IMlZ_E38,2021-02-13,-9,0,34,-23,-16,-8
AO,Angola,Luanda Province,,,AO-LUA,,ChIJJ4utyk7yURoRh72IMlZ_E38,2021-02-14,-9,-3,10,-33,-22,-3
AO,Angola,Luanda Province,,,AO-LUA,,ChIJJ4utyk7yURoRh72IMlZ_E38,2021-02-15,-16,-12,8,-42,-71,9
AO,Angola,Luanda Province,,,AO-LUA,,ChIJJ4utyk7yURoRh72IMlZ_E38,2021-02-16,-23,-17,0,-47,-76,11
AO,Angola,Luanda Province,,,AO-LUA,,ChIJJ4utyk7yURoRh72IMlZ_E38,2021-02-17,-6,0,22,-27,-18,-2
AO,Angola,Luanda Province,,,AO-LUA,,ChIJJ4utyk7yURoRh72IMlZ_E38,2021-02-18,-5,4,33,-20,-18,-2
AO,Angola,Luanda Province,,,AO-LUA,,ChIJJ4utyk7yURoRh72IMlZ_E38,2021-02-19,-8,3,21,-31,-15,0
AO,Angola,Luanda Province,,,AO-LUA,,ChIJJ4utyk7yURoRh72IMlZ_E38,2021-02-20,-6,-1,22,-24,-13,-3
AO,Angola,Luanda Province,,,AO-LUA,,ChIJJ4utyk7yURoRh72IMlZ_E38,2021-02-21,-19,-8,-2,-34,-22,0
AO,Angola,Luanda Province,,,AO-LUA,,ChIJJ4utyk7yURoRh72IMlZ_E38,2021-02-22,-7,-4,20,-24,-17,0
AO,Angola,Luanda Province,,,AO-LUA,,ChIJJ4utyk7yURoRh72IMlZ_E38,2021-02-23,-4,1,22,-23,-19,-1
AO,Angola,Luanda Province,,,AO-LUA,,ChIJJ4utyk7yURoRh72IMlZ_E38,2021-02-24,-2,2,19,-27,-18,-1
AO,Angola,Luanda Province,,,AO-LUA,,ChIJJ4utyk7yURoRh72IMlZ_E38,2021-02-25,-1,9,27,-18,-17,-1
AO,Angola,Luanda Province,,,AO-LUA,,ChIJJ4utyk7yURoRh72IMlZ_E38,2021-02-26,1,14,20,-22,-15,-1
AO,Angola,Luanda Province,,,AO-LUA,,ChIJJ4utyk7yURoRh72IMlZ_E38,2021-02-27,5,13,29,-9,-13,-6
AO,Angola,Luanda Province,,,AO-LUA,,ChIJJ4utyk7yURoRh72IMlZ_E38,2021-02-28,-4,6,13,-20,-19,-3
AO,Angola,Luanda Province,,,AO-LUA,,ChIJJ4utyk7yURoRh72IMlZ_E38,2021-03-01,4,13,23,-11,-16,-2
AO,Angola,Luanda Province,,,AO-LUA,,ChIJJ4utyk7yURoRh72IMlZ_E38,2021-03-02,8,20,27,-10,-18,-3
AO,Angola,Luanda Province,,,AO-LUA,,ChIJJ4utyk7yURoRh72IMlZ_E38,2021-03-03,6,17,16,-20,-18,-3
AO,Angola,Luanda Province,,,AO-LUA,,ChIJJ4utyk7yURoRh72IMlZ_E38,2021-03-04,5,17,30,-12,-17,-3
AO,Angola,Luanda Province,,,AO-LUA,,ChIJJ4utyk7yURoRh72IMlZ_E38,2021-03-05,4,18,25,-20,-15,-3
AO,Angola,Luanda Province,,,AO-LUA,,ChIJJ4utyk7yURoRh72IMlZ_E38,2021-03-06,0,12,18,-17,-16,-8
AO,Angola,Luanda Province,,,AO-LUA,,ChIJJ4utyk7yURoRh72IMlZ_E38,2021-03-07,-3,6,12,-25,-19,-5
AO,Angola,Luanda Province,,,AO-LUA,,ChIJJ4utyk7yURoRh72IMlZ_E38,2021-03-08,-6,-6,9,-28,-76,8
AO,Angola,Luanda Province,,,AO-LUA,,ChIJJ4utyk7yURoRh72IMlZ_E38,2021-03-09,1,12,21,-10,-16,-4
AO,Angola,Luanda Province,,,AO-LUA,,ChIJJ4utyk7yURoRh72IMlZ_E38,2021-03-10,5,14,21,-20,-16,-3
AO,Angola,Luanda Province,,,AO-LUA,,ChIJJ4utyk7yURoRh72IMlZ_E38,2021-03-11,5,17,31,-10,-14,-3
AO,Angola,Luanda Province,,,AO-LUA,,ChIJJ4utyk7yURoRh72IMlZ_E38,2021-03-12,1,14,22,-20,-13,-2
AO,Angola,Luanda Province,,,AO-LUA,,ChIJJ4utyk7yURoRh72IMlZ_E38,2021-03-13,2,10,32,-12,-13,-5
AO,Angola,Luanda Province,,,AO-LUA,,ChIJJ4utyk7yURoRh72IMlZ_E38,2021-03-14,-9,2,6,-25,-20,-1
AO,Angola,Luanda Province,,,AO-LUA,,ChIJJ4utyk7yURoRh72IMlZ_E38,2021-03-15,0,7,25,-10,-12,-2
AO,Angola,Luanda Province,,,AO-LUA,,ChIJJ4utyk7yURoRh72IMlZ_E38,2021-03-16,-17,-9,6,-25,-23,3
AO,Angola,Luanda Province,,,AO-LUA,,ChIJJ4utyk7yURoRh72IMlZ_E38,2021-03-17,4,12,22,-17,-15,-2
AO,Angola,Luanda Province,,,AO-LUA,,ChIJJ4utyk7yURoRh72IMlZ_E38,2021-03-18,4,13,35,-7,-12,-3
AO,Angola,Luanda Province,,,AO-LUA,,ChIJJ4utyk7yURoRh72IMlZ_E38,2021-03-19,2,14,30,-19,-10,-2
AO,Angola,Luanda Province,,,AO-LUA,,ChIJJ4utyk7yURoRh72IMlZ_E38,2021-03-20,2,10,29,-15,-11,-6
AO,Angola,Luanda Province,,,AO-LUA,,ChIJJ4utyk7yURoRh72IMlZ_E38,2021-03-21,-16,-3,-6,-32,-22,0
AO,Angola,Luanda Province,,,AO-LUA,,ChIJJ4utyk7yURoRh72IMlZ_E38,2021-03-22,-6,0,12,-34,-69,9
AO,Angola,Luanda Province,,,AO-LUA,,ChIJJ4utyk7yURoRh72IMlZ_E38,2021-03-23,-15,-11,3,-38,-75,10
AO,Angola,Luanda Province,,,AO-LUA,,ChIJJ4utyk7yURoRh72IMlZ_E38,2021-03-24,-1,4,16,-60,-13,-2
AO,Angola,Luanda Province,,,AO-LUA,,ChIJJ4utyk7yURoRh72IMlZ_E38,2021-03-25,5,15,32,-55,-12,-2
AO,Angola,Luanda Province,,,AO-LUA,,ChIJJ4utyk7yURoRh72IMlZ_E38,2021-03-26,2,16,17,-61,-14,0
AO,Angola,Luanda Province,,,AO-LUA,,ChIJJ4utyk7yURoRh72IMlZ_E38,2021-03-27,11,18,35,-46,-8,-6
AO,Angola,Luanda Province,,,AO-LUA,,ChIJJ4utyk7yURoRh72IMlZ_E38,2021-03-28,-1,10,16,-59,-14,-2
AO,Angola,Luanda Province,,,AO-LUA,,ChIJJ4utyk7yURoRh72IMlZ_E38,2021-03-29,10,18,47,-52,-10,-2
AO,Angola,Luanda Province,,,AO-LUA,,ChIJJ4utyk7yURoRh72IMlZ_E38,2021-03-30,11,23,41,-47,-13,-3
AO,Angola,Luanda Province,,,AO-LUA,,ChIJJ4utyk7yURoRh72IMlZ_E38,2021-03-31,13,25,25,-13,-15,-3
AO,Angola,Luanda Province,,,AO-LUA,,ChIJJ4utyk7yURoRh72IMlZ_E38,2021-04-01,21,33,57,5,-13,-6
AO,Angola,Luanda Province,,,AO-LUA,,ChIJJ4utyk7yURoRh72IMlZ_E38,2021-04-02,-8,13,10,-32,-70,8
AO,Angola,Luanda Province,,,AO-LUA,,ChIJJ4utyk7yURoRh72IMlZ_E38,2021-04-03,-5,4,9,-20,-21,-3
AO,Angola,Luanda Province,,,AO-LUA,,ChIJJ4utyk7yURoRh72IMlZ_E38,2021-04-04,-6,8,11,-22,-17,-5
