country_region_code,country_region,sub_region_1,sub_region_2,metro_area,iso_3166_2_code,census_fips_code,place_id,date,retail_and_recreation_percent_change_from_baseline,grocery_and_pharmacy_percent_change_from_baseline,parks_percent_change_from_baseline,transit_stations_percent_change_from_baseline,workplaces_percent_change_from_baseline,residential_percent_change_from_baseline
NP,Nepal,,,,,,ChIJz2gufcfolTkR3obM0LyaojQ,2021-01-01,-13,13,25,18,-8,6
NP,Nepal,,,,,,ChIJz2gufcfolTkR3obM0LyaojQ,2021-01-02,-24,6,13,11,4,6
NP,Nepal,,,,,,ChIJz2gufcfolTkR3obM0LyaojQ,2021-01-03,-17,10,14,19,0,7
NP,Nepal,,,,,,ChIJz2gufcfolTkR3obM0LyaojQ,2021-01-04,-20,7,6,12,-5,8
NP,Nepal,,,,,,ChIJz2gufcfolTkR3obM0LyaojQ,2021-01-05,-20,5,6,12,-6,7
NP,Nepal,,,,,,ChIJz2gufcfolTkR3obM0LyaojQ,2021-01-06,-15,15,4,15,-5,7
NP,Nepal,,,,,,ChIJz2gufcfolTkR3obM0LyaojQ,2021-01-07,-15,14,8,15,1,7
NP,Nepal,,,,,,ChIJz2gufcfolTkR3obM0LyaojQ,2021-01-08,-15,15,8,15,0,7
NP,Nepal,,,,,,ChIJz2gufcfolTkR3obM0LyaojQ,2021-01-09,-19,9,8,12,9,5
NP,Nepal,,,,,,ChIJz2gufcfolTkR3obM0LyaojQ,2021-01-10,-11,14,8,16,2,6
NP,Nepal,,,,,,ChIJz2gufcfolTkR3obM0LyaojQ,2021-01-11,-13,14,7,15,-3,6
NP,Nepal,,,,,,ChIJz2gufcfolTkR3obM0LyaojQ,2021-01-12,-15,11,1,12,-6,6
NP,Nepal,,,,,,ChIJz2gufcfolTkR3obM0LyaojQ,2021-01-13,-14,17,0,15,-8,2
NP,Nepal,,,,,,ChIJz2gufcfolTkR3obM0LyaojQ,2021-01-14,-25,0,6,-3,-41,6
NP,Nepal,,,,,,ChIJz2gufcfolTkR3obM0LyaojQ,2021-01-15,-23,-1,-4,-2,-19,3
NP,Nepal,,,,,,ChIJz2gufcfolTkR3obM0LyaojQ,2021-01-16,-27,-4,-7,-1,-9,3
NP,Nepal,,,,,,ChIJz2gufcfolTkR3obM0LyaojQ,2021-01-17,-16,6,-2,7,-9,4
NP,Nepal,,,,,,ChIJz2gufcfolTkR3obM0LyaojQ,2021-01-18,-17,7,-2,5,-12,5
NP,Nepal,,,,,,ChIJz2gufcfolTkR3obM0LyaojQ,2021-01-19,-18,3,-5,2,-12,5
NP,Nepal,,,,,,ChIJz2gufcfolTkR3obM0LyaojQ,2021-01-20,-18,6,-8,3,-12,5
NP,Nepal,,,,,,ChIJz2gufcfolTkR3obM0LyaojQ,2021-01-21,-18,6,-3,2,-6,5
NP,Nepal,,,,,,ChIJz2gufcfolTkR3obM0LyaojQ,2021-01-22,-17,9,3,7,-7,5
NP,Nepal,,,,,,ChIJz2gufcfolTkR3obM0LyaojQ,2021-01-23,-23,2,-1,0,-5,5
NP,Nepal,,,,,,ChIJz2gufcfolTkR3obM0LyaojQ,2021-01-24,-14,10,4,11,-4,4
NP,Nepal,,,,,,ChIJz2gufcfolTkR3obM0LyaojQ,2021-01-25,-15,11,3,8,-8,5
NP,Nepal,,,,,,ChIJz2gufcfolTkR3obM0LyaojQ,2021-01-26,-16,6,1,5,-9,5
NP,Nepal,,,,,,ChIJz2gufcfolTkR3obM0LyaojQ,2021-01-27,-16,9,-4,6,-9,5
NP,Nepal,,,,,,ChIJz2gufcfolTkR3obM0LyaojQ,2021-01-28,-15,11,3,9,-4,5
NP,Nepal,,,,,,ChIJz2gufcfolTkR3obM0LyaojQ,2021-01-29,-14,15,5,13,-5,4
NP,Nepal,,,,,,ChIJz2gufcfolTkR3obM0LyaojQ,2021-01-30,-19,10,8,9,-3,4
NP,Nepal,,,,,,ChIJz2gufcfolTkR3obM0LyaojQ,2021-01-31,-11,19,9,15,-2,4
NP,Nepal,,,,,,ChIJz2gufcfolTkR3obM0LyaojQ,2021-02-01,-13,19,7,14,-6,4
NP,Nepal,,,,,,ChIJz2gufcfolTkR3obM0LyaojQ,2021-02-02,-13,17,6,12,-7,3
NP,Nepal,,,,,,ChIJz2gufcfolTkR3obM0LyaojQ,2021-02-03,-14,14,-2,5,-7,2
NP,Nepal,,,,,,ChIJz2gufcfolTkR3obM0LyaojQ,2021-02-04,-34,-11,-11,-19,-26,11
NP,Nepal,,,,,,ChIJz2gufcfolTkR3obM0LyaojQ,2021-02-05,-17,12,0,5,-4,4
NP,Nepal,,,,,,ChIJz2gufcfolTkR3obM0LyaojQ,2021-02-06,-23,3,0,-1,-4,3
NP,Nepal,,,,,,ChIJz2gufcfolTkR3obM0LyaojQ,2021-02-07,-10,14,13,10,1,2
NP,Nepal,,,,,,ChIJz2gufcfolTkR3obM0LyaojQ,2021-02-08,-11,17,6,8,-5,2
NP,Nepal,,,,,,ChIJz2gufcfolTkR3obM0LyaojQ,2021-02-09,-9,20,8,11,-5,2
NP,Nepal,,,,,,ChIJz2gufcfolTkR3obM0LyaojQ,2021-02-10,-11,19,4,11,-5,3
NP,Nepal,,,,,,ChIJz2gufcfolTkR3obM0LyaojQ,2021-02-11,-9,21,8,12,1,2
NP,Nepal,,,,,,ChIJz2gufcfolTkR3obM0LyaojQ,2021-02-12,-12,20,11,8,-20,4
NP,Nepal,,,,,,ChIJz2gufcfolTkR3obM0LyaojQ,2021-02-13,-13,17,12,10,-2,1
NP,Nepal,,,,,,ChIJz2gufcfolTkR3obM0LyaojQ,2021-02-14,3,32,19,19,3,0
NP,Nepal,,,,,,ChIJz2gufcfolTkR3obM0LyaojQ,2021-02-15,-6,29,9,18,-5,0
NP,Nepal,,,,,,ChIJz2gufcfolTkR3obM0LyaojQ,2021-02-16,-2,30,19,22,-12,-1
NP,Nepal,,,,,,ChIJz2gufcfolTkR3obM0LyaojQ,2021-02-17,-6,27,4,18,-6,0
NP,Nepal,,,,,,ChIJz2gufcfolTkR3obM0LyaojQ,2021-02-18,-7,26,7,18,2,1
NP,Nepal,,,,,,ChIJz2gufcfolTkR3obM0LyaojQ,2021-02-19,-5,29,12,22,1,0
NP,Nepal,,,,,,ChIJz2gufcfolTkR3obM0LyaojQ,2021-02-20,-9,26,18,19,-1,1
NP,Nepal,,,,,,ChIJz2gufcfolTkR3obM0LyaojQ,2021-02-21,-2,32,17,21,3,0
NP,Nepal,,,,,,ChIJz2gufcfolTkR3obM0LyaojQ,2021-02-22,-4,30,13,19,-1,1
NP,Nepal,,,,,,ChIJz2gufcfolTkR3obM0LyaojQ,2021-02-23,-4,28,11,20,-2,1
NP,Nepal,,,,,,ChIJz2gufcfolTkR3obM0LyaojQ,2021-02-24,-2,32,9,22,-1,0
NP,Nepal,,,,,,ChIJz2gufcfolTkR3obM0LyaojQ,2021-02-25,-4,29,13,21,4,1
NP,Nepal,,,,,,ChIJz2gufcfolTkR3obM0LyaojQ,2021-02-26,-4,31,13,22,3,1
NP,Nepal,,,,,,ChIJz2gufcfolTkR3obM0LyaojQ,2021-02-27,-6,27,20,20,0,0
NP,Nepal,,,,,,ChIJz2gufcfolTkR3obM0LyaojQ,2021-02-28,-1,34,20,23,5,0
NP,Nepal,,,,,,ChIJz2gufcfolTkR3obM0LyaojQ,2021-03-01,-1,32,15,23,1,0
NP,Nepal,,,,,,ChIJz2gufcfolTkR3obM0LyaojQ,2021-03-02,-1,31,14,24,0,0
NP,Nepal,,,,,,ChIJz2gufcfolTkR3obM0LyaojQ,2021-03-03,0,35,10,25,0,0
NP,Nepal,,,,,,ChIJz2gufcfolTkR3obM0LyaojQ,2021-03-04,-1,32,14,24,5,1
NP,Nepal,,,,,,ChIJz2gufcfolTkR3obM0LyaojQ,2021-03-05,-2,35,16,26,5,0
NP,Nepal,,,,,,ChIJz2gufcfolTkR3obM0LyaojQ,2021-03-06,-4,30,22,23,1,0
NP,Nepal,,,,,,ChIJz2gufcfolTkR3obM0LyaojQ,2021-03-07,-1,33,18,23,6,0
NP,Nepal,,,,,,ChIJz2gufcfolTkR3obM0LyaojQ,2021-03-08,3,37,24,22,-20,3
NP,Nepal,,,,,,ChIJz2gufcfolTkR3obM0LyaojQ,2021-03-09,1,34,17,26,1,0
NP,Nepal,,,,,,ChIJz2gufcfolTkR3obM0LyaojQ,2021-03-10,1,40,12,30,0,-2
NP,Nepal,,,,,,ChIJz2gufcfolTkR3obM0LyaojQ,2021-03-11,-4,34,39,22,-38,4
NP,Nepal,,,,,,ChIJz2gufcfolTkR3obM0LyaojQ,2021-03-12,-3,36,18,27,1,0
NP,Nepal,,,,,,ChIJz2gufcfolTkR3obM0LyaojQ,2021-03-13,-8,26,18,20,0,1
NP,Nepal,,,,,,ChIJz2gufcfolTkR3obM0LyaojQ,2021-03-14,2,39,23,29,8,0
NP,Nepal,,,,,,ChIJz2gufcfolTkR3obM0LyaojQ,2021-03-15,0,38,17,27,5,1
NP,Nepal,,,,,,ChIJz2gufcfolTkR3obM0LyaojQ,2021-03-16,0,36,16,26,4,1
NP,Nepal,,,,,,ChIJz2gufcfolTkR3obM0LyaojQ,2021-03-17,1,39,13,29,4,0
NP,Nepal,,,,,,ChIJz2gufcfolTkR3obM0LyaojQ,2021-03-18,0,40,17,29,10,1
NP,Nepal,,,,,,ChIJz2gufcfolTkR3obM0LyaojQ,2021-03-19,3,45,22,33,10,0
NP,Nepal,,,,,,ChIJz2gufcfolTkR3obM0LyaojQ,2021-03-20,-2,38,25,28,4,1
NP,Nepal,,,,,,ChIJz2gufcfolTkR3obM0LyaojQ,2021-03-21,4,44,25,32,12,0
NP,Nepal,,,,,,ChIJz2gufcfolTkR3obM0LyaojQ,2021-03-22,4,45,22,32,7,1
NP,Nepal,,,,,,ChIJz2gufcfolTkR3obM0LyaojQ,2021-03-23,3,42,19,31,5,0
NP,Nepal,,,,,,ChIJz2gufcfolTkR3obM0LyaojQ,2021-03-24,5,46,15,32,6,0
NP,Nepal,,,,,,ChIJz2gufcfolTkR3obM0LyaojQ,2021-03-25,4,48,21,33,12,0
NP,Nepal,,,,,,ChIJz2gufcfolTkR3obM0LyaojQ,2021-03-26,6,51,26,41,9,-1
NP,Nepal,,,,,,ChIJz2gufcfolTkR3obM0LyaojQ,2021-03-27,0,43,26,32,4,0
NP,Nepal,,,,,,ChIJz2gufcfolTkR3obM0LyaojQ,2021-03-28,-13,22,32,13,-44,7
NP,Nepal,,,,,,ChIJz2gufcfolTkR3obM0LyaojQ,2021-03-29,-6,31,22,13,-22,3
NP,Nepal,,,,,,ChIJz2gufcfolTkR3obM0LyaojQ,2021-03-30,0,39,16,23,-9,2
NP,Nepal,,,,,,ChIJz2gufcfolTkR3obM0LyaojQ,2021-03-31,2,45,12,27,-6,1
NP,Nepal,,,,,,ChIJz2gufcfolTkR3obM0LyaojQ,2021-04-01,1,44,18,26,2,2
NP,Nepal,,,,,,ChIJz2gufcfolTkR3obM0LyaojQ,2021-04-02,4,47,23,29,1,2
NP,Nepal,,,,,,ChIJz2gufcfolTkR3obM0LyaojQ,2021-04-03,-3,39,24,25,6,1
NP,Nepal,,,,,,ChIJz2gufcfolTkR3obM0LyaojQ,2021-04-04,5,47,24,32,14,1
