country_region_code,country_region,sub_region_1,sub_region_2,metro_area,iso_3166_2_code,census_fips_code,place_id,date,retail_and_recreation_percent_change_from_baseline,grocery_and_pharmacy_percent_change_from_baseline,parks_percent_change_from_baseline,transit_stations_percent_change_from_baseline,workplaces_percent_change_from_baseline,residential_percent_change_from_baseline
ZM,Zambia,,,,,,ChIJcQv8_KX0QBkRRT5Yfqz5n_E,2021-01-01,-10,-2,38,-23,-64,21
ZM,Zambia,,,,,,ChIJcQv8_KX0QBkRRT5Yfqz5n_E,2021-01-02,-7,3,26,-12,-18,15
ZM,Zambia,,,,,,ChIJcQv8_KX0QBkRRT5Yfqz5n_E,2021-01-03,3,15,30,-4,-14,9
ZM,Zambia,,,,,,ChIJcQv8_KX0QBkRRT5Yfqz5n_E,2021-01-04,14,24,20,5,-14,10
ZM,Zambia,,,,,,ChIJcQv8_KX0QBkRRT5Yfqz5n_E,2021-01-05,7,17,22,1,-14,10
ZM,Zambia,,,,,,ChIJcQv8_KX0QBkRRT5Yfqz5n_E,2021-01-06,6,20,21,3,-14,12
ZM,Zambia,,,,,,ChIJcQv8_KX0QBkRRT5Yfqz5n_E,2021-01-07,4,19,20,3,-16,13
ZM,Zambia,,,,,,ChIJcQv8_KX0QBkRRT5Yfqz5n_E,2021-01-08,-3,13,17,0,-12,13
ZM,Zambia,,,,,,ChIJcQv8_KX0QBkRRT5Yfqz5n_E,2021-01-09,-4,11,18,-4,-5,10
ZM,Zambia,,,,,,ChIJcQv8_KX0QBkRRT5Yfqz5n_E,2021-01-10,-2,10,20,-15,-13,11
ZM,Zambia,,,,,,ChIJcQv8_KX0QBkRRT5Yfqz5n_E,2021-01-11,4,14,22,-6,-14,12
ZM,Zambia,,,,,,ChIJcQv8_KX0QBkRRT5Yfqz5n_E,2021-01-12,0,10,20,-6,-17,11
ZM,Zambia,,,,,,ChIJcQv8_KX0QBkRRT5Yfqz5n_E,2021-01-13,-6,5,14,-12,-20,11
ZM,Zambia,,,,,,ChIJcQv8_KX0QBkRRT5Yfqz5n_E,2021-01-14,-11,-4,7,-17,-27,12
ZM,Zambia,,,,,,ChIJcQv8_KX0QBkRRT5Yfqz5n_E,2021-01-15,-18,-9,0,-21,-28,14
ZM,Zambia,,,,,,ChIJcQv8_KX0QBkRRT5Yfqz5n_E,2021-01-16,-21,-13,2,-26,-23,13
ZM,Zambia,,,,,,ChIJcQv8_KX0QBkRRT5Yfqz5n_E,2021-01-17,-21,-15,-3,-34,-28,14
ZM,Zambia,,,,,,ChIJcQv8_KX0QBkRRT5Yfqz5n_E,2021-01-18,-16,-12,2,-26,-29,16
ZM,Zambia,,,,,,ChIJcQv8_KX0QBkRRT5Yfqz5n_E,2021-01-19,-18,-12,2,-25,-30,16
ZM,Zambia,,,,,,ChIJcQv8_KX0QBkRRT5Yfqz5n_E,2021-01-20,-15,-7,4,-23,-29,17
ZM,Zambia,,,,,,ChIJcQv8_KX0QBkRRT5Yfqz5n_E,2021-01-21,-12,-4,3,-17,-29,15
ZM,Zambia,,,,,,ChIJcQv8_KX0QBkRRT5Yfqz5n_E,2021-01-22,-15,-4,3,-19,-26,16
ZM,Zambia,,,,,,ChIJcQv8_KX0QBkRRT5Yfqz5n_E,2021-01-23,-15,-5,0,-21,-19,13
ZM,Zambia,,,,,,ChIJcQv8_KX0QBkRRT5Yfqz5n_E,2021-01-24,-14,-6,4,-28,-24,13
ZM,Zambia,,,,,,ChIJcQv8_KX0QBkRRT5Yfqz5n_E,2021-01-25,-8,-1,6,-21,-25,16
ZM,Zambia,,,,,,ChIJcQv8_KX0QBkRRT5Yfqz5n_E,2021-01-26,-10,-3,11,-21,-26,15
ZM,Zambia,,,,,,ChIJcQv8_KX0QBkRRT5Yfqz5n_E,2021-01-27,-4,6,9,-13,-24,14
ZM,Zambia,,,,,,ChIJcQv8_KX0QBkRRT5Yfqz5n_E,2021-01-28,-5,4,5,-12,-25,14
ZM,Zambia,,,,,,ChIJcQv8_KX0QBkRRT5Yfqz5n_E,2021-01-29,-6,6,-1,-10,-22,12
ZM,Zambia,,,,,,ChIJcQv8_KX0QBkRRT5Yfqz5n_E,2021-01-30,0,12,-2,-8,-16,7
ZM,Zambia,,,,,,ChIJcQv8_KX0QBkRRT5Yfqz5n_E,2021-01-31,-1,11,-5,-17,-24,7
ZM,Zambia,,,,,,ChIJcQv8_KX0QBkRRT5Yfqz5n_E,2021-02-01,3,14,-7,-11,-22,7
ZM,Zambia,,,,,,ChIJcQv8_KX0QBkRRT5Yfqz5n_E,2021-02-02,-1,10,1,-11,-22,8
ZM,Zambia,,,,,,ChIJcQv8_KX0QBkRRT5Yfqz5n_E,2021-02-03,-3,10,3,-11,-21,9
ZM,Zambia,,,,,,ChIJcQv8_KX0QBkRRT5Yfqz5n_E,2021-02-04,-1,8,6,-11,-23,9
ZM,Zambia,,,,,,ChIJcQv8_KX0QBkRRT5Yfqz5n_E,2021-02-05,-7,6,4,-13,-20,10
ZM,Zambia,,,,,,ChIJcQv8_KX0QBkRRT5Yfqz5n_E,2021-02-06,-4,7,10,-13,-16,8
ZM,Zambia,,,,,,ChIJcQv8_KX0QBkRRT5Yfqz5n_E,2021-02-07,-7,4,10,-25,-24,10
ZM,Zambia,,,,,,ChIJcQv8_KX0QBkRRT5Yfqz5n_E,2021-02-08,-2,6,4,-14,-21,9
ZM,Zambia,,,,,,ChIJcQv8_KX0QBkRRT5Yfqz5n_E,2021-02-09,-3,6,8,-13,-20,10
ZM,Zambia,,,,,,ChIJcQv8_KX0QBkRRT5Yfqz5n_E,2021-02-10,-3,7,3,-13,-20,10
ZM,Zambia,,,,,,ChIJcQv8_KX0QBkRRT5Yfqz5n_E,2021-02-11,-3,8,-4,-11,-21,9
ZM,Zambia,,,,,,ChIJcQv8_KX0QBkRRT5Yfqz5n_E,2021-02-12,-5,7,-14,-11,-18,8
ZM,Zambia,,,,,,ChIJcQv8_KX0QBkRRT5Yfqz5n_E,2021-02-13,-2,10,-13,-13,-18,6
ZM,Zambia,,,,,,ChIJcQv8_KX0QBkRRT5Yfqz5n_E,2021-02-14,8,15,-10,-20,-24,5
ZM,Zambia,,,,,,ChIJcQv8_KX0QBkRRT5Yfqz5n_E,2021-02-15,-1,8,-14,-14,-19,7
ZM,Zambia,,,,,,ChIJcQv8_KX0QBkRRT5Yfqz5n_E,2021-02-16,-5,7,-18,-14,-21,7
ZM,Zambia,,,,,,ChIJcQv8_KX0QBkRRT5Yfqz5n_E,2021-02-17,-2,11,-17,-12,-18,7
ZM,Zambia,,,,,,ChIJcQv8_KX0QBkRRT5Yfqz5n_E,2021-02-18,-1,10,-14,-9,-20,7
ZM,Zambia,,,,,,ChIJcQv8_KX0QBkRRT5Yfqz5n_E,2021-02-19,-5,7,-15,-12,-16,7
ZM,Zambia,,,,,,ChIJcQv8_KX0QBkRRT5Yfqz5n_E,2021-02-20,-2,11,-12,-14,-16,5
ZM,Zambia,,,,,,ChIJcQv8_KX0QBkRRT5Yfqz5n_E,2021-02-21,-5,7,-14,-25,-27,7
ZM,Zambia,,,,,,ChIJcQv8_KX0QBkRRT5Yfqz5n_E,2021-02-22,0,10,-15,-13,-16,6
ZM,Zambia,,,,,,ChIJcQv8_KX0QBkRRT5Yfqz5n_E,2021-02-23,-3,8,-15,-13,-18,7
ZM,Zambia,,,,,,ChIJcQv8_KX0QBkRRT5Yfqz5n_E,2021-02-24,2,14,-15,-9,-16,7
ZM,Zambia,,,,,,ChIJcQv8_KX0QBkRRT5Yfqz5n_E,2021-02-25,6,19,-12,-3,-17,6
ZM,Zambia,,,,,,ChIJcQv8_KX0QBkRRT5Yfqz5n_E,2021-02-26,8,22,-10,-3,-15,6
ZM,Zambia,,,,,,ChIJcQv8_KX0QBkRRT5Yfqz5n_E,2021-02-27,14,28,-7,0,-12,3
ZM,Zambia,,,,,,ChIJcQv8_KX0QBkRRT5Yfqz5n_E,2021-02-28,9,22,-8,-15,-21,5
ZM,Zambia,,,,,,ChIJcQv8_KX0QBkRRT5Yfqz5n_E,2021-03-01,11,23,-13,-6,-16,6
ZM,Zambia,,,,,,ChIJcQv8_KX0QBkRRT5Yfqz5n_E,2021-03-02,13,25,-9,0,-14,4
ZM,Zambia,,,,,,ChIJcQv8_KX0QBkRRT5Yfqz5n_E,2021-03-03,12,26,-11,0,-13,4
ZM,Zambia,,,,,,ChIJcQv8_KX0QBkRRT5Yfqz5n_E,2021-03-04,12,23,-8,1,-15,4
ZM,Zambia,,,,,,ChIJcQv8_KX0QBkRRT5Yfqz5n_E,2021-03-05,9,22,-6,0,-11,4
ZM,Zambia,,,,,,ChIJcQv8_KX0QBkRRT5Yfqz5n_E,2021-03-06,11,23,-1,-2,-11,3
ZM,Zambia,,,,,,ChIJcQv8_KX0QBkRRT5Yfqz5n_E,2021-03-07,10,19,-2,-14,-20,4
ZM,Zambia,,,,,,ChIJcQv8_KX0QBkRRT5Yfqz5n_E,2021-03-08,8,14,-4,-11,-57,14
ZM,Zambia,,,,,,ChIJcQv8_KX0QBkRRT5Yfqz5n_E,2021-03-09,8,17,-10,-3,-13,4
ZM,Zambia,,,,,,ChIJcQv8_KX0QBkRRT5Yfqz5n_E,2021-03-10,10,22,-6,-3,-12,6
ZM,Zambia,,,,,,ChIJcQv8_KX0QBkRRT5Yfqz5n_E,2021-03-11,18,26,-4,4,-14,3
ZM,Zambia,,,,,,ChIJcQv8_KX0QBkRRT5Yfqz5n_E,2021-03-12,3,14,-4,-9,-52,13
ZM,Zambia,,,,,,ChIJcQv8_KX0QBkRRT5Yfqz5n_E,2021-03-13,5,15,-4,-10,-14,5
ZM,Zambia,,,,,,ChIJcQv8_KX0QBkRRT5Yfqz5n_E,2021-03-14,6,17,-5,-15,-19,4
ZM,Zambia,,,,,,ChIJcQv8_KX0QBkRRT5Yfqz5n_E,2021-03-15,9,17,-10,-7,-10,5
ZM,Zambia,,,,,,ChIJcQv8_KX0QBkRRT5Yfqz5n_E,2021-03-16,7,15,-10,-7,-11,5
ZM,Zambia,,,,,,ChIJcQv8_KX0QBkRRT5Yfqz5n_E,2021-03-17,8,19,-8,-4,-9,6
ZM,Zambia,,,,,,ChIJcQv8_KX0QBkRRT5Yfqz5n_E,2021-03-18,9,20,-6,-2,-10,5
ZM,Zambia,,,,,,ChIJcQv8_KX0QBkRRT5Yfqz5n_E,2021-03-19,7,18,-6,-4,-7,5
ZM,Zambia,,,,,,ChIJcQv8_KX0QBkRRT5Yfqz5n_E,2021-03-20,10,21,-2,-5,-7,4
ZM,Zambia,,,,,,ChIJcQv8_KX0QBkRRT5Yfqz5n_E,2021-03-21,9,21,-4,-14,-16,5
ZM,Zambia,,,,,,ChIJcQv8_KX0QBkRRT5Yfqz5n_E,2021-03-22,7,15,-8,-8,-8,6
ZM,Zambia,,,,,,ChIJcQv8_KX0QBkRRT5Yfqz5n_E,2021-03-23,9,18,-3,-8,-9,5
ZM,Zambia,,,,,,ChIJcQv8_KX0QBkRRT5Yfqz5n_E,2021-03-24,16,29,-3,1,-7,5
ZM,Zambia,,,,,,ChIJcQv8_KX0QBkRRT5Yfqz5n_E,2021-03-25,18,31,-2,4,-9,4
ZM,Zambia,,,,,,ChIJcQv8_KX0QBkRRT5Yfqz5n_E,2021-03-26,18,30,-1,5,-6,4
ZM,Zambia,,,,,,ChIJcQv8_KX0QBkRRT5Yfqz5n_E,2021-03-27,21,34,0,3,-6,2
ZM,Zambia,,,,,,ChIJcQv8_KX0QBkRRT5Yfqz5n_E,2021-03-28,20,34,3,-7,-14,3
ZM,Zambia,,,,,,ChIJcQv8_KX0QBkRRT5Yfqz5n_E,2021-03-29,18,28,-1,0,-6,4
ZM,Zambia,,,,,,ChIJcQv8_KX0QBkRRT5Yfqz5n_E,2021-03-30,16,27,-5,0,-7,4
ZM,Zambia,,,,,,ChIJcQv8_KX0QBkRRT5Yfqz5n_E,2021-03-31,23,37,-5,5,-7,4
ZM,Zambia,,,,,,ChIJcQv8_KX0QBkRRT5Yfqz5n_E,2021-04-01,34,43,1,16,-8,1
ZM,Zambia,,,,,,ChIJcQv8_KX0QBkRRT5Yfqz5n_E,2021-04-02,16,32,8,5,-52,9
ZM,Zambia,,,,,,ChIJcQv8_KX0QBkRRT5Yfqz5n_E,2021-04-03,16,28,14,-1,-24,3
ZM,Zambia,,,,,,ChIJcQv8_KX0QBkRRT5Yfqz5n_E,2021-04-04,19,29,14,-9,-19,1
ZM,Zambia,,,Lusaka Metropolitan Area,,,ChIJL3hQiiWNQBkRwgsdS9A-K_Y,2021-01-01,-13,-7,5,-24,-70,26
ZM,Zambia,,,Lusaka Metropolitan Area,,,ChIJL3hQiiWNQBkRwgsdS9A-K_Y,2021-01-02,-6,1,19,-13,-20,18
ZM,Zambia,,,Lusaka Metropolitan Area,,,ChIJL3hQiiWNQBkRwgsdS9A-K_Y,2021-01-03,0,11,37,-6,-11,10
ZM,Zambia,,,Lusaka Metropolitan Area,,,ChIJL3hQiiWNQBkRwgsdS9A-K_Y,2021-01-04,13,22,37,5,-17,12
ZM,Zambia,,,Lusaka Metropolitan Area,,,ChIJL3hQiiWNQBkRwgsdS9A-K_Y,2021-01-05,7,20,21,2,-19,13
ZM,Zambia,,,Lusaka Metropolitan Area,,,ChIJL3hQiiWNQBkRwgsdS9A-K_Y,2021-01-06,1,17,20,3,-18,15
ZM,Zambia,,,Lusaka Metropolitan Area,,,ChIJL3hQiiWNQBkRwgsdS9A-K_Y,2021-01-07,2,20,10,1,-20,16
ZM,Zambia,,,Lusaka Metropolitan Area,,,ChIJL3hQiiWNQBkRwgsdS9A-K_Y,2021-01-08,-4,13,-7,-2,-15,17
ZM,Zambia,,,Lusaka Metropolitan Area,,,ChIJL3hQiiWNQBkRwgsdS9A-K_Y,2021-01-09,-4,11,13,-6,-3,13
ZM,Zambia,,,Lusaka Metropolitan Area,,,ChIJL3hQiiWNQBkRwgsdS9A-K_Y,2021-01-10,-7,6,13,-18,-13,12
ZM,Zambia,,,Lusaka Metropolitan Area,,,ChIJL3hQiiWNQBkRwgsdS9A-K_Y,2021-01-11,3,11,22,-7,-18,15
ZM,Zambia,,,Lusaka Metropolitan Area,,,ChIJL3hQiiWNQBkRwgsdS9A-K_Y,2021-01-12,1,13,19,-7,-21,15
ZM,Zambia,,,Lusaka Metropolitan Area,,,ChIJL3hQiiWNQBkRwgsdS9A-K_Y,2021-01-13,-9,2,10,-13,-23,15
ZM,Zambia,,,Lusaka Metropolitan Area,,,ChIJL3hQiiWNQBkRwgsdS9A-K_Y,2021-01-14,-12,-3,7,-20,-31,15
ZM,Zambia,,,Lusaka Metropolitan Area,,,ChIJL3hQiiWNQBkRwgsdS9A-K_Y,2021-01-15,-19,-9,3,-24,-30,17
ZM,Zambia,,,Lusaka Metropolitan Area,,,ChIJL3hQiiWNQBkRwgsdS9A-K_Y,2021-01-16,-21,-12,7,-28,-22,15
ZM,Zambia,,,Lusaka Metropolitan Area,,,ChIJL3hQiiWNQBkRwgsdS9A-K_Y,2021-01-17,-24,-16,2,-36,-28,15
ZM,Zambia,,,Lusaka Metropolitan Area,,,ChIJL3hQiiWNQBkRwgsdS9A-K_Y,2021-01-18,-14,-10,20,-28,-31,18
ZM,Zambia,,,Lusaka Metropolitan Area,,,ChIJL3hQiiWNQBkRwgsdS9A-K_Y,2021-01-19,-16,-8,5,-25,-34,18
ZM,Zambia,,,Lusaka Metropolitan Area,,,ChIJL3hQiiWNQBkRwgsdS9A-K_Y,2021-01-20,-18,-10,1,-24,-31,20
ZM,Zambia,,,Lusaka Metropolitan Area,,,ChIJL3hQiiWNQBkRwgsdS9A-K_Y,2021-01-21,-12,-2,1,-19,-31,18
ZM,Zambia,,,Lusaka Metropolitan Area,,,ChIJL3hQiiWNQBkRwgsdS9A-K_Y,2021-01-22,-16,-5,-7,-23,-28,19
ZM,Zambia,,,Lusaka Metropolitan Area,,,ChIJL3hQiiWNQBkRwgsdS9A-K_Y,2021-01-23,-14,-4,0,-23,-17,14
ZM,Zambia,,,Lusaka Metropolitan Area,,,ChIJL3hQiiWNQBkRwgsdS9A-K_Y,2021-01-24,-17,-8,6,-31,-23,14
ZM,Zambia,,,Lusaka Metropolitan Area,,,ChIJL3hQiiWNQBkRwgsdS9A-K_Y,2021-01-25,-9,-3,1,-24,-28,17
ZM,Zambia,,,Lusaka Metropolitan Area,,,ChIJL3hQiiWNQBkRwgsdS9A-K_Y,2021-01-26,-10,-1,22,-22,-30,18
ZM,Zambia,,,Lusaka Metropolitan Area,,,ChIJL3hQiiWNQBkRwgsdS9A-K_Y,2021-01-27,-8,2,4,-16,-26,17
ZM,Zambia,,,Lusaka Metropolitan Area,,,ChIJL3hQiiWNQBkRwgsdS9A-K_Y,2021-01-28,-7,4,4,-16,-28,16
ZM,Zambia,,,Lusaka Metropolitan Area,,,ChIJL3hQiiWNQBkRwgsdS9A-K_Y,2021-01-29,-6,7,-1,-14,-24,15
ZM,Zambia,,,Lusaka Metropolitan Area,,,ChIJL3hQiiWNQBkRwgsdS9A-K_Y,2021-01-30,1,12,11,-11,-14,8
ZM,Zambia,,,Lusaka Metropolitan Area,,,ChIJL3hQiiWNQBkRwgsdS9A-K_Y,2021-01-31,-3,10,16,-20,-22,7
ZM,Zambia,,,Lusaka Metropolitan Area,,,ChIJL3hQiiWNQBkRwgsdS9A-K_Y,2021-02-01,3,13,8,-12,-24,8
ZM,Zambia,,,Lusaka Metropolitan Area,,,ChIJL3hQiiWNQBkRwgsdS9A-K_Y,2021-02-02,1,13,9,-11,-25,9
ZM,Zambia,,,Lusaka Metropolitan Area,,,ChIJL3hQiiWNQBkRwgsdS9A-K_Y,2021-02-03,-5,7,6,-11,-23,12
ZM,Zambia,,,Lusaka Metropolitan Area,,,ChIJL3hQiiWNQBkRwgsdS9A-K_Y,2021-02-04,-1,11,7,-12,-24,11
ZM,Zambia,,,Lusaka Metropolitan Area,,,ChIJL3hQiiWNQBkRwgsdS9A-K_Y,2021-02-05,-5,9,-6,-14,-20,12
ZM,Zambia,,,Lusaka Metropolitan Area,,,ChIJL3hQiiWNQBkRwgsdS9A-K_Y,2021-02-06,-1,9,21,-14,-13,9
ZM,Zambia,,,Lusaka Metropolitan Area,,,ChIJL3hQiiWNQBkRwgsdS9A-K_Y,2021-02-07,-7,3,22,-27,-21,10
ZM,Zambia,,,Lusaka Metropolitan Area,,,ChIJL3hQiiWNQBkRwgsdS9A-K_Y,2021-02-08,1,9,12,-13,-21,10
ZM,Zambia,,,Lusaka Metropolitan Area,,,ChIJL3hQiiWNQBkRwgsdS9A-K_Y,2021-02-09,1,11,21,-13,-22,11
ZM,Zambia,,,Lusaka Metropolitan Area,,,ChIJL3hQiiWNQBkRwgsdS9A-K_Y,2021-02-10,-3,7,4,-12,-20,11
ZM,Zambia,,,Lusaka Metropolitan Area,,,ChIJL3hQiiWNQBkRwgsdS9A-K_Y,2021-02-11,-1,11,2,-12,-22,11
ZM,Zambia,,,Lusaka Metropolitan Area,,,ChIJL3hQiiWNQBkRwgsdS9A-K_Y,2021-02-12,-2,11,-1,-12,-17,10
ZM,Zambia,,,Lusaka Metropolitan Area,,,ChIJL3hQiiWNQBkRwgsdS9A-K_Y,2021-02-13,2,13,21,-13,-13,7
ZM,Zambia,,,Lusaka Metropolitan Area,,,ChIJL3hQiiWNQBkRwgsdS9A-K_Y,2021-02-14,9,14,23,-21,-19,5
ZM,Zambia,,,Lusaka Metropolitan Area,,,ChIJL3hQiiWNQBkRwgsdS9A-K_Y,2021-02-15,2,10,6,-14,-19,7
ZM,Zambia,,,Lusaka Metropolitan Area,,,ChIJL3hQiiWNQBkRwgsdS9A-K_Y,2021-02-16,-1,13,13,-14,-21,9
ZM,Zambia,,,Lusaka Metropolitan Area,,,ChIJL3hQiiWNQBkRwgsdS9A-K_Y,2021-02-17,-3,10,2,-13,-19,9
ZM,Zambia,,,Lusaka Metropolitan Area,,,ChIJL3hQiiWNQBkRwgsdS9A-K_Y,2021-02-18,0,13,13,-10,-19,8
ZM,Zambia,,,Lusaka Metropolitan Area,,,ChIJL3hQiiWNQBkRwgsdS9A-K_Y,2021-02-19,-2,9,5,-13,-15,10
ZM,Zambia,,,Lusaka Metropolitan Area,,,ChIJL3hQiiWNQBkRwgsdS9A-K_Y,2021-02-20,2,13,22,-14,-10,6
ZM,Zambia,,,Lusaka Metropolitan Area,,,ChIJL3hQiiWNQBkRwgsdS9A-K_Y,2021-02-21,-4,6,14,-27,-23,8
ZM,Zambia,,,Lusaka Metropolitan Area,,,ChIJL3hQiiWNQBkRwgsdS9A-K_Y,2021-02-22,4,12,16,-13,-16,7
ZM,Zambia,,,Lusaka Metropolitan Area,,,ChIJL3hQiiWNQBkRwgsdS9A-K_Y,2021-02-23,1,14,13,-12,-18,9
ZM,Zambia,,,Lusaka Metropolitan Area,,,ChIJL3hQiiWNQBkRwgsdS9A-K_Y,2021-02-24,2,14,8,-9,-16,9
ZM,Zambia,,,Lusaka Metropolitan Area,,,ChIJL3hQiiWNQBkRwgsdS9A-K_Y,2021-02-25,7,19,6,-6,-17,7
ZM,Zambia,,,Lusaka Metropolitan Area,,,ChIJL3hQiiWNQBkRwgsdS9A-K_Y,2021-02-26,8,19,7,-7,-13,8
ZM,Zambia,,,Lusaka Metropolitan Area,,,ChIJL3hQiiWNQBkRwgsdS9A-K_Y,2021-02-27,16,24,32,-3,-8,5
ZM,Zambia,,,Lusaka Metropolitan Area,,,ChIJL3hQiiWNQBkRwgsdS9A-K_Y,2021-02-28,8,17,25,-18,-16,5
ZM,Zambia,,,Lusaka Metropolitan Area,,,ChIJL3hQiiWNQBkRwgsdS9A-K_Y,2021-03-01,11,18,15,-9,-17,9
ZM,Zambia,,,Lusaka Metropolitan Area,,,ChIJL3hQiiWNQBkRwgsdS9A-K_Y,2021-03-02,17,28,20,0,-15,5
ZM,Zambia,,,Lusaka Metropolitan Area,,,ChIJL3hQiiWNQBkRwgsdS9A-K_Y,2021-03-03,10,20,4,-1,-14,5
ZM,Zambia,,,Lusaka Metropolitan Area,,,ChIJL3hQiiWNQBkRwgsdS9A-K_Y,2021-03-04,13,22,6,-1,-15,5
ZM,Zambia,,,Lusaka Metropolitan Area,,,ChIJL3hQiiWNQBkRwgsdS9A-K_Y,2021-03-05,11,21,1,-2,-9,6
ZM,Zambia,,,Lusaka Metropolitan Area,,,ChIJL3hQiiWNQBkRwgsdS9A-K_Y,2021-03-06,16,22,24,-3,-7,4
ZM,Zambia,,,Lusaka Metropolitan Area,,,ChIJL3hQiiWNQBkRwgsdS9A-K_Y,2021-03-07,12,17,21,-16,-17,4
ZM,Zambia,,,Lusaka Metropolitan Area,,,ChIJL3hQiiWNQBkRwgsdS9A-K_Y,2021-03-08,12,16,21,-11,-61,15
ZM,Zambia,,,Lusaka Metropolitan Area,,,ChIJL3hQiiWNQBkRwgsdS9A-K_Y,2021-03-09,13,20,12,-3,-13,6
ZM,Zambia,,,Lusaka Metropolitan Area,,,ChIJL3hQiiWNQBkRwgsdS9A-K_Y,2021-03-10,10,20,6,-3,-11,8
ZM,Zambia,,,Lusaka Metropolitan Area,,,ChIJL3hQiiWNQBkRwgsdS9A-K_Y,2021-03-11,21,29,20,1,-14,5
ZM,Zambia,,,Lusaka Metropolitan Area,,,ChIJL3hQiiWNQBkRwgsdS9A-K_Y,2021-03-12,6,16,10,-10,-55,16
ZM,Zambia,,,Lusaka Metropolitan Area,,,ChIJL3hQiiWNQBkRwgsdS9A-K_Y,2021-03-13,10,16,9,-12,-10,6
ZM,Zambia,,,Lusaka Metropolitan Area,,,ChIJL3hQiiWNQBkRwgsdS9A-K_Y,2021-03-14,7,14,22,-17,-14,4
ZM,Zambia,,,Lusaka Metropolitan Area,,,ChIJL3hQiiWNQBkRwgsdS9A-K_Y,2021-03-15,13,18,21,-7,-10,6
ZM,Zambia,,,Lusaka Metropolitan Area,,,ChIJL3hQiiWNQBkRwgsdS9A-K_Y,2021-03-16,12,20,18,-7,-11,7
ZM,Zambia,,,Lusaka Metropolitan Area,,,ChIJL3hQiiWNQBkRwgsdS9A-K_Y,2021-03-17,8,18,9,-5,-8,8
ZM,Zambia,,,Lusaka Metropolitan Area,,,ChIJL3hQiiWNQBkRwgsdS9A-K_Y,2021-03-18,12,23,38,-5,-9,7
ZM,Zambia,,,Lusaka Metropolitan Area,,,ChIJL3hQiiWNQBkRwgsdS9A-K_Y,2021-03-19,11,20,31,-6,-4,7
ZM,Zambia,,,Lusaka Metropolitan Area,,,ChIJL3hQiiWNQBkRwgsdS9A-K_Y,2021-03-20,16,23,47,-7,-2,5
ZM,Zambia,,,Lusaka Metropolitan Area,,,ChIJL3hQiiWNQBkRwgsdS9A-K_Y,2021-03-21,9,18,29,-17,-12,5
ZM,Zambia,,,Lusaka Metropolitan Area,,,ChIJL3hQiiWNQBkRwgsdS9A-K_Y,2021-03-22,11,18,26,-9,-6,6
ZM,Zambia,,,Lusaka Metropolitan Area,,,ChIJL3hQiiWNQBkRwgsdS9A-K_Y,2021-03-23,14,23,52,-8,-9,6
ZM,Zambia,,,Lusaka Metropolitan Area,,,ChIJL3hQiiWNQBkRwgsdS9A-K_Y,2021-03-24,14,24,45,0,-6,7
ZM,Zambia,,,Lusaka Metropolitan Area,,,ChIJL3hQiiWNQBkRwgsdS9A-K_Y,2021-03-25,19,29,50,1,-8,6
ZM,Zambia,,,Lusaka Metropolitan Area,,,ChIJL3hQiiWNQBkRwgsdS9A-K_Y,2021-03-26,20,28,45,2,-3,6
ZM,Zambia,,,Lusaka Metropolitan Area,,,ChIJL3hQiiWNQBkRwgsdS9A-K_Y,2021-03-27,24,29,58,0,-2,3
ZM,Zambia,,,Lusaka Metropolitan Area,,,ChIJL3hQiiWNQBkRwgsdS9A-K_Y,2021-03-28,21,30,56,-10,-9,3
ZM,Zambia,,,Lusaka Metropolitan Area,,,ChIJL3hQiiWNQBkRwgsdS9A-K_Y,2021-03-29,20,26,63,-2,-5,5
ZM,Zambia,,,Lusaka Metropolitan Area,,,ChIJL3hQiiWNQBkRwgsdS9A-K_Y,2021-03-30,20,30,42,-1,-6,6
ZM,Zambia,,,Lusaka Metropolitan Area,,,ChIJL3hQiiWNQBkRwgsdS9A-K_Y,2021-03-31,22,33,27,5,-6,6
ZM,Zambia,,,Lusaka Metropolitan Area,,,ChIJL3hQiiWNQBkRwgsdS9A-K_Y,2021-04-01,36,43,45,13,-7,2
ZM,Zambia,,,Lusaka Metropolitan Area,,,ChIJL3hQiiWNQBkRwgsdS9A-K_Y,2021-04-02,17,32,35,3,-55,12
ZM,Zambia,,,Lusaka Metropolitan Area,,,ChIJL3hQiiWNQBkRwgsdS9A-K_Y,2021-04-03,18,25,36,-4,-24,4
ZM,Zambia,,,Lusaka Metropolitan Area,,,ChIJL3hQiiWNQBkRwgsdS9A-K_Y,2021-04-04,17,21,37,-12,-15,0
