country_region_code,country_region,sub_region_1,sub_region_2,metro_area,iso_3166_2_code,census_fips_code,place_id,date,retail_and_recreation_percent_change_from_baseline,grocery_and_pharmacy_percent_change_from_baseline,parks_percent_change_from_baseline,transit_stations_percent_change_from_baseline,workplaces_percent_change_from_baseline,residential_percent_change_from_baseline
MM,Myanmar (Burma),,,,,,ChIJBylOcadSVjAREStiHOQOe7o,2021-01-01,-41,-14,-18,-32,-53,26
MM,Myanmar (Burma),,,,,,ChIJBylOcadSVjAREStiHOQOe7o,2021-01-02,-41,-14,-22,-26,-22,21
MM,Myanmar (Burma),,,,,,ChIJBylOcadSVjAREStiHOQOe7o,2021-01-03,-39,-13,-16,-24,-13,19
MM,Myanmar (Burma),,,,,,ChIJBylOcadSVjAREStiHOQOe7o,2021-01-04,-37,-12,-18,-29,-55,26
MM,Myanmar (Burma),,,,,,ChIJBylOcadSVjAREStiHOQOe7o,2021-01-05,-34,-7,-15,-17,-24,19
MM,Myanmar (Burma),,,,,,ChIJBylOcadSVjAREStiHOQOe7o,2021-01-06,-33,-7,-17,-20,-25,20
MM,Myanmar (Burma),,,,,,ChIJBylOcadSVjAREStiHOQOe7o,2021-01-07,-33,-8,-15,-20,-23,20
MM,Myanmar (Burma),,,,,,ChIJBylOcadSVjAREStiHOQOe7o,2021-01-08,-34,-9,-16,-23,-21,21
MM,Myanmar (Burma),,,,,,ChIJBylOcadSVjAREStiHOQOe7o,2021-01-09,-35,-11,-21,-24,-13,18
MM,Myanmar (Burma),,,,,,ChIJBylOcadSVjAREStiHOQOe7o,2021-01-10,-34,-11,-17,-24,-13,17
MM,Myanmar (Burma),,,,,,ChIJBylOcadSVjAREStiHOQOe7o,2021-01-11,-30,-8,-14,-24,-22,19
MM,Myanmar (Burma),,,,,,ChIJBylOcadSVjAREStiHOQOe7o,2021-01-12,-30,-12,-15,-25,-27,18
MM,Myanmar (Burma),,,,,,ChIJBylOcadSVjAREStiHOQOe7o,2021-01-13,-34,-12,-21,-33,-49,21
MM,Myanmar (Burma),,,,,,ChIJBylOcadSVjAREStiHOQOe7o,2021-01-14,-36,-19,-24,-32,-29,17
MM,Myanmar (Burma),,,,,,ChIJBylOcadSVjAREStiHOQOe7o,2021-01-15,-39,-21,-29,-34,-29,18
MM,Myanmar (Burma),,,,,,ChIJBylOcadSVjAREStiHOQOe7o,2021-01-16,-41,-24,-33,-35,-24,16
MM,Myanmar (Burma),,,,,,ChIJBylOcadSVjAREStiHOQOe7o,2021-01-17,-40,-23,-30,-34,-24,16
MM,Myanmar (Burma),,,,,,ChIJBylOcadSVjAREStiHOQOe7o,2021-01-18,-37,-20,-27,-32,-31,18
MM,Myanmar (Burma),,,,,,ChIJBylOcadSVjAREStiHOQOe7o,2021-01-19,-36,-20,-26,-32,-31,18
MM,Myanmar (Burma),,,,,,ChIJBylOcadSVjAREStiHOQOe7o,2021-01-20,-37,-21,-27,-33,-30,18
MM,Myanmar (Burma),,,,,,ChIJBylOcadSVjAREStiHOQOe7o,2021-01-21,-36,-20,-26,-32,-29,18
MM,Myanmar (Burma),,,,,,ChIJBylOcadSVjAREStiHOQOe7o,2021-01-22,-36,-19,-27,-32,-26,19
MM,Myanmar (Burma),,,,,,ChIJBylOcadSVjAREStiHOQOe7o,2021-01-23,-37,-20,-30,-31,-20,17
MM,Myanmar (Burma),,,,,,ChIJBylOcadSVjAREStiHOQOe7o,2021-01-24,-38,-20,-25,-31,-20,16
MM,Myanmar (Burma),,,,,,ChIJBylOcadSVjAREStiHOQOe7o,2021-01-25,-33,-16,-23,-28,-27,18
MM,Myanmar (Burma),,,,,,ChIJBylOcadSVjAREStiHOQOe7o,2021-01-26,-32,-16,-23,-30,-28,17
MM,Myanmar (Burma),,,,,,ChIJBylOcadSVjAREStiHOQOe7o,2021-01-27,-34,-20,-22,-31,-29,18
MM,Myanmar (Burma),,,,,,ChIJBylOcadSVjAREStiHOQOe7o,2021-01-28,-32,-15,-23,-29,-26,18
MM,Myanmar (Burma),,,,,,ChIJBylOcadSVjAREStiHOQOe7o,2021-01-29,-30,-8,-24,-26,-23,17
MM,Myanmar (Burma),,,,,,ChIJBylOcadSVjAREStiHOQOe7o,2021-01-30,-31,-6,-28,-23,-18,14
MM,Myanmar (Burma),,,,,,ChIJBylOcadSVjAREStiHOQOe7o,2021-01-31,-30,-4,-26,-22,-20,13
MM,Myanmar (Burma),,,,,,ChIJBylOcadSVjAREStiHOQOe7o,2021-02-01,-48,-23,-33,-47,-41,17
MM,Myanmar (Burma),,,,,,ChIJBylOcadSVjAREStiHOQOe7o,2021-02-02,-40,-17,-33,-41,-37,21
MM,Myanmar (Burma),,,,,,ChIJBylOcadSVjAREStiHOQOe7o,2021-02-03,-39,-16,-32,-38,-32,20
MM,Myanmar (Burma),,,,,,ChIJBylOcadSVjAREStiHOQOe7o,2021-02-04,-38,-20,-26,-37,-31,13
MM,Myanmar (Burma),,,,,,ChIJBylOcadSVjAREStiHOQOe7o,2021-02-05,-41,-22,-32,-39,-32,15
MM,Myanmar (Burma),,,,,,ChIJBylOcadSVjAREStiHOQOe7o,2021-02-06,-81,-72,-70,-76,-64,6
MM,Myanmar (Burma),,,,,,ChIJBylOcadSVjAREStiHOQOe7o,2021-02-07,-49,-35,-28,-38,-32,-5
MM,Myanmar (Burma),,,,,,ChIJBylOcadSVjAREStiHOQOe7o,2021-02-08,-28,-10,-14,-7,-51,17
MM,Myanmar (Burma),,,,,,ChIJBylOcadSVjAREStiHOQOe7o,2021-02-09,-36,-17,-23,-27,-55,21
MM,Myanmar (Burma),,,,,,ChIJBylOcadSVjAREStiHOQOe7o,2021-02-10,-39,-19,-21,-33,-52,21
MM,Myanmar (Burma),,,,,,ChIJBylOcadSVjAREStiHOQOe7o,2021-02-11,-37,-20,-21,-33,-54,20
MM,Myanmar (Burma),,,,,,ChIJBylOcadSVjAREStiHOQOe7o,2021-02-12,-37,-19,-24,-30,-64,21
MM,Myanmar (Burma),,,,,,ChIJBylOcadSVjAREStiHOQOe7o,2021-02-13,-42,-23,-32,-38,-46,17
MM,Myanmar (Burma),,,,,,ChIJBylOcadSVjAREStiHOQOe7o,2021-02-14,-46,-25,-37,-45,-37,16
MM,Myanmar (Burma),,,,,,ChIJBylOcadSVjAREStiHOQOe7o,2021-02-15,-47,-29,-41,-50,-53,19
MM,Myanmar (Burma),,,,,,ChIJBylOcadSVjAREStiHOQOe7o,2021-02-16,-46,-29,-41,-49,-51,19
MM,Myanmar (Burma),,,,,,ChIJBylOcadSVjAREStiHOQOe7o,2021-02-17,-41,-23,-35,-37,-51,18
MM,Myanmar (Burma),,,,,,ChIJBylOcadSVjAREStiHOQOe7o,2021-02-18,-45,-27,-39,-44,-50,19
MM,Myanmar (Burma),,,,,,ChIJBylOcadSVjAREStiHOQOe7o,2021-02-19,-46,-27,-41,-47,-49,20
MM,Myanmar (Burma),,,,,,ChIJBylOcadSVjAREStiHOQOe7o,2021-02-20,-46,-25,-41,-46,-38,16
MM,Myanmar (Burma),,,,,,ChIJBylOcadSVjAREStiHOQOe7o,2021-02-21,-48,-24,-39,-46,-34,14
MM,Myanmar (Burma),,,,,,ChIJBylOcadSVjAREStiHOQOe7o,2021-02-22,-47,-42,-25,-39,-73,20
MM,Myanmar (Burma),,,,,,ChIJBylOcadSVjAREStiHOQOe7o,2021-02-23,-49,-30,-44,-52,-52,18
MM,Myanmar (Burma),,,,,,ChIJBylOcadSVjAREStiHOQOe7o,2021-02-24,-48,-29,-42,-49,-49,17
MM,Myanmar (Burma),,,,,,ChIJBylOcadSVjAREStiHOQOe7o,2021-02-25,-45,-27,-38,-45,-48,16
MM,Myanmar (Burma),,,,,,ChIJBylOcadSVjAREStiHOQOe7o,2021-02-26,-47,-30,-39,-48,-50,18
MM,Myanmar (Burma),,,,,,ChIJBylOcadSVjAREStiHOQOe7o,2021-02-27,-50,-27,-42,-50,-39,15
MM,Myanmar (Burma),,,,,,ChIJBylOcadSVjAREStiHOQOe7o,2021-02-28,-52,-39,-36,-46,-49,17
MM,Myanmar (Burma),,,,,,ChIJBylOcadSVjAREStiHOQOe7o,2021-03-01,-52,-31,-44,-54,-55,21
MM,Myanmar (Burma),,,,,,ChIJBylOcadSVjAREStiHOQOe7o,2021-03-02,-53,-33,-45,-55,-66,23
MM,Myanmar (Burma),,,,,,ChIJBylOcadSVjAREStiHOQOe7o,2021-03-03,-56,-36,-44,-56,-55,21
MM,Myanmar (Burma),,,,,,ChIJBylOcadSVjAREStiHOQOe7o,2021-03-04,-58,-42,-46,-60,-60,24
MM,Myanmar (Burma),,,,,,ChIJBylOcadSVjAREStiHOQOe7o,2021-03-05,-58,-36,-47,-58,-57,23
MM,Myanmar (Burma),,,,,,ChIJBylOcadSVjAREStiHOQOe7o,2021-03-06,-57,-34,-46,-57,-49,19
MM,Myanmar (Burma),,,,,,ChIJBylOcadSVjAREStiHOQOe7o,2021-03-07,-57,-34,-42,-56,-43,17
MM,Myanmar (Burma),,,,,,ChIJBylOcadSVjAREStiHOQOe7o,2021-03-08,-60,-44,-45,-62,-63,25
MM,Myanmar (Burma),,,,,,ChIJBylOcadSVjAREStiHOQOe7o,2021-03-09,-57,-40,-47,-60,-60,24
MM,Myanmar (Burma),,,,,,ChIJBylOcadSVjAREStiHOQOe7o,2021-03-10,-59,-42,-46,-61,-59,23
MM,Myanmar (Burma),,,,,,ChIJBylOcadSVjAREStiHOQOe7o,2021-03-11,-59,-42,-46,-62,-59,23
MM,Myanmar (Burma),,,,,,ChIJBylOcadSVjAREStiHOQOe7o,2021-03-12,-60,-44,-48,-62,-59,24
MM,Myanmar (Burma),,,,,,ChIJBylOcadSVjAREStiHOQOe7o,2021-03-13,-61,-42,-49,-62,-49,20
MM,Myanmar (Burma),,,,,,ChIJBylOcadSVjAREStiHOQOe7o,2021-03-14,-62,-43,-50,-61,-48,17
MM,Myanmar (Burma),,,,,,ChIJBylOcadSVjAREStiHOQOe7o,2021-03-15,-78,-71,-81,-83,-77,24
MM,Myanmar (Burma),,,,,,ChIJBylOcadSVjAREStiHOQOe7o,2021-03-16,-77,-70,-81,-82,-76,25
MM,Myanmar (Burma),,,,,,ChIJBylOcadSVjAREStiHOQOe7o,2021-03-17,-76,-69,-80,-82,-74,23
MM,Myanmar (Burma),,,,,,ChIJBylOcadSVjAREStiHOQOe7o,2021-03-18,-78,-72,-80,-85,-75,26
MM,Myanmar (Burma),,,,,,ChIJBylOcadSVjAREStiHOQOe7o,2021-03-19,-77,-71,-79,-84,-73,26
MM,Myanmar (Burma),,,,,,ChIJBylOcadSVjAREStiHOQOe7o,2021-03-20,-77,-70,-79,-85,-69,23
MM,Myanmar (Burma),,,,,,ChIJBylOcadSVjAREStiHOQOe7o,2021-03-21,-76,-69,-76,-83,-63,20
MM,Myanmar (Burma),,,,,,ChIJBylOcadSVjAREStiHOQOe7o,2021-03-22,-73,-66,-76,-80,-70,24
MM,Myanmar (Burma),,,,,,ChIJBylOcadSVjAREStiHOQOe7o,2021-03-23,-72,-64,-75,-80,-70,23
MM,Myanmar (Burma),,,,,,ChIJBylOcadSVjAREStiHOQOe7o,2021-03-24,-80,-76,-77,-84,-76,28
MM,Myanmar (Burma),,,,,,ChIJBylOcadSVjAREStiHOQOe7o,2021-03-25,-71,-61,-74,-78,-69,23
MM,Myanmar (Burma),,,,,,ChIJBylOcadSVjAREStiHOQOe7o,2021-03-26,-73,-62,-75,-80,-76,27
MM,Myanmar (Burma),,,,,,ChIJBylOcadSVjAREStiHOQOe7o,2021-03-27,-85,-81,-79,-89,-80,31
MM,Myanmar (Burma),,,,,,ChIJBylOcadSVjAREStiHOQOe7o,2021-03-28,-78,-70,-75,-83,-65,23
MM,Myanmar (Burma),,,,,,ChIJBylOcadSVjAREStiHOQOe7o,2021-03-29,-75,-67,-74,-82,-77,28
MM,Myanmar (Burma),,,,,,ChIJBylOcadSVjAREStiHOQOe7o,2021-03-30,-73,-65,-74,-79,-69,24
MM,Myanmar (Burma),,,,,,ChIJBylOcadSVjAREStiHOQOe7o,2021-03-31,-73,-64,-74,-79,-68,22
MM,Myanmar (Burma),,,,,,ChIJBylOcadSVjAREStiHOQOe7o,2021-04-01,-72,-64,-73,-79,-68,23
MM,Myanmar (Burma),,,,,,ChIJBylOcadSVjAREStiHOQOe7o,2021-04-02,-75,-66,-78,-80,-69,25
MM,Myanmar (Burma),,,,,,ChIJBylOcadSVjAREStiHOQOe7o,2021-04-03,-75,-66,-78,-81,-64,22
MM,Myanmar (Burma),,,,,,ChIJBylOcadSVjAREStiHOQOe7o,2021-04-04,-75,-67,-77,-81,-61,20
MM,Myanmar (Burma),,,Mandalay Metropolitan Area,,,ChIJV17FeINyyzARFEzz4Ue8Ypg,2021-01-01,-52,-28,-15,-50,-50,26
MM,Myanmar (Burma),,,Mandalay Metropolitan Area,,,ChIJV17FeINyyzARFEzz4Ue8Ypg,2021-01-02,-50,-26,-18,-44,-26,22
MM,Myanmar (Burma),,,Mandalay Metropolitan Area,,,ChIJV17FeINyyzARFEzz4Ue8Ypg,2021-01-03,-47,-24,-8,-45,-28,20
MM,Myanmar (Burma),,,Mandalay Metropolitan Area,,,ChIJV17FeINyyzARFEzz4Ue8Ypg,2021-01-04,-46,-24,-5,-48,-53,24
MM,Myanmar (Burma),,,Mandalay Metropolitan Area,,,ChIJV17FeINyyzARFEzz4Ue8Ypg,2021-01-05,-43,-20,1,-36,-36,20
MM,Myanmar (Burma),,,Mandalay Metropolitan Area,,,ChIJV17FeINyyzARFEzz4Ue8Ypg,2021-01-06,-42,-18,-8,-37,-40,20
MM,Myanmar (Burma),,,Mandalay Metropolitan Area,,,ChIJV17FeINyyzARFEzz4Ue8Ypg,2021-01-07,-42,-16,-2,-40,-35,21
MM,Myanmar (Burma),,,Mandalay Metropolitan Area,,,ChIJV17FeINyyzARFEzz4Ue8Ypg,2021-01-08,-44,-22,-9,-43,-29,22
MM,Myanmar (Burma),,,Mandalay Metropolitan Area,,,ChIJV17FeINyyzARFEzz4Ue8Ypg,2021-01-09,-45,-24,-15,-44,-21,18
MM,Myanmar (Burma),,,Mandalay Metropolitan Area,,,ChIJV17FeINyyzARFEzz4Ue8Ypg,2021-01-10,-42,-23,-16,-45,-28,18
MM,Myanmar (Burma),,,Mandalay Metropolitan Area,,,ChIJV17FeINyyzARFEzz4Ue8Ypg,2021-01-11,-39,-21,-9,-42,-33,19
MM,Myanmar (Burma),,,Mandalay Metropolitan Area,,,ChIJV17FeINyyzARFEzz4Ue8Ypg,2021-01-12,-41,-22,-8,-45,-42,19
MM,Myanmar (Burma),,,Mandalay Metropolitan Area,,,ChIJV17FeINyyzARFEzz4Ue8Ypg,2021-01-13,-43,-23,-12,-49,-50,19
MM,Myanmar (Burma),,,Mandalay Metropolitan Area,,,ChIJV17FeINyyzARFEzz4Ue8Ypg,2021-01-14,-44,-25,-13,-48,-40,17
MM,Myanmar (Burma),,,Mandalay Metropolitan Area,,,ChIJV17FeINyyzARFEzz4Ue8Ypg,2021-01-15,-48,-32,-23,-50,-37,18
MM,Myanmar (Burma),,,Mandalay Metropolitan Area,,,ChIJV17FeINyyzARFEzz4Ue8Ypg,2021-01-16,-49,-34,-29,-51,-30,16
MM,Myanmar (Burma),,,Mandalay Metropolitan Area,,,ChIJV17FeINyyzARFEzz4Ue8Ypg,2021-01-17,-48,-32,-24,-55,-37,16
MM,Myanmar (Burma),,,Mandalay Metropolitan Area,,,ChIJV17FeINyyzARFEzz4Ue8Ypg,2021-01-18,-44,-30,-20,-51,-40,18
MM,Myanmar (Burma),,,Mandalay Metropolitan Area,,,ChIJV17FeINyyzARFEzz4Ue8Ypg,2021-01-19,-44,-31,-20,-53,-41,17
MM,Myanmar (Burma),,,Mandalay Metropolitan Area,,,ChIJV17FeINyyzARFEzz4Ue8Ypg,2021-01-20,-43,-29,-18,-50,-45,18
MM,Myanmar (Burma),,,Mandalay Metropolitan Area,,,ChIJV17FeINyyzARFEzz4Ue8Ypg,2021-01-21,-42,-26,-15,-49,-40,19
MM,Myanmar (Burma),,,Mandalay Metropolitan Area,,,ChIJV17FeINyyzARFEzz4Ue8Ypg,2021-01-22,-44,-30,-17,-47,-33,19
MM,Myanmar (Burma),,,Mandalay Metropolitan Area,,,ChIJV17FeINyyzARFEzz4Ue8Ypg,2021-01-23,-45,-28,-26,-48,-26,16
MM,Myanmar (Burma),,,Mandalay Metropolitan Area,,,ChIJV17FeINyyzARFEzz4Ue8Ypg,2021-01-24,-44,-29,-21,-50,-34,16
MM,Myanmar (Burma),,,Mandalay Metropolitan Area,,,ChIJV17FeINyyzARFEzz4Ue8Ypg,2021-01-25,-40,-28,-18,-49,-38,18
MM,Myanmar (Burma),,,Mandalay Metropolitan Area,,,ChIJV17FeINyyzARFEzz4Ue8Ypg,2021-01-26,-38,-25,-15,-43,-38,17
MM,Myanmar (Burma),,,Mandalay Metropolitan Area,,,ChIJV17FeINyyzARFEzz4Ue8Ypg,2021-01-27,-40,-26,-16,-49,-44,17
MM,Myanmar (Burma),,,Mandalay Metropolitan Area,,,ChIJV17FeINyyzARFEzz4Ue8Ypg,2021-01-28,-38,-22,-14,-45,-37,18
MM,Myanmar (Burma),,,Mandalay Metropolitan Area,,,ChIJV17FeINyyzARFEzz4Ue8Ypg,2021-01-29,-39,-21,-15,-44,-29,17
MM,Myanmar (Burma),,,Mandalay Metropolitan Area,,,ChIJV17FeINyyzARFEzz4Ue8Ypg,2021-01-30,-39,-17,-11,-39,-23,12
MM,Myanmar (Burma),,,Mandalay Metropolitan Area,,,ChIJV17FeINyyzARFEzz4Ue8Ypg,2021-01-31,-36,-14,-4,-44,-31,11
MM,Myanmar (Burma),,,Mandalay Metropolitan Area,,,ChIJV17FeINyyzARFEzz4Ue8Ypg,2021-02-01,-55,-40,-36,-66,-48,13
MM,Myanmar (Burma),,,Mandalay Metropolitan Area,,,ChIJV17FeINyyzARFEzz4Ue8Ypg,2021-02-02,-42,-23,-22,-49,-40,17
MM,Myanmar (Burma),,,Mandalay Metropolitan Area,,,ChIJV17FeINyyzARFEzz4Ue8Ypg,2021-02-03,-41,-24,-22,-48,-39,17
MM,Myanmar (Burma),,,Mandalay Metropolitan Area,,,ChIJV17FeINyyzARFEzz4Ue8Ypg,2021-02-04,-40,-25,-14,-47,-42,12
MM,Myanmar (Burma),,,Mandalay Metropolitan Area,,,ChIJV17FeINyyzARFEzz4Ue8Ypg,2021-02-05,-44,-29,-19,-49,-34,13
MM,Myanmar (Burma),,,Mandalay Metropolitan Area,,,ChIJV17FeINyyzARFEzz4Ue8Ypg,2021-02-06,-83,-77,-74,-82,-67,2
MM,Myanmar (Burma),,,Mandalay Metropolitan Area,,,ChIJV17FeINyyzARFEzz4Ue8Ypg,2021-02-07,-54,-48,-27,-56,-45,-7
MM,Myanmar (Burma),,,Mandalay Metropolitan Area,,,ChIJV17FeINyyzARFEzz4Ue8Ypg,2021-02-08,-36,-31,12,-39,-57,16
MM,Myanmar (Burma),,,Mandalay Metropolitan Area,,,ChIJV17FeINyyzARFEzz4Ue8Ypg,2021-02-09,-44,-37,0,-57,-58,20
MM,Myanmar (Burma),,,Mandalay Metropolitan Area,,,ChIJV17FeINyyzARFEzz4Ue8Ypg,2021-02-10,-43,-34,13,-57,-57,19
MM,Myanmar (Burma),,,Mandalay Metropolitan Area,,,ChIJV17FeINyyzARFEzz4Ue8Ypg,2021-02-11,-41,-31,39,-56,-62,18
MM,Myanmar (Burma),,,Mandalay Metropolitan Area,,,ChIJV17FeINyyzARFEzz4Ue8Ypg,2021-02-12,-49,-38,30,-62,-63,19
MM,Myanmar (Burma),,,Mandalay Metropolitan Area,,,ChIJV17FeINyyzARFEzz4Ue8Ypg,2021-02-13,-50,-35,4,-61,-49,15
MM,Myanmar (Burma),,,Mandalay Metropolitan Area,,,ChIJV17FeINyyzARFEzz4Ue8Ypg,2021-02-14,-51,-34,-19,-61,-48,14
MM,Myanmar (Burma),,,Mandalay Metropolitan Area,,,ChIJV17FeINyyzARFEzz4Ue8Ypg,2021-02-15,-52,-40,-25,-54,-59,16
MM,Myanmar (Burma),,,Mandalay Metropolitan Area,,,ChIJV17FeINyyzARFEzz4Ue8Ypg,2021-02-16,-52,-39,-30,-63,-57,17
MM,Myanmar (Burma),,,Mandalay Metropolitan Area,,,ChIJV17FeINyyzARFEzz4Ue8Ypg,2021-02-17,-45,-30,-11,-53,-56,15
MM,Myanmar (Burma),,,Mandalay Metropolitan Area,,,ChIJV17FeINyyzARFEzz4Ue8Ypg,2021-02-18,-49,-32,-28,-59,-55,17
MM,Myanmar (Burma),,,Mandalay Metropolitan Area,,,ChIJV17FeINyyzARFEzz4Ue8Ypg,2021-02-19,-52,-37,-32,-62,-54,18
MM,Myanmar (Burma),,,Mandalay Metropolitan Area,,,ChIJV17FeINyyzARFEzz4Ue8Ypg,2021-02-20,-52,-34,-37,-56,-42,14
MM,Myanmar (Burma),,,Mandalay Metropolitan Area,,,ChIJV17FeINyyzARFEzz4Ue8Ypg,2021-02-21,-51,-29,-35,-59,-45,13
MM,Myanmar (Burma),,,Mandalay Metropolitan Area,,,ChIJV17FeINyyzARFEzz4Ue8Ypg,2021-02-22,-49,-53,33,-31,-78,18
MM,Myanmar (Burma),,,Mandalay Metropolitan Area,,,ChIJV17FeINyyzARFEzz4Ue8Ypg,2021-02-23,-54,-43,-39,-64,-57,17
MM,Myanmar (Burma),,,Mandalay Metropolitan Area,,,ChIJV17FeINyyzARFEzz4Ue8Ypg,2021-02-24,-51,-38,-17,-59,-54,15
MM,Myanmar (Burma),,,Mandalay Metropolitan Area,,,ChIJV17FeINyyzARFEzz4Ue8Ypg,2021-02-25,-49,-35,-20,-59,-54,14
MM,Myanmar (Burma),,,Mandalay Metropolitan Area,,,ChIJV17FeINyyzARFEzz4Ue8Ypg,2021-02-26,-53,-42,-18,-64,-57,16
MM,Myanmar (Burma),,,Mandalay Metropolitan Area,,,ChIJV17FeINyyzARFEzz4Ue8Ypg,2021-02-27,-54,-38,-37,-61,-42,14
MM,Myanmar (Burma),,,Mandalay Metropolitan Area,,,ChIJV17FeINyyzARFEzz4Ue8Ypg,2021-02-28,-56,-54,-25,-72,-63,17
MM,Myanmar (Burma),,,Mandalay Metropolitan Area,,,ChIJV17FeINyyzARFEzz4Ue8Ypg,2021-03-01,-57,-44,-41,-65,-61,19
MM,Myanmar (Burma),,,Mandalay Metropolitan Area,,,ChIJV17FeINyyzARFEzz4Ue8Ypg,2021-03-02,-57,-44,-36,-67,-66,20
MM,Myanmar (Burma),,,Mandalay Metropolitan Area,,,ChIJV17FeINyyzARFEzz4Ue8Ypg,2021-03-03,-61,-51,-45,-68,-61,20
MM,Myanmar (Burma),,,Mandalay Metropolitan Area,,,ChIJV17FeINyyzARFEzz4Ue8Ypg,2021-03-04,-59,-48,-43,-65,-64,22
MM,Myanmar (Burma),,,Mandalay Metropolitan Area,,,ChIJV17FeINyyzARFEzz4Ue8Ypg,2021-03-05,-61,-48,-44,-65,-57,21
MM,Myanmar (Burma),,,Mandalay Metropolitan Area,,,ChIJV17FeINyyzARFEzz4Ue8Ypg,2021-03-06,-61,-44,-46,-65,-53,18
MM,Myanmar (Burma),,,Mandalay Metropolitan Area,,,ChIJV17FeINyyzARFEzz4Ue8Ypg,2021-03-07,-59,-43,-42,-58,-52,16
MM,Myanmar (Burma),,,Mandalay Metropolitan Area,,,ChIJV17FeINyyzARFEzz4Ue8Ypg,2021-03-08,-65,-58,-43,-73,-68,23
MM,Myanmar (Burma),,,Mandalay Metropolitan Area,,,ChIJV17FeINyyzARFEzz4Ue8Ypg,2021-03-09,-61,-51,-44,-65,-64,22
MM,Myanmar (Burma),,,Mandalay Metropolitan Area,,,ChIJV17FeINyyzARFEzz4Ue8Ypg,2021-03-10,-60,-49,-42,-63,-62,21
MM,Myanmar (Burma),,,Mandalay Metropolitan Area,,,ChIJV17FeINyyzARFEzz4Ue8Ypg,2021-03-11,-61,-48,-43,-67,-61,21
MM,Myanmar (Burma),,,Mandalay Metropolitan Area,,,ChIJV17FeINyyzARFEzz4Ue8Ypg,2021-03-12,-64,-53,-48,-70,-63,22
MM,Myanmar (Burma),,,Mandalay Metropolitan Area,,,ChIJV17FeINyyzARFEzz4Ue8Ypg,2021-03-13,-64,-51,-44,-66,-51,19
MM,Myanmar (Burma),,,Mandalay Metropolitan Area,,,ChIJV17FeINyyzARFEzz4Ue8Ypg,2021-03-14,-64,-51,-46,-68,-54,17
MM,Myanmar (Burma),,,Mandalay Metropolitan Area,,,ChIJV17FeINyyzARFEzz4Ue8Ypg,2021-03-15,-75,-70,-73,-83,-73,21
MM,Myanmar (Burma),,,Mandalay Metropolitan Area,,,ChIJV17FeINyyzARFEzz4Ue8Ypg,2021-03-16,-72,-66,-70,-81,-71,21
MM,Myanmar (Burma),,,Mandalay Metropolitan Area,,,ChIJV17FeINyyzARFEzz4Ue8Ypg,2021-03-17,-71,-67,-68,-79,-71,19
MM,Myanmar (Burma),,,Mandalay Metropolitan Area,,,ChIJV17FeINyyzARFEzz4Ue8Ypg,2021-03-18,-75,-73,-71,-83,-72,20
MM,Myanmar (Burma),,,Mandalay Metropolitan Area,,,ChIJV17FeINyyzARFEzz4Ue8Ypg,2021-03-19,-76,-71,-71,-85,-67,19
MM,Myanmar (Burma),,,Mandalay Metropolitan Area,,,ChIJV17FeINyyzARFEzz4Ue8Ypg,2021-03-20,-76,-71,-70,-82,-65,16
MM,Myanmar (Burma),,,Mandalay Metropolitan Area,,,ChIJV17FeINyyzARFEzz4Ue8Ypg,2021-03-21,-74,-69,-70,-83,-64,15
MM,Myanmar (Burma),,,Mandalay Metropolitan Area,,,ChIJV17FeINyyzARFEzz4Ue8Ypg,2021-03-22,-73,-69,-66,-80,-70,19
MM,Myanmar (Burma),,,Mandalay Metropolitan Area,,,ChIJV17FeINyyzARFEzz4Ue8Ypg,2021-03-23,-72,-68,-66,-77,-71,18
MM,Myanmar (Burma),,,Mandalay Metropolitan Area,,,ChIJV17FeINyyzARFEzz4Ue8Ypg,2021-03-24,-80,-78,-69,-83,-78,23
MM,Myanmar (Burma),,,Mandalay Metropolitan Area,,,ChIJV17FeINyyzARFEzz4Ue8Ypg,2021-03-25,-71,-64,-65,-77,-70,18
MM,Myanmar (Burma),,,Mandalay Metropolitan Area,,,ChIJV17FeINyyzARFEzz4Ue8Ypg,2021-03-26,-75,-69,-69,-80,-73,21
MM,Myanmar (Burma),,,Mandalay Metropolitan Area,,,ChIJV17FeINyyzARFEzz4Ue8Ypg,2021-03-27,-89,-88,-77,-92,-85,30
MM,Myanmar (Burma),,,Mandalay Metropolitan Area,,,ChIJV17FeINyyzARFEzz4Ue8Ypg,2021-03-28,-82,-78,-73,-87,-76,22
MM,Myanmar (Burma),,,Mandalay Metropolitan Area,,,ChIJV17FeINyyzARFEzz4Ue8Ypg,2021-03-29,-79,-74,-69,-82,-80,25
MM,Myanmar (Burma),,,Mandalay Metropolitan Area,,,ChIJV17FeINyyzARFEzz4Ue8Ypg,2021-03-30,-76,-71,-69,-80,-73,22
MM,Myanmar (Burma),,,Mandalay Metropolitan Area,,,ChIJV17FeINyyzARFEzz4Ue8Ypg,2021-03-31,-72,-67,-66,-79,-70,18
MM,Myanmar (Burma),,,Mandalay Metropolitan Area,,,ChIJV17FeINyyzARFEzz4Ue8Ypg,2021-04-01,-75,-71,-63,-80,-71,20
MM,Myanmar (Burma),,,Mandalay Metropolitan Area,,,ChIJV17FeINyyzARFEzz4Ue8Ypg,2021-04-02,-75,-69,-69,-81,-68,21
MM,Myanmar (Burma),,,Mandalay Metropolitan Area,,,ChIJV17FeINyyzARFEzz4Ue8Ypg,2021-04-03,-75,-70,-68,-80,-61,17
MM,Myanmar (Burma),,,Mandalay Metropolitan Area,,,ChIJV17FeINyyzARFEzz4Ue8Ypg,2021-04-04,-76,-71,-69,-81,-67,17
MM,Myanmar (Burma),,,Yangon Metropolitan Area,,,ChIJaTGaEOaTwTARRIAA3x6u8OE,2021-01-01,-47,-14,-51,-32,-64,30
MM,Myanmar (Burma),,,Yangon Metropolitan Area,,,ChIJaTGaEOaTwTARRIAA3x6u8OE,2021-01-02,-46,-17,-50,-25,-29,22
MM,Myanmar (Burma),,,Yangon Metropolitan Area,,,ChIJaTGaEOaTwTARRIAA3x6u8OE,2021-01-03,-45,-15,-49,-22,-16,19
MM,Myanmar (Burma),,,Yangon Metropolitan Area,,,ChIJaTGaEOaTwTARRIAA3x6u8OE,2021-01-04,-42,-16,-46,-28,-67,30
MM,Myanmar (Burma),,,Yangon Metropolitan Area,,,ChIJaTGaEOaTwTARRIAA3x6u8OE,2021-01-05,-38,-10,-36,-14,-30,20
MM,Myanmar (Burma),,,Yangon Metropolitan Area,,,ChIJaTGaEOaTwTARRIAA3x6u8OE,2021-01-06,-38,-10,-39,-16,-30,21
MM,Myanmar (Burma),,,Yangon Metropolitan Area,,,ChIJaTGaEOaTwTARRIAA3x6u8OE,2021-01-07,-37,-10,-40,-17,-29,21
MM,Myanmar (Burma),,,Yangon Metropolitan Area,,,ChIJaTGaEOaTwTARRIAA3x6u8OE,2021-01-08,-39,-9,-40,-21,-27,22
MM,Myanmar (Burma),,,Yangon Metropolitan Area,,,ChIJaTGaEOaTwTARRIAA3x6u8OE,2021-01-09,-40,-14,-47,-21,-17,18
MM,Myanmar (Burma),,,Yangon Metropolitan Area,,,ChIJaTGaEOaTwTARRIAA3x6u8OE,2021-01-10,-39,-12,-48,-21,-17,17
MM,Myanmar (Burma),,,Yangon Metropolitan Area,,,ChIJaTGaEOaTwTARRIAA3x6u8OE,2021-01-11,-36,-14,-36,-21,-28,20
MM,Myanmar (Burma),,,Yangon Metropolitan Area,,,ChIJaTGaEOaTwTARRIAA3x6u8OE,2021-01-12,-35,-13,-40,-21,-30,20
MM,Myanmar (Burma),,,Yangon Metropolitan Area,,,ChIJaTGaEOaTwTARRIAA3x6u8OE,2021-01-13,-40,-15,-49,-31,-60,25
MM,Myanmar (Burma),,,Yangon Metropolitan Area,,,ChIJaTGaEOaTwTARRIAA3x6u8OE,2021-01-14,-41,-21,-49,-29,-34,19
MM,Myanmar (Burma),,,Yangon Metropolitan Area,,,ChIJaTGaEOaTwTARRIAA3x6u8OE,2021-01-15,-42,-19,-50,-31,-33,19
MM,Myanmar (Burma),,,Yangon Metropolitan Area,,,ChIJaTGaEOaTwTARRIAA3x6u8OE,2021-01-16,-45,-25,-54,-32,-27,16
MM,Myanmar (Burma),,,Yangon Metropolitan Area,,,ChIJaTGaEOaTwTARRIAA3x6u8OE,2021-01-17,-44,-23,-54,-30,-26,16
MM,Myanmar (Burma),,,Yangon Metropolitan Area,,,ChIJaTGaEOaTwTARRIAA3x6u8OE,2021-01-18,-40,-23,-45,-28,-34,19
MM,Myanmar (Burma),,,Yangon Metropolitan Area,,,ChIJaTGaEOaTwTARRIAA3x6u8OE,2021-01-19,-40,-22,-45,-28,-35,19
MM,Myanmar (Burma),,,Yangon Metropolitan Area,,,ChIJaTGaEOaTwTARRIAA3x6u8OE,2021-01-20,-41,-22,-49,-30,-33,20
MM,Myanmar (Burma),,,Yangon Metropolitan Area,,,ChIJaTGaEOaTwTARRIAA3x6u8OE,2021-01-21,-41,-22,-48,-29,-33,20
MM,Myanmar (Burma),,,Yangon Metropolitan Area,,,ChIJaTGaEOaTwTARRIAA3x6u8OE,2021-01-22,-40,-17,-46,-29,-30,20
MM,Myanmar (Burma),,,Yangon Metropolitan Area,,,ChIJaTGaEOaTwTARRIAA3x6u8OE,2021-01-23,-42,-21,-49,-27,-23,17
MM,Myanmar (Burma),,,Yangon Metropolitan Area,,,ChIJaTGaEOaTwTARRIAA3x6u8OE,2021-01-24,-43,-20,-50,-27,-22,16
MM,Myanmar (Burma),,,Yangon Metropolitan Area,,,ChIJaTGaEOaTwTARRIAA3x6u8OE,2021-01-25,-37,-19,-39,-24,-31,19
MM,Myanmar (Burma),,,Yangon Metropolitan Area,,,ChIJaTGaEOaTwTARRIAA3x6u8OE,2021-01-26,-37,-18,-41,-26,-32,19
MM,Myanmar (Burma),,,Yangon Metropolitan Area,,,ChIJaTGaEOaTwTARRIAA3x6u8OE,2021-01-27,-39,-21,-45,-28,-31,19
MM,Myanmar (Burma),,,Yangon Metropolitan Area,,,ChIJaTGaEOaTwTARRIAA3x6u8OE,2021-01-28,-38,-17,-45,-26,-30,19
MM,Myanmar (Burma),,,Yangon Metropolitan Area,,,ChIJaTGaEOaTwTARRIAA3x6u8OE,2021-01-29,-34,-6,-43,-22,-26,19
MM,Myanmar (Burma),,,Yangon Metropolitan Area,,,ChIJaTGaEOaTwTARRIAA3x6u8OE,2021-01-30,-34,-6,-44,-18,-19,14
MM,Myanmar (Burma),,,Yangon Metropolitan Area,,,ChIJaTGaEOaTwTARRIAA3x6u8OE,2021-01-31,-33,-2,-46,-16,-19,13
MM,Myanmar (Burma),,,Yangon Metropolitan Area,,,ChIJaTGaEOaTwTARRIAA3x6u8OE,2021-02-01,-54,-23,-56,-46,-49,22
MM,Myanmar (Burma),,,Yangon Metropolitan Area,,,ChIJaTGaEOaTwTARRIAA3x6u8OE,2021-02-02,-48,-22,-52,-40,-45,27
MM,Myanmar (Burma),,,Yangon Metropolitan Area,,,ChIJaTGaEOaTwTARRIAA3x6u8OE,2021-02-03,-46,-20,-51,-37,-38,24
MM,Myanmar (Burma),,,Yangon Metropolitan Area,,,ChIJaTGaEOaTwTARRIAA3x6u8OE,2021-02-04,-45,-23,-52,-35,-35,16
MM,Myanmar (Burma),,,Yangon Metropolitan Area,,,ChIJaTGaEOaTwTARRIAA3x6u8OE,2021-02-05,-47,-22,-52,-37,-36,18
MM,Myanmar (Burma),,,Yangon Metropolitan Area,,,ChIJaTGaEOaTwTARRIAA3x6u8OE,2021-02-06,-84,-75,-83,-75,-65,4
MM,Myanmar (Burma),,,Yangon Metropolitan Area,,,ChIJaTGaEOaTwTARRIAA3x6u8OE,2021-02-07,-54,-36,-55,-34,-36,-3
MM,Myanmar (Burma),,,Yangon Metropolitan Area,,,ChIJaTGaEOaTwTARRIAA3x6u8OE,2021-02-08,-27,-12,-15,4,-59,21
MM,Myanmar (Burma),,,Yangon Metropolitan Area,,,ChIJaTGaEOaTwTARRIAA3x6u8OE,2021-02-09,-43,-25,-43,-23,-65,27
MM,Myanmar (Burma),,,Yangon Metropolitan Area,,,ChIJaTGaEOaTwTARRIAA3x6u8OE,2021-02-10,-46,-23,-31,-29,-61,26
MM,Myanmar (Burma),,,Yangon Metropolitan Area,,,ChIJaTGaEOaTwTARRIAA3x6u8OE,2021-02-11,-42,-23,-34,-29,-61,24
MM,Myanmar (Burma),,,Yangon Metropolitan Area,,,ChIJaTGaEOaTwTARRIAA3x6u8OE,2021-02-12,-40,-20,-30,-25,-74,26
MM,Myanmar (Burma),,,Yangon Metropolitan Area,,,ChIJaTGaEOaTwTARRIAA3x6u8OE,2021-02-13,-48,-30,-43,-36,-54,20
MM,Myanmar (Burma),,,Yangon Metropolitan Area,,,ChIJaTGaEOaTwTARRIAA3x6u8OE,2021-02-14,-52,-29,-54,-43,-41,18
MM,Myanmar (Burma),,,Yangon Metropolitan Area,,,ChIJaTGaEOaTwTARRIAA3x6u8OE,2021-02-15,-52,-35,-52,-49,-59,25
MM,Myanmar (Burma),,,Yangon Metropolitan Area,,,ChIJaTGaEOaTwTARRIAA3x6u8OE,2021-02-16,-51,-33,-51,-48,-57,24
MM,Myanmar (Burma),,,Yangon Metropolitan Area,,,ChIJaTGaEOaTwTARRIAA3x6u8OE,2021-02-17,-44,-27,-42,-34,-57,23
MM,Myanmar (Burma),,,Yangon Metropolitan Area,,,ChIJaTGaEOaTwTARRIAA3x6u8OE,2021-02-18,-50,-31,-55,-43,-56,25
MM,Myanmar (Burma),,,Yangon Metropolitan Area,,,ChIJaTGaEOaTwTARRIAA3x6u8OE,2021-02-19,-51,-28,-56,-46,-54,25
MM,Myanmar (Burma),,,Yangon Metropolitan Area,,,ChIJaTGaEOaTwTARRIAA3x6u8OE,2021-02-20,-51,-29,-54,-45,-43,19
MM,Myanmar (Burma),,,Yangon Metropolitan Area,,,ChIJaTGaEOaTwTARRIAA3x6u8OE,2021-02-21,-54,-28,-58,-45,-36,15
MM,Myanmar (Burma),,,Yangon Metropolitan Area,,,ChIJaTGaEOaTwTARRIAA3x6u8OE,2021-02-22,-54,-53,-28,-39,-82,27
MM,Myanmar (Burma),,,Yangon Metropolitan Area,,,ChIJaTGaEOaTwTARRIAA3x6u8OE,2021-02-23,-55,-36,-62,-52,-58,23
MM,Myanmar (Burma),,,Yangon Metropolitan Area,,,ChIJaTGaEOaTwTARRIAA3x6u8OE,2021-02-24,-53,-33,-59,-48,-55,21
MM,Myanmar (Burma),,,Yangon Metropolitan Area,,,ChIJaTGaEOaTwTARRIAA3x6u8OE,2021-02-25,-50,-31,-57,-44,-54,21
MM,Myanmar (Burma),,,Yangon Metropolitan Area,,,ChIJaTGaEOaTwTARRIAA3x6u8OE,2021-02-26,-55,-33,-59,-48,-53,23
MM,Myanmar (Burma),,,Yangon Metropolitan Area,,,ChIJaTGaEOaTwTARRIAA3x6u8OE,2021-02-27,-58,-35,-64,-51,-43,19
MM,Myanmar (Burma),,,Yangon Metropolitan Area,,,ChIJaTGaEOaTwTARRIAA3x6u8OE,2021-02-28,-62,-48,-57,-47,-55,20
MM,Myanmar (Burma),,,Yangon Metropolitan Area,,,ChIJaTGaEOaTwTARRIAA3x6u8OE,2021-03-01,-61,-39,-64,-55,-62,27
MM,Myanmar (Burma),,,Yangon Metropolitan Area,,,ChIJaTGaEOaTwTARRIAA3x6u8OE,2021-03-02,-63,-41,-67,-56,-76,30
MM,Myanmar (Burma),,,Yangon Metropolitan Area,,,ChIJaTGaEOaTwTARRIAA3x6u8OE,2021-03-03,-65,-44,-64,-57,-62,27
MM,Myanmar (Burma),,,Yangon Metropolitan Area,,,ChIJaTGaEOaTwTARRIAA3x6u8OE,2021-03-04,-70,-51,-71,-63,-70,32
MM,Myanmar (Burma),,,Yangon Metropolitan Area,,,ChIJaTGaEOaTwTARRIAA3x6u8OE,2021-03-05,-67,-41,-68,-60,-67,30
MM,Myanmar (Burma),,,Yangon Metropolitan Area,,,ChIJaTGaEOaTwTARRIAA3x6u8OE,2021-03-06,-67,-40,-68,-59,-57,24
MM,Myanmar (Burma),,,Yangon Metropolitan Area,,,ChIJaTGaEOaTwTARRIAA3x6u8OE,2021-03-07,-68,-43,-69,-59,-51,21
MM,Myanmar (Burma),,,Yangon Metropolitan Area,,,ChIJaTGaEOaTwTARRIAA3x6u8OE,2021-03-08,-71,-54,-69,-65,-72,32
MM,Myanmar (Burma),,,Yangon Metropolitan Area,,,ChIJaTGaEOaTwTARRIAA3x6u8OE,2021-03-09,-69,-50,-70,-63,-70,31
MM,Myanmar (Burma),,,Yangon Metropolitan Area,,,ChIJaTGaEOaTwTARRIAA3x6u8OE,2021-03-10,-70,-52,-71,-64,-68,30
MM,Myanmar (Burma),,,Yangon Metropolitan Area,,,ChIJaTGaEOaTwTARRIAA3x6u8OE,2021-03-11,-70,-52,-71,-65,-68,31
MM,Myanmar (Burma),,,Yangon Metropolitan Area,,,ChIJaTGaEOaTwTARRIAA3x6u8OE,2021-03-12,-70,-50,-72,-65,-66,31
MM,Myanmar (Burma),,,Yangon Metropolitan Area,,,ChIJaTGaEOaTwTARRIAA3x6u8OE,2021-03-13,-71,-52,-73,-65,-58,25
MM,Myanmar (Burma),,,Yangon Metropolitan Area,,,ChIJaTGaEOaTwTARRIAA3x6u8OE,2021-03-14,-72,-52,-74,-63,-54,21
MM,Myanmar (Burma),,,Yangon Metropolitan Area,,,ChIJaTGaEOaTwTARRIAA3x6u8OE,2021-03-15,-83,-73,-87,-84,-84,29
MM,Myanmar (Burma),,,Yangon Metropolitan Area,,,ChIJaTGaEOaTwTARRIAA3x6u8OE,2021-03-16,-82,-71,-87,-82,-83,32
MM,Myanmar (Burma),,,Yangon Metropolitan Area,,,ChIJaTGaEOaTwTARRIAA3x6u8OE,2021-03-17,-82,-71,-86,-82,-81,29
MM,Myanmar (Burma),,,Yangon Metropolitan Area,,,ChIJaTGaEOaTwTARRIAA3x6u8OE,2021-03-18,-85,-77,-89,-86,-83,33
MM,Myanmar (Burma),,,Yangon Metropolitan Area,,,ChIJaTGaEOaTwTARRIAA3x6u8OE,2021-03-19,-85,-75,-88,-86,-81,33
MM,Myanmar (Burma),,,Yangon Metropolitan Area,,,ChIJaTGaEOaTwTARRIAA3x6u8OE,2021-03-20,-85,-76,-88,-86,-76,27
MM,Myanmar (Burma),,,Yangon Metropolitan Area,,,ChIJaTGaEOaTwTARRIAA3x6u8OE,2021-03-21,-84,-74,-87,-85,-69,23
MM,Myanmar (Burma),,,Yangon Metropolitan Area,,,ChIJaTGaEOaTwTARRIAA3x6u8OE,2021-03-22,-81,-71,-85,-82,-77,29
MM,Myanmar (Burma),,,Yangon Metropolitan Area,,,ChIJaTGaEOaTwTARRIAA3x6u8OE,2021-03-23,-80,-70,-84,-82,-77,29
MM,Myanmar (Burma),,,Yangon Metropolitan Area,,,ChIJaTGaEOaTwTARRIAA3x6u8OE,2021-03-24,-88,-84,-89,-87,-84,35
MM,Myanmar (Burma),,,Yangon Metropolitan Area,,,ChIJaTGaEOaTwTARRIAA3x6u8OE,2021-03-25,-78,-66,-84,-80,-75,28
MM,Myanmar (Burma),,,Yangon Metropolitan Area,,,ChIJaTGaEOaTwTARRIAA3x6u8OE,2021-03-26,-81,-66,-86,-82,-83,33
MM,Myanmar (Burma),,,Yangon Metropolitan Area,,,ChIJaTGaEOaTwTARRIAA3x6u8OE,2021-03-27,-91,-86,-91,-90,-86,35
MM,Myanmar (Burma),,,Yangon Metropolitan Area,,,ChIJaTGaEOaTwTARRIAA3x6u8OE,2021-03-28,-86,-77,-88,-85,-70,25
MM,Myanmar (Burma),,,Yangon Metropolitan Area,,,ChIJaTGaEOaTwTARRIAA3x6u8OE,2021-03-29,-83,-73,-86,-84,-84,34
MM,Myanmar (Burma),,,Yangon Metropolitan Area,,,ChIJaTGaEOaTwTARRIAA3x6u8OE,2021-03-30,-81,-71,-85,-81,-75,30
MM,Myanmar (Burma),,,Yangon Metropolitan Area,,,ChIJaTGaEOaTwTARRIAA3x6u8OE,2021-03-31,-81,-70,-85,-81,-75,28
MM,Myanmar (Burma),,,Yangon Metropolitan Area,,,ChIJaTGaEOaTwTARRIAA3x6u8OE,2021-04-01,-80,-69,-85,-81,-74,28
MM,Myanmar (Burma),,,Yangon Metropolitan Area,,,ChIJaTGaEOaTwTARRIAA3x6u8OE,2021-04-02,-81,-69,-86,-82,-74,29
MM,Myanmar (Burma),,,Yangon Metropolitan Area,,,ChIJaTGaEOaTwTARRIAA3x6u8OE,2021-04-03,-81,-70,-86,-83,-68,24
MM,Myanmar (Burma),,,Yangon Metropolitan Area,,,ChIJaTGaEOaTwTARRIAA3x6u8OE,2021-04-04,-82,-70,-86,-82,-63,20
