country_region_code,country_region,sub_region_1,sub_region_2,metro_area,iso_3166_2_code,census_fips_code,place_id,date,retail_and_recreation_percent_change_from_baseline,grocery_and_pharmacy_percent_change_from_baseline,parks_percent_change_from_baseline,transit_stations_percent_change_from_baseline,workplaces_percent_change_from_baseline,residential_percent_change_from_baseline
MA,Morocco,,,,,,ChIJjcVRlmGICw0Rw_8sxIGT09k,2021-01-01,-33,21,-35,-26,-46,21
MA,Morocco,,,,,,ChIJjcVRlmGICw0Rw_8sxIGT09k,2021-01-02,-26,27,-25,-14,-9,14
MA,Morocco,,,,,,ChIJjcVRlmGICw0Rw_8sxIGT09k,2021-01-03,-22,26,-17,-10,-7,11
MA,Morocco,,,,,,ChIJjcVRlmGICw0Rw_8sxIGT09k,2021-01-04,-22,34,-21,-6,-8,11
MA,Morocco,,,,,,ChIJjcVRlmGICw0Rw_8sxIGT09k,2021-01-05,-28,23,-32,-14,-9,13
MA,Morocco,,,,,,ChIJjcVRlmGICw0Rw_8sxIGT09k,2021-01-06,-27,25,-35,-15,-8,14
MA,Morocco,,,,,,ChIJjcVRlmGICw0Rw_8sxIGT09k,2021-01-07,-27,26,-34,-16,-10,14
MA,Morocco,,,,,,ChIJjcVRlmGICw0Rw_8sxIGT09k,2021-01-08,-29,28,-38,-19,-7,15
MA,Morocco,,,,,,ChIJjcVRlmGICw0Rw_8sxIGT09k,2021-01-09,-28,19,-41,-20,-2,14
MA,Morocco,,,,,,ChIJjcVRlmGICw0Rw_8sxIGT09k,2021-01-10,-28,7,-39,-27,-10,14
MA,Morocco,,,,,,ChIJjcVRlmGICw0Rw_8sxIGT09k,2021-01-11,-20,26,-26,-18,-45,17
MA,Morocco,,,,,,ChIJjcVRlmGICw0Rw_8sxIGT09k,2021-01-12,-21,29,-24,-10,-8,9
MA,Morocco,,,,,,ChIJjcVRlmGICw0Rw_8sxIGT09k,2021-01-13,-24,24,-29,-15,-10,8
MA,Morocco,,,,,,ChIJjcVRlmGICw0Rw_8sxIGT09k,2021-01-14,-26,21,-31,-20,-15,7
MA,Morocco,,,,,,ChIJjcVRlmGICw0Rw_8sxIGT09k,2021-01-15,-30,19,-35,-23,-14,8
MA,Morocco,,,,,,ChIJjcVRlmGICw0Rw_8sxIGT09k,2021-01-16,-30,12,-34,-24,-13,8
MA,Morocco,,,,,,ChIJjcVRlmGICw0Rw_8sxIGT09k,2021-01-17,-27,5,-27,-24,-19,8
MA,Morocco,,,,,,ChIJjcVRlmGICw0Rw_8sxIGT09k,2021-01-18,-28,13,-33,-20,-16,8
MA,Morocco,,,,,,ChIJjcVRlmGICw0Rw_8sxIGT09k,2021-01-19,-28,16,-31,-20,-17,8
MA,Morocco,,,,,,ChIJjcVRlmGICw0Rw_8sxIGT09k,2021-01-20,-30,12,-38,-22,-15,9
MA,Morocco,,,,,,ChIJjcVRlmGICw0Rw_8sxIGT09k,2021-01-21,-25,22,-31,-18,-15,8
MA,Morocco,,,,,,ChIJjcVRlmGICw0Rw_8sxIGT09k,2021-01-22,-28,19,-37,-20,-13,9
MA,Morocco,,,,,,ChIJjcVRlmGICw0Rw_8sxIGT09k,2021-01-23,-25,18,-30,-17,-11,8
MA,Morocco,,,,,,ChIJjcVRlmGICw0Rw_8sxIGT09k,2021-01-24,-23,8,-24,-19,-15,7
MA,Morocco,,,,,,ChIJjcVRlmGICw0Rw_8sxIGT09k,2021-01-25,-23,18,-23,-14,-24,8
MA,Morocco,,,,,,ChIJjcVRlmGICw0Rw_8sxIGT09k,2021-01-26,-23,20,-20,-17,-25,8
MA,Morocco,,,,,,ChIJjcVRlmGICw0Rw_8sxIGT09k,2021-01-27,-23,20,-22,-18,-24,8
MA,Morocco,,,,,,ChIJjcVRlmGICw0Rw_8sxIGT09k,2021-01-28,-21,27,-18,-17,-25,7
MA,Morocco,,,,,,ChIJjcVRlmGICw0Rw_8sxIGT09k,2021-01-29,-22,36,-22,-17,-22,7
MA,Morocco,,,,,,ChIJjcVRlmGICw0Rw_8sxIGT09k,2021-01-30,-22,29,-26,-16,-16,5
MA,Morocco,,,,,,ChIJjcVRlmGICw0Rw_8sxIGT09k,2021-01-31,-20,25,-22,-16,-13,3
MA,Morocco,,,,,,ChIJjcVRlmGICw0Rw_8sxIGT09k,2021-02-01,-22,34,-28,-16,-14,5
MA,Morocco,,,,,,ChIJjcVRlmGICw0Rw_8sxIGT09k,2021-02-02,-21,37,-26,-17,-13,5
MA,Morocco,,,,,,ChIJjcVRlmGICw0Rw_8sxIGT09k,2021-02-03,-24,29,-30,-23,-13,6
MA,Morocco,,,,,,ChIJjcVRlmGICw0Rw_8sxIGT09k,2021-02-04,-25,30,-29,-24,-14,5
MA,Morocco,,,,,,ChIJjcVRlmGICw0Rw_8sxIGT09k,2021-02-05,-27,32,-35,-26,-10,7
MA,Morocco,,,,,,ChIJjcVRlmGICw0Rw_8sxIGT09k,2021-02-06,-27,18,-37,-28,-10,8
MA,Morocco,,,,,,ChIJjcVRlmGICw0Rw_8sxIGT09k,2021-02-07,-24,15,-30,-28,-14,8
MA,Morocco,,,,,,ChIJjcVRlmGICw0Rw_8sxIGT09k,2021-02-08,-26,25,-35,-23,-14,6
MA,Morocco,,,,,,ChIJjcVRlmGICw0Rw_8sxIGT09k,2021-02-09,-23,34,-31,-22,-13,7
MA,Morocco,,,,,,ChIJjcVRlmGICw0Rw_8sxIGT09k,2021-02-10,-22,33,-28,-21,-12,6
MA,Morocco,,,,,,ChIJjcVRlmGICw0Rw_8sxIGT09k,2021-02-11,-22,34,-28,-22,-13,6
MA,Morocco,,,,,,ChIJjcVRlmGICw0Rw_8sxIGT09k,2021-02-12,-24,37,-31,-23,-10,6
MA,Morocco,,,,,,ChIJjcVRlmGICw0Rw_8sxIGT09k,2021-02-13,-22,27,-26,-24,-10,5
MA,Morocco,,,,,,ChIJjcVRlmGICw0Rw_8sxIGT09k,2021-02-14,-19,19,-16,-24,-13,4
MA,Morocco,,,,,,ChIJjcVRlmGICw0Rw_8sxIGT09k,2021-02-15,-23,30,-31,-22,-13,4
MA,Morocco,,,,,,ChIJjcVRlmGICw0Rw_8sxIGT09k,2021-02-16,-23,32,-29,-24,-14,5
MA,Morocco,,,,,,ChIJjcVRlmGICw0Rw_8sxIGT09k,2021-02-17,-22,33,-29,-22,-12,5
MA,Morocco,,,,,,ChIJjcVRlmGICw0Rw_8sxIGT09k,2021-02-18,-21,37,-27,-20,-12,5
MA,Morocco,,,,,,ChIJjcVRlmGICw0Rw_8sxIGT09k,2021-02-19,-22,41,-28,-21,-9,5
MA,Morocco,,,,,,ChIJjcVRlmGICw0Rw_8sxIGT09k,2021-02-20,-21,32,-22,-21,-7,4
MA,Morocco,,,,,,ChIJjcVRlmGICw0Rw_8sxIGT09k,2021-02-21,-27,12,-38,-31,-14,7
MA,Morocco,,,,,,ChIJjcVRlmGICw0Rw_8sxIGT09k,2021-02-22,-21,36,-28,-19,-10,5
MA,Morocco,,,,,,ChIJjcVRlmGICw0Rw_8sxIGT09k,2021-02-23,-20,37,-27,-21,-11,5
MA,Morocco,,,,,,ChIJjcVRlmGICw0Rw_8sxIGT09k,2021-02-24,-21,36,-28,-20,-10,5
MA,Morocco,,,,,,ChIJjcVRlmGICw0Rw_8sxIGT09k,2021-02-25,-21,39,-28,-19,-10,5
MA,Morocco,,,,,,ChIJjcVRlmGICw0Rw_8sxIGT09k,2021-02-26,-22,43,-33,-20,-7,6
MA,Morocco,,,,,,ChIJjcVRlmGICw0Rw_8sxIGT09k,2021-02-27,-19,37,-27,-19,-4,5
MA,Morocco,,,,,,ChIJjcVRlmGICw0Rw_8sxIGT09k,2021-02-28,-18,26,-23,-20,-10,5
MA,Morocco,,,,,,ChIJjcVRlmGICw0Rw_8sxIGT09k,2021-03-01,-19,41,-30,-15,-8,4
MA,Morocco,,,,,,ChIJjcVRlmGICw0Rw_8sxIGT09k,2021-03-02,-17,46,-25,-16,-9,4
MA,Morocco,,,,,,ChIJjcVRlmGICw0Rw_8sxIGT09k,2021-03-03,-17,43,-26,-16,-9,5
MA,Morocco,,,,,,ChIJjcVRlmGICw0Rw_8sxIGT09k,2021-03-04,-17,46,-26,-15,-9,4
MA,Morocco,,,,,,ChIJjcVRlmGICw0Rw_8sxIGT09k,2021-03-05,-21,46,-32,-17,-5,5
MA,Morocco,,,,,,ChIJjcVRlmGICw0Rw_8sxIGT09k,2021-03-06,-18,39,-27,-18,-4,5
MA,Morocco,,,,,,ChIJjcVRlmGICw0Rw_8sxIGT09k,2021-03-07,-18,26,-24,-21,-9,6
MA,Morocco,,,,,,ChIJjcVRlmGICw0Rw_8sxIGT09k,2021-03-08,-18,40,-30,-15,-8,4
MA,Morocco,,,,,,ChIJjcVRlmGICw0Rw_8sxIGT09k,2021-03-09,-17,45,-25,-16,-8,5
MA,Morocco,,,,,,ChIJjcVRlmGICw0Rw_8sxIGT09k,2021-03-10,-17,44,-24,-14,-7,5
MA,Morocco,,,,,,ChIJjcVRlmGICw0Rw_8sxIGT09k,2021-03-11,-17,47,-24,-14,-8,5
MA,Morocco,,,,,,ChIJjcVRlmGICw0Rw_8sxIGT09k,2021-03-12,-18,51,-24,-12,-5,5
MA,Morocco,,,,,,ChIJjcVRlmGICw0Rw_8sxIGT09k,2021-03-13,-17,39,-17,-11,-5,3
MA,Morocco,,,,,,ChIJjcVRlmGICw0Rw_8sxIGT09k,2021-03-14,-14,31,-5,-10,-12,2
MA,Morocco,,,,,,ChIJjcVRlmGICw0Rw_8sxIGT09k,2021-03-15,-16,42,-16,-9,-20,3
MA,Morocco,,,,,,ChIJjcVRlmGICw0Rw_8sxIGT09k,2021-03-16,-15,44,-12,-11,-20,3
MA,Morocco,,,,,,ChIJjcVRlmGICw0Rw_8sxIGT09k,2021-03-17,-15,44,-12,-11,-19,3
MA,Morocco,,,,,,ChIJjcVRlmGICw0Rw_8sxIGT09k,2021-03-18,-13,50,-10,-9,-19,3
MA,Morocco,,,,,,ChIJjcVRlmGICw0Rw_8sxIGT09k,2021-03-19,-16,52,-15,-11,-17,4
MA,Morocco,,,,,,ChIJjcVRlmGICw0Rw_8sxIGT09k,2021-03-20,-21,33,-28,-16,-13,5
MA,Morocco,,,,,,ChIJjcVRlmGICw0Rw_8sxIGT09k,2021-03-21,-15,32,-10,-11,-10,2
MA,Morocco,,,,,,ChIJjcVRlmGICw0Rw_8sxIGT09k,2021-03-22,-16,47,-21,-10,-8,4
MA,Morocco,,,,,,ChIJjcVRlmGICw0Rw_8sxIGT09k,2021-03-23,-16,48,-19,-13,-10,4
MA,Morocco,,,,,,ChIJjcVRlmGICw0Rw_8sxIGT09k,2021-03-24,-17,45,-21,-14,-8,4
MA,Morocco,,,,,,ChIJjcVRlmGICw0Rw_8sxIGT09k,2021-03-25,-18,47,-22,-13,-8,4
MA,Morocco,,,,,,ChIJjcVRlmGICw0Rw_8sxIGT09k,2021-03-26,-19,51,-24,-15,-5,5
MA,Morocco,,,,,,ChIJjcVRlmGICw0Rw_8sxIGT09k,2021-03-27,-19,39,-20,-17,-3,5
MA,Morocco,,,,,,ChIJjcVRlmGICw0Rw_8sxIGT09k,2021-03-28,-18,29,-18,-18,-9,5
MA,Morocco,,,,,,ChIJjcVRlmGICw0Rw_8sxIGT09k,2021-03-29,-20,41,-26,-15,-7,4
MA,Morocco,,,,,,ChIJjcVRlmGICw0Rw_8sxIGT09k,2021-03-30,-17,45,-24,-12,-6,4
MA,Morocco,,,,,,ChIJjcVRlmGICw0Rw_8sxIGT09k,2021-03-31,-15,48,-23,-14,-7,4
MA,Morocco,,,,,,ChIJjcVRlmGICw0Rw_8sxIGT09k,2021-04-01,-13,57,-18,-9,-6,4
MA,Morocco,,,,,,ChIJjcVRlmGICw0Rw_8sxIGT09k,2021-04-02,-14,61,-19,-10,-3,4
MA,Morocco,,,,,,ChIJjcVRlmGICw0Rw_8sxIGT09k,2021-04-03,-14,49,-12,-12,-3,3
MA,Morocco,,,,,,ChIJjcVRlmGICw0Rw_8sxIGT09k,2021-04-04,-12,40,-3,-12,-9,3
MA,Morocco,,,Casablanca Metropolitan Area,,,ChIJsSpoj4Azpg0RdqFGLh2Vh80,2021-01-01,-37,7,-46,-28,-56,24
MA,Morocco,,,Casablanca Metropolitan Area,,,ChIJsSpoj4Azpg0RdqFGLh2Vh80,2021-01-02,-25,19,-22,-15,-11,14
MA,Morocco,,,Casablanca Metropolitan Area,,,ChIJsSpoj4Azpg0RdqFGLh2Vh80,2021-01-03,-20,14,-20,-6,-3,9
MA,Morocco,,,Casablanca Metropolitan Area,,,ChIJsSpoj4Azpg0RdqFGLh2Vh80,2021-01-04,-18,26,-10,-6,-9,11
MA,Morocco,,,Casablanca Metropolitan Area,,,ChIJsSpoj4Azpg0RdqFGLh2Vh80,2021-01-05,-29,10,-35,-15,-12,13
MA,Morocco,,,Casablanca Metropolitan Area,,,ChIJsSpoj4Azpg0RdqFGLh2Vh80,2021-01-06,-27,12,-38,-17,-11,15
MA,Morocco,,,Casablanca Metropolitan Area,,,ChIJsSpoj4Azpg0RdqFGLh2Vh80,2021-01-07,-31,10,-42,-14,-16,16
MA,Morocco,,,Casablanca Metropolitan Area,,,ChIJsSpoj4Azpg0RdqFGLh2Vh80,2021-01-08,-28,18,-39,-17,-15,17
MA,Morocco,,,Casablanca Metropolitan Area,,,ChIJsSpoj4Azpg0RdqFGLh2Vh80,2021-01-09,-26,15,-39,-18,-1,14
MA,Morocco,,,Casablanca Metropolitan Area,,,ChIJsSpoj4Azpg0RdqFGLh2Vh80,2021-01-10,-30,-4,-51,-26,-6,14
MA,Morocco,,,Casablanca Metropolitan Area,,,ChIJsSpoj4Azpg0RdqFGLh2Vh80,2021-01-11,-17,19,-30,-22,-54,20
MA,Morocco,,,Casablanca Metropolitan Area,,,ChIJsSpoj4Azpg0RdqFGLh2Vh80,2021-01-12,-18,23,-16,-7,-9,10
MA,Morocco,,,Casablanca Metropolitan Area,,,ChIJsSpoj4Azpg0RdqFGLh2Vh80,2021-01-13,-20,18,-23,-13,-11,8
MA,Morocco,,,Casablanca Metropolitan Area,,,ChIJsSpoj4Azpg0RdqFGLh2Vh80,2021-01-14,-22,16,-28,-15,-15,8
MA,Morocco,,,Casablanca Metropolitan Area,,,ChIJsSpoj4Azpg0RdqFGLh2Vh80,2021-01-15,-25,14,-27,-18,-15,9
MA,Morocco,,,Casablanca Metropolitan Area,,,ChIJsSpoj4Azpg0RdqFGLh2Vh80,2021-01-16,-23,11,-27,-20,-8,8
MA,Morocco,,,Casablanca Metropolitan Area,,,ChIJsSpoj4Azpg0RdqFGLh2Vh80,2021-01-17,-23,-1,-31,-20,-12,7
MA,Morocco,,,Casablanca Metropolitan Area,,,ChIJsSpoj4Azpg0RdqFGLh2Vh80,2021-01-18,-23,8,-25,-18,-16,9
MA,Morocco,,,Casablanca Metropolitan Area,,,ChIJsSpoj4Azpg0RdqFGLh2Vh80,2021-01-19,-22,13,-25,-16,-16,8
MA,Morocco,,,Casablanca Metropolitan Area,,,ChIJsSpoj4Azpg0RdqFGLh2Vh80,2021-01-20,-26,6,-38,-20,-15,10
MA,Morocco,,,Casablanca Metropolitan Area,,,ChIJsSpoj4Azpg0RdqFGLh2Vh80,2021-01-21,-21,15,-30,-15,-15,9
MA,Morocco,,,Casablanca Metropolitan Area,,,ChIJsSpoj4Azpg0RdqFGLh2Vh80,2021-01-22,-25,13,-35,-17,-14,11
MA,Morocco,,,Casablanca Metropolitan Area,,,ChIJsSpoj4Azpg0RdqFGLh2Vh80,2021-01-23,-20,14,-25,-15,-6,8
MA,Morocco,,,Casablanca Metropolitan Area,,,ChIJsSpoj4Azpg0RdqFGLh2Vh80,2021-01-24,-20,0,-26,-17,-8,6
MA,Morocco,,,Casablanca Metropolitan Area,,,ChIJsSpoj4Azpg0RdqFGLh2Vh80,2021-01-25,-19,11,-20,-17,-20,9
MA,Morocco,,,Casablanca Metropolitan Area,,,ChIJsSpoj4Azpg0RdqFGLh2Vh80,2021-01-26,-18,13,-19,-14,-21,8
MA,Morocco,,,Casablanca Metropolitan Area,,,ChIJsSpoj4Azpg0RdqFGLh2Vh80,2021-01-27,-20,11,-27,-16,-20,8
MA,Morocco,,,Casablanca Metropolitan Area,,,ChIJsSpoj4Azpg0RdqFGLh2Vh80,2021-01-28,-19,16,-25,-14,-22,8
MA,Morocco,,,Casablanca Metropolitan Area,,,ChIJsSpoj4Azpg0RdqFGLh2Vh80,2021-01-29,-19,26,-24,-13,-19,8
MA,Morocco,,,Casablanca Metropolitan Area,,,ChIJsSpoj4Azpg0RdqFGLh2Vh80,2021-01-30,-17,23,-20,-13,-9,5
MA,Morocco,,,Casablanca Metropolitan Area,,,ChIJsSpoj4Azpg0RdqFGLh2Vh80,2021-01-31,-16,15,-23,-11,-7,3
MA,Morocco,,,Casablanca Metropolitan Area,,,ChIJsSpoj4Azpg0RdqFGLh2Vh80,2021-02-01,-16,27,-18,-14,-13,7
MA,Morocco,,,Casablanca Metropolitan Area,,,ChIJsSpoj4Azpg0RdqFGLh2Vh80,2021-02-02,-15,32,-18,-13,-13,7
MA,Morocco,,,Casablanca Metropolitan Area,,,ChIJsSpoj4Azpg0RdqFGLh2Vh80,2021-02-03,-18,23,-24,-20,-12,7
MA,Morocco,,,Casablanca Metropolitan Area,,,ChIJsSpoj4Azpg0RdqFGLh2Vh80,2021-02-04,-19,23,-25,-18,-13,7
MA,Morocco,,,Casablanca Metropolitan Area,,,ChIJsSpoj4Azpg0RdqFGLh2Vh80,2021-02-05,-21,26,-30,-21,-11,9
MA,Morocco,,,Casablanca Metropolitan Area,,,ChIJsSpoj4Azpg0RdqFGLh2Vh80,2021-02-06,-21,16,-32,-24,-4,8
MA,Morocco,,,Casablanca Metropolitan Area,,,ChIJsSpoj4Azpg0RdqFGLh2Vh80,2021-02-07,-17,9,-24,-21,-6,6
MA,Morocco,,,Casablanca Metropolitan Area,,,ChIJsSpoj4Azpg0RdqFGLh2Vh80,2021-02-08,-19,20,-26,-20,-12,8
MA,Morocco,,,Casablanca Metropolitan Area,,,ChIJsSpoj4Azpg0RdqFGLh2Vh80,2021-02-09,-16,29,-23,-18,-12,8
MA,Morocco,,,Casablanca Metropolitan Area,,,ChIJsSpoj4Azpg0RdqFGLh2Vh80,2021-02-10,-15,27,-19,-18,-11,8
MA,Morocco,,,Casablanca Metropolitan Area,,,ChIJsSpoj4Azpg0RdqFGLh2Vh80,2021-02-11,-17,28,-26,-17,-12,8
MA,Morocco,,,Casablanca Metropolitan Area,,,ChIJsSpoj4Azpg0RdqFGLh2Vh80,2021-02-12,-17,33,-21,-18,-9,7
MA,Morocco,,,Casablanca Metropolitan Area,,,ChIJsSpoj4Azpg0RdqFGLh2Vh80,2021-02-13,-15,21,-17,-20,-3,5
MA,Morocco,,,Casablanca Metropolitan Area,,,ChIJsSpoj4Azpg0RdqFGLh2Vh80,2021-02-14,-15,8,-14,-19,-6,4
MA,Morocco,,,Casablanca Metropolitan Area,,,ChIJsSpoj4Azpg0RdqFGLh2Vh80,2021-02-15,-15,23,-19,-19,-12,7
MA,Morocco,,,Casablanca Metropolitan Area,,,ChIJsSpoj4Azpg0RdqFGLh2Vh80,2021-02-16,-15,26,-20,-19,-13,7
MA,Morocco,,,Casablanca Metropolitan Area,,,ChIJsSpoj4Azpg0RdqFGLh2Vh80,2021-02-17,-15,26,-20,-18,-11,7
MA,Morocco,,,Casablanca Metropolitan Area,,,ChIJsSpoj4Azpg0RdqFGLh2Vh80,2021-02-18,-15,30,-20,-15,-12,7
MA,Morocco,,,Casablanca Metropolitan Area,,,ChIJsSpoj4Azpg0RdqFGLh2Vh80,2021-02-19,-17,35,-21,-15,-10,7
MA,Morocco,,,Casablanca Metropolitan Area,,,ChIJsSpoj4Azpg0RdqFGLh2Vh80,2021-02-20,-15,25,-15,-17,-1,4
MA,Morocco,,,Casablanca Metropolitan Area,,,ChIJsSpoj4Azpg0RdqFGLh2Vh80,2021-02-21,-24,0,-38,-26,-8,7
MA,Morocco,,,Casablanca Metropolitan Area,,,ChIJsSpoj4Azpg0RdqFGLh2Vh80,2021-02-22,-15,27,-16,-17,-10,7
MA,Morocco,,,Casablanca Metropolitan Area,,,ChIJsSpoj4Azpg0RdqFGLh2Vh80,2021-02-23,-14,30,-18,-16,-11,7
MA,Morocco,,,Casablanca Metropolitan Area,,,ChIJsSpoj4Azpg0RdqFGLh2Vh80,2021-02-24,-14,28,-19,-17,-10,7
MA,Morocco,,,Casablanca Metropolitan Area,,,ChIJsSpoj4Azpg0RdqFGLh2Vh80,2021-02-25,-15,30,-23,-14,-11,6
MA,Morocco,,,Casablanca Metropolitan Area,,,ChIJsSpoj4Azpg0RdqFGLh2Vh80,2021-02-26,-17,37,-23,-14,-7,8
MA,Morocco,,,Casablanca Metropolitan Area,,,ChIJsSpoj4Azpg0RdqFGLh2Vh80,2021-02-27,-12,32,-13,-15,2,5
MA,Morocco,,,Casablanca Metropolitan Area,,,ChIJsSpoj4Azpg0RdqFGLh2Vh80,2021-02-28,-13,15,-16,-15,-3,4
MA,Morocco,,,Casablanca Metropolitan Area,,,ChIJsSpoj4Azpg0RdqFGLh2Vh80,2021-03-01,-10,36,-11,-12,-7,6
MA,Morocco,,,Casablanca Metropolitan Area,,,ChIJsSpoj4Azpg0RdqFGLh2Vh80,2021-03-02,-9,39,-14,-11,-8,6
MA,Morocco,,,Casablanca Metropolitan Area,,,ChIJsSpoj4Azpg0RdqFGLh2Vh80,2021-03-03,-10,36,-15,-12,-8,6
MA,Morocco,,,Casablanca Metropolitan Area,,,ChIJsSpoj4Azpg0RdqFGLh2Vh80,2021-03-04,-11,38,-19,-9,-8,6
MA,Morocco,,,Casablanca Metropolitan Area,,,ChIJsSpoj4Azpg0RdqFGLh2Vh80,2021-03-05,-16,38,-25,-13,-6,7
MA,Morocco,,,Casablanca Metropolitan Area,,,ChIJsSpoj4Azpg0RdqFGLh2Vh80,2021-03-06,-8,38,-10,-11,2,5
MA,Morocco,,,Casablanca Metropolitan Area,,,ChIJsSpoj4Azpg0RdqFGLh2Vh80,2021-03-07,-16,12,-26,-17,-5,6
MA,Morocco,,,Casablanca Metropolitan Area,,,ChIJsSpoj4Azpg0RdqFGLh2Vh80,2021-03-08,-9,35,-13,-12,-6,6
MA,Morocco,,,Casablanca Metropolitan Area,,,ChIJsSpoj4Azpg0RdqFGLh2Vh80,2021-03-09,-9,39,-15,-11,-7,6
MA,Morocco,,,Casablanca Metropolitan Area,,,ChIJsSpoj4Azpg0RdqFGLh2Vh80,2021-03-10,-8,36,-15,-11,-7,7
MA,Morocco,,,Casablanca Metropolitan Area,,,ChIJsSpoj4Azpg0RdqFGLh2Vh80,2021-03-11,-10,39,-16,-8,-8,7
MA,Morocco,,,Casablanca Metropolitan Area,,,ChIJsSpoj4Azpg0RdqFGLh2Vh80,2021-03-12,-12,45,-15,-8,-6,6
MA,Morocco,,,Casablanca Metropolitan Area,,,ChIJsSpoj4Azpg0RdqFGLh2Vh80,2021-03-13,-10,31,-8,-10,0,4
MA,Morocco,,,Casablanca Metropolitan Area,,,ChIJsSpoj4Azpg0RdqFGLh2Vh80,2021-03-14,-12,14,-9,-9,-6,2
MA,Morocco,,,Casablanca Metropolitan Area,,,ChIJsSpoj4Azpg0RdqFGLh2Vh80,2021-03-15,-12,30,-12,-12,-16,5
MA,Morocco,,,Casablanca Metropolitan Area,,,ChIJsSpoj4Azpg0RdqFGLh2Vh80,2021-03-16,-11,33,-12,-10,-18,5
MA,Morocco,,,Casablanca Metropolitan Area,,,ChIJsSpoj4Azpg0RdqFGLh2Vh80,2021-03-17,-11,31,-15,-12,-16,5
MA,Morocco,,,Casablanca Metropolitan Area,,,ChIJsSpoj4Azpg0RdqFGLh2Vh80,2021-03-18,-11,35,-15,-10,-17,4
MA,Morocco,,,Casablanca Metropolitan Area,,,ChIJsSpoj4Azpg0RdqFGLh2Vh80,2021-03-19,-14,39,-16,-11,-15,5
MA,Morocco,,,Casablanca Metropolitan Area,,,ChIJsSpoj4Azpg0RdqFGLh2Vh80,2021-03-20,-15,25,-22,-16,-6,4
MA,Morocco,,,Casablanca Metropolitan Area,,,ChIJsSpoj4Azpg0RdqFGLh2Vh80,2021-03-21,-16,11,-17,-13,-5,2
MA,Morocco,,,Casablanca Metropolitan Area,,,ChIJsSpoj4Azpg0RdqFGLh2Vh80,2021-03-22,-11,36,-11,-12,-7,6
MA,Morocco,,,Casablanca Metropolitan Area,,,ChIJsSpoj4Azpg0RdqFGLh2Vh80,2021-03-23,-11,38,-14,-12,-9,6
MA,Morocco,,,Casablanca Metropolitan Area,,,ChIJsSpoj4Azpg0RdqFGLh2Vh80,2021-03-24,-11,35,-13,-11,-7,6
MA,Morocco,,,Casablanca Metropolitan Area,,,ChIJsSpoj4Azpg0RdqFGLh2Vh80,2021-03-25,-12,37,-17,-9,-7,6
MA,Morocco,,,Casablanca Metropolitan Area,,,ChIJsSpoj4Azpg0RdqFGLh2Vh80,2021-03-26,-14,46,-16,-10,-5,7
MA,Morocco,,,Casablanca Metropolitan Area,,,ChIJsSpoj4Azpg0RdqFGLh2Vh80,2021-03-27,-13,32,-9,-13,3,5
MA,Morocco,,,Casablanca Metropolitan Area,,,ChIJsSpoj4Azpg0RdqFGLh2Vh80,2021-03-28,-15,15,-15,-13,-3,4
MA,Morocco,,,Casablanca Metropolitan Area,,,ChIJsSpoj4Azpg0RdqFGLh2Vh80,2021-03-29,-13,33,-15,-14,-5,7
MA,Morocco,,,Casablanca Metropolitan Area,,,ChIJsSpoj4Azpg0RdqFGLh2Vh80,2021-03-30,-10,39,-14,-5,-6,6
MA,Morocco,,,Casablanca Metropolitan Area,,,ChIJsSpoj4Azpg0RdqFGLh2Vh80,2021-03-31,-8,40,-12,-11,-6,6
MA,Morocco,,,Casablanca Metropolitan Area,,,ChIJsSpoj4Azpg0RdqFGLh2Vh80,2021-04-01,-6,49,-11,-4,-6,5
MA,Morocco,,,Casablanca Metropolitan Area,,,ChIJsSpoj4Azpg0RdqFGLh2Vh80,2021-04-02,-9,53,-9,-5,-4,6
MA,Morocco,,,Casablanca Metropolitan Area,,,ChIJsSpoj4Azpg0RdqFGLh2Vh80,2021-04-03,-8,40,-3,-8,2,4
MA,Morocco,,,Casablanca Metropolitan Area,,,ChIJsSpoj4Azpg0RdqFGLh2Vh80,2021-04-04,-10,24,-1,-9,-4,2
MA,Morocco,,,Fes Metropolitan Area,,,ChIJ3Q-0RKaLnw0RKN5TjZmEYfE,2021-01-01,-34,11,-45,-18,-43,20
MA,Morocco,,,Fes Metropolitan Area,,,ChIJ3Q-0RKaLnw0RKN5TjZmEYfE,2021-01-02,-22,23,-23,-9,-7,14
MA,Morocco,,,Fes Metropolitan Area,,,ChIJ3Q-0RKaLnw0RKN5TjZmEYfE,2021-01-03,-20,18,-19,1,-7,10
MA,Morocco,,,Fes Metropolitan Area,,,ChIJ3Q-0RKaLnw0RKN5TjZmEYfE,2021-01-04,-19,37,-18,-1,-8,10
MA,Morocco,,,Fes Metropolitan Area,,,ChIJ3Q-0RKaLnw0RKN5TjZmEYfE,2021-01-05,-26,22,-36,-15,-8,12
MA,Morocco,,,Fes Metropolitan Area,,,ChIJ3Q-0RKaLnw0RKN5TjZmEYfE,2021-01-06,-24,25,-35,-11,-8,13
MA,Morocco,,,Fes Metropolitan Area,,,ChIJ3Q-0RKaLnw0RKN5TjZmEYfE,2021-01-07,-21,33,-33,-14,-8,13
MA,Morocco,,,Fes Metropolitan Area,,,ChIJ3Q-0RKaLnw0RKN5TjZmEYfE,2021-01-08,-26,21,-42,-15,-6,13
MA,Morocco,,,Fes Metropolitan Area,,,ChIJ3Q-0RKaLnw0RKN5TjZmEYfE,2021-01-09,-23,14,-40,-14,1,13
MA,Morocco,,,Fes Metropolitan Area,,,ChIJ3Q-0RKaLnw0RKN5TjZmEYfE,2021-01-10,-22,4,-40,-18,-9,13
MA,Morocco,,,Fes Metropolitan Area,,,ChIJ3Q-0RKaLnw0RKN5TjZmEYfE,2021-01-11,-18,27,-32,-8,-39,16
MA,Morocco,,,Fes Metropolitan Area,,,ChIJ3Q-0RKaLnw0RKN5TjZmEYfE,2021-01-12,-19,31,-27,-11,-7,9
MA,Morocco,,,Fes Metropolitan Area,,,ChIJ3Q-0RKaLnw0RKN5TjZmEYfE,2021-01-13,-23,22,-31,-13,-10,7
MA,Morocco,,,Fes Metropolitan Area,,,ChIJ3Q-0RKaLnw0RKN5TjZmEYfE,2021-01-14,-25,21,-34,-27,-17,8
MA,Morocco,,,Fes Metropolitan Area,,,ChIJ3Q-0RKaLnw0RKN5TjZmEYfE,2021-01-15,-30,9,-42,-23,-17,8
MA,Morocco,,,Fes Metropolitan Area,,,ChIJ3Q-0RKaLnw0RKN5TjZmEYfE,2021-01-16,-29,3,-38,-27,-14,7
MA,Morocco,,,Fes Metropolitan Area,,,ChIJ3Q-0RKaLnw0RKN5TjZmEYfE,2021-01-17,-29,-4,-38,-26,-21,7
MA,Morocco,,,Fes Metropolitan Area,,,ChIJ3Q-0RKaLnw0RKN5TjZmEYfE,2021-01-18,-25,16,-35,-20,-17,7
MA,Morocco,,,Fes Metropolitan Area,,,ChIJ3Q-0RKaLnw0RKN5TjZmEYfE,2021-01-19,-25,17,-35,-23,-16,7
MA,Morocco,,,Fes Metropolitan Area,,,ChIJ3Q-0RKaLnw0RKN5TjZmEYfE,2021-01-20,-27,12,-38,-22,-16,7
MA,Morocco,,,Fes Metropolitan Area,,,ChIJ3Q-0RKaLnw0RKN5TjZmEYfE,2021-01-21,-24,21,-38,-23,-18,9
MA,Morocco,,,Fes Metropolitan Area,,,ChIJ3Q-0RKaLnw0RKN5TjZmEYfE,2021-01-22,-29,7,-49,-20,-16,9
MA,Morocco,,,Fes Metropolitan Area,,,ChIJ3Q-0RKaLnw0RKN5TjZmEYfE,2021-01-23,-23,12,-37,-15,-11,8
MA,Morocco,,,Fes Metropolitan Area,,,ChIJ3Q-0RKaLnw0RKN5TjZmEYfE,2021-01-24,-23,0,-30,-14,-16,6
MA,Morocco,,,Fes Metropolitan Area,,,ChIJ3Q-0RKaLnw0RKN5TjZmEYfE,2021-01-25,-19,22,-25,-13,-29,8
MA,Morocco,,,Fes Metropolitan Area,,,ChIJ3Q-0RKaLnw0RKN5TjZmEYfE,2021-01-26,-20,20,-27,-16,-28,7
MA,Morocco,,,Fes Metropolitan Area,,,ChIJ3Q-0RKaLnw0RKN5TjZmEYfE,2021-01-27,-21,22,-25,-15,-28,7
MA,Morocco,,,Fes Metropolitan Area,,,ChIJ3Q-0RKaLnw0RKN5TjZmEYfE,2021-01-28,-20,27,-24,-18,-30,7
MA,Morocco,,,Fes Metropolitan Area,,,ChIJ3Q-0RKaLnw0RKN5TjZmEYfE,2021-01-29,-21,26,-29,-12,-29,6
MA,Morocco,,,Fes Metropolitan Area,,,ChIJ3Q-0RKaLnw0RKN5TjZmEYfE,2021-01-30,-21,18,-30,-10,-17,5
MA,Morocco,,,Fes Metropolitan Area,,,ChIJ3Q-0RKaLnw0RKN5TjZmEYfE,2021-01-31,-19,10,-30,-9,-14,3
MA,Morocco,,,Fes Metropolitan Area,,,ChIJ3Q-0RKaLnw0RKN5TjZmEYfE,2021-02-01,-20,34,-28,-13,-15,5
MA,Morocco,,,Fes Metropolitan Area,,,ChIJ3Q-0RKaLnw0RKN5TjZmEYfE,2021-02-02,-21,34,-32,-21,-12,5
MA,Morocco,,,Fes Metropolitan Area,,,ChIJ3Q-0RKaLnw0RKN5TjZmEYfE,2021-02-03,-24,26,-33,-25,-14,5
MA,Morocco,,,Fes Metropolitan Area,,,ChIJ3Q-0RKaLnw0RKN5TjZmEYfE,2021-02-04,-24,27,-33,-31,-16,5
MA,Morocco,,,Fes Metropolitan Area,,,ChIJ3Q-0RKaLnw0RKN5TjZmEYfE,2021-02-05,-28,21,-39,-27,-12,7
MA,Morocco,,,Fes Metropolitan Area,,,ChIJ3Q-0RKaLnw0RKN5TjZmEYfE,2021-02-06,-26,12,-37,-28,-7,8
MA,Morocco,,,Fes Metropolitan Area,,,ChIJ3Q-0RKaLnw0RKN5TjZmEYfE,2021-02-07,-27,-1,-39,-30,-15,8
MA,Morocco,,,Fes Metropolitan Area,,,ChIJ3Q-0RKaLnw0RKN5TjZmEYfE,2021-02-08,-23,28,-33,-24,-14,6
MA,Morocco,,,Fes Metropolitan Area,,,ChIJ3Q-0RKaLnw0RKN5TjZmEYfE,2021-02-09,-21,33,-34,-27,-12,6
MA,Morocco,,,Fes Metropolitan Area,,,ChIJ3Q-0RKaLnw0RKN5TjZmEYfE,2021-02-10,-20,29,-23,-20,-13,5
MA,Morocco,,,Fes Metropolitan Area,,,ChIJ3Q-0RKaLnw0RKN5TjZmEYfE,2021-02-11,-22,33,-30,-27,-15,6
MA,Morocco,,,Fes Metropolitan Area,,,ChIJ3Q-0RKaLnw0RKN5TjZmEYfE,2021-02-12,-24,25,-32,-23,-12,4
MA,Morocco,,,Fes Metropolitan Area,,,ChIJ3Q-0RKaLnw0RKN5TjZmEYfE,2021-02-13,-21,19,-26,-25,-8,4
MA,Morocco,,,Fes Metropolitan Area,,,ChIJ3Q-0RKaLnw0RKN5TjZmEYfE,2021-02-14,-21,8,-23,-24,-13,3
MA,Morocco,,,Fes Metropolitan Area,,,ChIJ3Q-0RKaLnw0RKN5TjZmEYfE,2021-02-15,-22,32,-31,-23,-15,4
MA,Morocco,,,Fes Metropolitan Area,,,ChIJ3Q-0RKaLnw0RKN5TjZmEYfE,2021-02-16,-22,30,-31,-29,-13,4
MA,Morocco,,,Fes Metropolitan Area,,,ChIJ3Q-0RKaLnw0RKN5TjZmEYfE,2021-02-17,-21,32,-26,-21,-12,4
MA,Morocco,,,Fes Metropolitan Area,,,ChIJ3Q-0RKaLnw0RKN5TjZmEYfE,2021-02-18,-22,37,-26,-28,-14,5
MA,Morocco,,,Fes Metropolitan Area,,,ChIJ3Q-0RKaLnw0RKN5TjZmEYfE,2021-02-19,-22,30,-30,-22,-10,4
MA,Morocco,,,Fes Metropolitan Area,,,ChIJ3Q-0RKaLnw0RKN5TjZmEYfE,2021-02-20,-19,25,-22,-22,-6,3
MA,Morocco,,,Fes Metropolitan Area,,,ChIJ3Q-0RKaLnw0RKN5TjZmEYfE,2021-02-21,-28,-3,-44,-30,-14,6
MA,Morocco,,,Fes Metropolitan Area,,,ChIJ3Q-0RKaLnw0RKN5TjZmEYfE,2021-02-22,-19,36,-28,-20,-11,4
MA,Morocco,,,Fes Metropolitan Area,,,ChIJ3Q-0RKaLnw0RKN5TjZmEYfE,2021-02-23,-19,35,-28,-25,-10,4
MA,Morocco,,,Fes Metropolitan Area,,,ChIJ3Q-0RKaLnw0RKN5TjZmEYfE,2021-02-24,-20,32,-27,-24,-11,4
MA,Morocco,,,Fes Metropolitan Area,,,ChIJ3Q-0RKaLnw0RKN5TjZmEYfE,2021-02-25,-20,38,-28,-29,-12,4
MA,Morocco,,,Fes Metropolitan Area,,,ChIJ3Q-0RKaLnw0RKN5TjZmEYfE,2021-02-26,-22,30,-36,-22,-8,5
MA,Morocco,,,Fes Metropolitan Area,,,ChIJ3Q-0RKaLnw0RKN5TjZmEYfE,2021-02-27,-18,26,-27,-22,-3,4
MA,Morocco,,,Fes Metropolitan Area,,,ChIJ3Q-0RKaLnw0RKN5TjZmEYfE,2021-02-28,-17,13,-30,-23,-10,5
MA,Morocco,,,Fes Metropolitan Area,,,ChIJ3Q-0RKaLnw0RKN5TjZmEYfE,2021-03-01,-17,41,-29,-20,-9,4
MA,Morocco,,,Fes Metropolitan Area,,,ChIJ3Q-0RKaLnw0RKN5TjZmEYfE,2021-03-02,-14,43,-22,-23,-7,3
MA,Morocco,,,Fes Metropolitan Area,,,ChIJ3Q-0RKaLnw0RKN5TjZmEYfE,2021-03-03,-14,43,-23,-18,-9,3
MA,Morocco,,,Fes Metropolitan Area,,,ChIJ3Q-0RKaLnw0RKN5TjZmEYfE,2021-03-04,-16,41,-26,-24,-10,4
MA,Morocco,,,Fes Metropolitan Area,,,ChIJ3Q-0RKaLnw0RKN5TjZmEYfE,2021-03-05,-19,37,-31,-20,-6,5
MA,Morocco,,,Fes Metropolitan Area,,,ChIJ3Q-0RKaLnw0RKN5TjZmEYfE,2021-03-06,-16,26,-27,-25,0,5
MA,Morocco,,,Fes Metropolitan Area,,,ChIJ3Q-0RKaLnw0RKN5TjZmEYfE,2021-03-07,-19,10,-33,-24,-8,6
MA,Morocco,,,Fes Metropolitan Area,,,ChIJ3Q-0RKaLnw0RKN5TjZmEYfE,2021-03-08,-18,34,-34,-24,-9,4
MA,Morocco,,,Fes Metropolitan Area,,,ChIJ3Q-0RKaLnw0RKN5TjZmEYfE,2021-03-09,-14,42,-24,-25,-7,3
MA,Morocco,,,Fes Metropolitan Area,,,ChIJ3Q-0RKaLnw0RKN5TjZmEYfE,2021-03-10,-14,41,-19,-21,-8,4
MA,Morocco,,,Fes Metropolitan Area,,,ChIJ3Q-0RKaLnw0RKN5TjZmEYfE,2021-03-11,-17,46,-24,-21,-10,4
MA,Morocco,,,Fes Metropolitan Area,,,ChIJ3Q-0RKaLnw0RKN5TjZmEYfE,2021-03-12,-18,38,-28,-15,-7,4
MA,Morocco,,,Fes Metropolitan Area,,,ChIJ3Q-0RKaLnw0RKN5TjZmEYfE,2021-03-13,-13,30,-18,-17,-4,2
MA,Morocco,,,Fes Metropolitan Area,,,ChIJ3Q-0RKaLnw0RKN5TjZmEYfE,2021-03-14,-14,16,-15,-10,-12,1
MA,Morocco,,,Fes Metropolitan Area,,,ChIJ3Q-0RKaLnw0RKN5TjZmEYfE,2021-03-15,-13,43,-17,-11,-22,2
MA,Morocco,,,Fes Metropolitan Area,,,ChIJ3Q-0RKaLnw0RKN5TjZmEYfE,2021-03-16,-14,41,-18,-22,-21,2
MA,Morocco,,,Fes Metropolitan Area,,,ChIJ3Q-0RKaLnw0RKN5TjZmEYfE,2021-03-17,-15,41,-14,-14,-21,1
MA,Morocco,,,Fes Metropolitan Area,,,ChIJ3Q-0RKaLnw0RKN5TjZmEYfE,2021-03-18,-13,49,-14,-16,-22,3
MA,Morocco,,,Fes Metropolitan Area,,,ChIJ3Q-0RKaLnw0RKN5TjZmEYfE,2021-03-19,-17,37,-26,-12,-20,3
MA,Morocco,,,Fes Metropolitan Area,,,ChIJ3Q-0RKaLnw0RKN5TjZmEYfE,2021-03-20,-22,17,-37,-21,-14,5
MA,Morocco,,,Fes Metropolitan Area,,,ChIJ3Q-0RKaLnw0RKN5TjZmEYfE,2021-03-21,-12,23,-14,-6,-8,2
MA,Morocco,,,Fes Metropolitan Area,,,ChIJ3Q-0RKaLnw0RKN5TjZmEYfE,2021-03-22,-11,51,-17,-10,-9,3
MA,Morocco,,,Fes Metropolitan Area,,,ChIJ3Q-0RKaLnw0RKN5TjZmEYfE,2021-03-23,-12,49,-18,-22,-9,3
MA,Morocco,,,Fes Metropolitan Area,,,ChIJ3Q-0RKaLnw0RKN5TjZmEYfE,2021-03-24,-14,47,-18,-18,-8,3
MA,Morocco,,,Fes Metropolitan Area,,,ChIJ3Q-0RKaLnw0RKN5TjZmEYfE,2021-03-25,-15,45,-22,-22,-8,4
MA,Morocco,,,Fes Metropolitan Area,,,ChIJ3Q-0RKaLnw0RKN5TjZmEYfE,2021-03-26,-17,37,-26,-16,-6,3
MA,Morocco,,,Fes Metropolitan Area,,,ChIJ3Q-0RKaLnw0RKN5TjZmEYfE,2021-03-27,-16,31,-19,-25,-1,3
MA,Morocco,,,Fes Metropolitan Area,,,ChIJ3Q-0RKaLnw0RKN5TjZmEYfE,2021-03-28,-17,17,-20,-19,-8,3
MA,Morocco,,,Fes Metropolitan Area,,,ChIJ3Q-0RKaLnw0RKN5TjZmEYfE,2021-03-29,-17,42,-23,-23,-7,4
MA,Morocco,,,Fes Metropolitan Area,,,ChIJ3Q-0RKaLnw0RKN5TjZmEYfE,2021-03-30,-14,44,-23,-15,-5,3
MA,Morocco,,,Fes Metropolitan Area,,,ChIJ3Q-0RKaLnw0RKN5TjZmEYfE,2021-03-31,-14,46,-21,-20,-7,3
MA,Morocco,,,Fes Metropolitan Area,,,ChIJ3Q-0RKaLnw0RKN5TjZmEYfE,2021-04-01,-12,53,-19,-19,-7,3
MA,Morocco,,,Fes Metropolitan Area,,,ChIJ3Q-0RKaLnw0RKN5TjZmEYfE,2021-04-02,-14,46,-21,-18,-4,4
MA,Morocco,,,Fes Metropolitan Area,,,ChIJ3Q-0RKaLnw0RKN5TjZmEYfE,2021-04-03,-11,40,-12,-19,-2,3
MA,Morocco,,,Fes Metropolitan Area,,,ChIJ3Q-0RKaLnw0RKN5TjZmEYfE,2021-04-04,-12,25,-10,-18,-8,1
MA,Morocco,,,Marrakesh Metropolitan Area,,,ChIJTxlXcl7urw0RPqRAGHBidDE,2021-01-01,-48,1,-60,-27,-50,20
MA,Morocco,,,Marrakesh Metropolitan Area,,,ChIJTxlXcl7urw0RPqRAGHBidDE,2021-01-02,-46,1,-57,-21,-25,15
MA,Morocco,,,Marrakesh Metropolitan Area,,,ChIJTxlXcl7urw0RPqRAGHBidDE,2021-01-03,-46,-3,-59,-26,-23,13
MA,Morocco,,,Marrakesh Metropolitan Area,,,ChIJTxlXcl7urw0RPqRAGHBidDE,2021-01-04,-40,12,-50,-10,-19,12
MA,Morocco,,,Marrakesh Metropolitan Area,,,ChIJTxlXcl7urw0RPqRAGHBidDE,2021-01-05,-40,12,-50,-8,-20,13
MA,Morocco,,,Marrakesh Metropolitan Area,,,ChIJTxlXcl7urw0RPqRAGHBidDE,2021-01-06,-41,9,-50,-11,-17,14
MA,Morocco,,,Marrakesh Metropolitan Area,,,ChIJTxlXcl7urw0RPqRAGHBidDE,2021-01-07,-42,8,-55,-18,-18,14
MA,Morocco,,,Marrakesh Metropolitan Area,,,ChIJTxlXcl7urw0RPqRAGHBidDE,2021-01-08,-47,-1,-64,-21,-16,15
MA,Morocco,,,Marrakesh Metropolitan Area,,,ChIJTxlXcl7urw0RPqRAGHBidDE,2021-01-09,-48,-4,-66,-22,-19,15
MA,Morocco,,,Marrakesh Metropolitan Area,,,ChIJTxlXcl7urw0RPqRAGHBidDE,2021-01-10,-52,-20,-71,-35,-30,16
MA,Morocco,,,Marrakesh Metropolitan Area,,,ChIJTxlXcl7urw0RPqRAGHBidDE,2021-01-11,-40,6,-55,-14,-49,18
MA,Morocco,,,Marrakesh Metropolitan Area,,,ChIJTxlXcl7urw0RPqRAGHBidDE,2021-01-12,-39,5,-50,-7,-19,11
MA,Morocco,,,Marrakesh Metropolitan Area,,,ChIJTxlXcl7urw0RPqRAGHBidDE,2021-01-13,-42,0,-52,-15,-19,10
MA,Morocco,,,Marrakesh Metropolitan Area,,,ChIJTxlXcl7urw0RPqRAGHBidDE,2021-01-14,-43,-2,-59,-25,-24,10
MA,Morocco,,,Marrakesh Metropolitan Area,,,ChIJTxlXcl7urw0RPqRAGHBidDE,2021-01-15,-48,-9,-67,-29,-24,10
MA,Morocco,,,Marrakesh Metropolitan Area,,,ChIJTxlXcl7urw0RPqRAGHBidDE,2021-01-16,-48,-12,-64,-31,-28,10
MA,Morocco,,,Marrakesh Metropolitan Area,,,ChIJTxlXcl7urw0RPqRAGHBidDE,2021-01-17,-47,-17,-62,-36,-34,9
MA,Morocco,,,Marrakesh Metropolitan Area,,,ChIJTxlXcl7urw0RPqRAGHBidDE,2021-01-18,-43,-5,-58,-22,-26,10
MA,Morocco,,,Marrakesh Metropolitan Area,,,ChIJTxlXcl7urw0RPqRAGHBidDE,2021-01-19,-42,-4,-57,-20,-27,10
MA,Morocco,,,Marrakesh Metropolitan Area,,,ChIJTxlXcl7urw0RPqRAGHBidDE,2021-01-20,-43,-5,-59,-19,-23,11
MA,Morocco,,,Marrakesh Metropolitan Area,,,ChIJTxlXcl7urw0RPqRAGHBidDE,2021-01-21,-42,0,-57,-23,-25,11
MA,Morocco,,,Marrakesh Metropolitan Area,,,ChIJTxlXcl7urw0RPqRAGHBidDE,2021-01-22,-44,-4,-66,-23,-23,10
MA,Morocco,,,Marrakesh Metropolitan Area,,,ChIJTxlXcl7urw0RPqRAGHBidDE,2021-01-23,-45,-8,-62,-24,-27,10
MA,Morocco,,,Marrakesh Metropolitan Area,,,ChIJTxlXcl7urw0RPqRAGHBidDE,2021-01-24,-43,-14,-60,-29,-30,8
MA,Morocco,,,Marrakesh Metropolitan Area,,,ChIJTxlXcl7urw0RPqRAGHBidDE,2021-01-25,-37,2,-50,-12,-34,9
MA,Morocco,,,Marrakesh Metropolitan Area,,,ChIJTxlXcl7urw0RPqRAGHBidDE,2021-01-26,-36,2,-48,-14,-35,9
MA,Morocco,,,Marrakesh Metropolitan Area,,,ChIJTxlXcl7urw0RPqRAGHBidDE,2021-01-27,-36,2,-48,-15,-33,10
MA,Morocco,,,Marrakesh Metropolitan Area,,,ChIJTxlXcl7urw0RPqRAGHBidDE,2021-01-28,-36,6,-46,-19,-35,9
MA,Morocco,,,Marrakesh Metropolitan Area,,,ChIJTxlXcl7urw0RPqRAGHBidDE,2021-01-29,-39,9,-55,-18,-32,8
MA,Morocco,,,Marrakesh Metropolitan Area,,,ChIJTxlXcl7urw0RPqRAGHBidDE,2021-01-30,-40,3,-55,-20,-31,7
MA,Morocco,,,Marrakesh Metropolitan Area,,,ChIJTxlXcl7urw0RPqRAGHBidDE,2021-01-31,-41,-1,-57,-27,-29,5
MA,Morocco,,,Marrakesh Metropolitan Area,,,ChIJTxlXcl7urw0RPqRAGHBidDE,2021-02-01,-38,12,-54,-14,-23,6
MA,Morocco,,,Marrakesh Metropolitan Area,,,ChIJTxlXcl7urw0RPqRAGHBidDE,2021-02-02,-37,12,-53,-16,-23,7
MA,Morocco,,,Marrakesh Metropolitan Area,,,ChIJTxlXcl7urw0RPqRAGHBidDE,2021-02-03,-39,6,-56,-21,-21,8
MA,Morocco,,,Marrakesh Metropolitan Area,,,ChIJTxlXcl7urw0RPqRAGHBidDE,2021-02-04,-40,9,-58,-28,-23,7
MA,Morocco,,,Marrakesh Metropolitan Area,,,ChIJTxlXcl7urw0RPqRAGHBidDE,2021-02-05,-42,6,-64,-28,-19,8
MA,Morocco,,,Marrakesh Metropolitan Area,,,ChIJTxlXcl7urw0RPqRAGHBidDE,2021-02-06,-45,-5,-64,-31,-24,10
MA,Morocco,,,Marrakesh Metropolitan Area,,,ChIJTxlXcl7urw0RPqRAGHBidDE,2021-02-07,-43,-3,-59,-35,-28,8
MA,Morocco,,,Marrakesh Metropolitan Area,,,ChIJTxlXcl7urw0RPqRAGHBidDE,2021-02-08,-38,12,-55,-20,-23,7
MA,Morocco,,,Marrakesh Metropolitan Area,,,ChIJTxlXcl7urw0RPqRAGHBidDE,2021-02-09,-36,12,-52,-17,-22,8
MA,Morocco,,,Marrakesh Metropolitan Area,,,ChIJTxlXcl7urw0RPqRAGHBidDE,2021-02-10,-36,12,-54,-18,-20,8
MA,Morocco,,,Marrakesh Metropolitan Area,,,ChIJTxlXcl7urw0RPqRAGHBidDE,2021-02-11,-37,13,-56,-27,-20,8
MA,Morocco,,,Marrakesh Metropolitan Area,,,ChIJTxlXcl7urw0RPqRAGHBidDE,2021-02-12,-40,9,-63,-28,-18,8
MA,Morocco,,,Marrakesh Metropolitan Area,,,ChIJTxlXcl7urw0RPqRAGHBidDE,2021-02-13,-38,5,-60,-30,-23,7
MA,Morocco,,,Marrakesh Metropolitan Area,,,ChIJTxlXcl7urw0RPqRAGHBidDE,2021-02-14,-37,-1,-57,-36,-25,5
MA,Morocco,,,Marrakesh Metropolitan Area,,,ChIJTxlXcl7urw0RPqRAGHBidDE,2021-02-15,-36,13,-56,-23,-21,6
MA,Morocco,,,Marrakesh Metropolitan Area,,,ChIJTxlXcl7urw0RPqRAGHBidDE,2021-02-16,-35,15,-55,-21,-21,7
MA,Morocco,,,Marrakesh Metropolitan Area,,,ChIJTxlXcl7urw0RPqRAGHBidDE,2021-02-17,-35,14,-54,-22,-18,7
MA,Morocco,,,Marrakesh Metropolitan Area,,,ChIJTxlXcl7urw0RPqRAGHBidDE,2021-02-18,-36,18,-56,-26,-19,7
MA,Morocco,,,Marrakesh Metropolitan Area,,,ChIJTxlXcl7urw0RPqRAGHBidDE,2021-02-19,-37,17,-59,-25,-16,7
MA,Morocco,,,Marrakesh Metropolitan Area,,,ChIJTxlXcl7urw0RPqRAGHBidDE,2021-02-20,-35,11,-55,-27,-20,6
MA,Morocco,,,Marrakesh Metropolitan Area,,,ChIJTxlXcl7urw0RPqRAGHBidDE,2021-02-21,-43,-9,-70,-40,-28,9
MA,Morocco,,,Marrakesh Metropolitan Area,,,ChIJTxlXcl7urw0RPqRAGHBidDE,2021-02-22,-31,23,-49,-18,-18,6
MA,Morocco,,,Marrakesh Metropolitan Area,,,ChIJTxlXcl7urw0RPqRAGHBidDE,2021-02-23,-32,20,-50,-19,-19,7
MA,Morocco,,,Marrakesh Metropolitan Area,,,ChIJTxlXcl7urw0RPqRAGHBidDE,2021-02-24,-33,20,-51,-22,-16,7
MA,Morocco,,,Marrakesh Metropolitan Area,,,ChIJTxlXcl7urw0RPqRAGHBidDE,2021-02-25,-35,22,-54,-25,-15,7
MA,Morocco,,,Marrakesh Metropolitan Area,,,ChIJTxlXcl7urw0RPqRAGHBidDE,2021-02-26,-39,14,-67,-29,-15,9
MA,Morocco,,,Marrakesh Metropolitan Area,,,ChIJTxlXcl7urw0RPqRAGHBidDE,2021-02-27,-36,14,-59,-28,-16,8
MA,Morocco,,,Marrakesh Metropolitan Area,,,ChIJTxlXcl7urw0RPqRAGHBidDE,2021-02-28,-37,7,-57,-32,-21,7
MA,Morocco,,,Marrakesh Metropolitan Area,,,ChIJTxlXcl7urw0RPqRAGHBidDE,2021-03-01,-33,25,-53,-18,-15,6
MA,Morocco,,,Marrakesh Metropolitan Area,,,ChIJTxlXcl7urw0RPqRAGHBidDE,2021-03-02,-30,31,-49,-17,-16,6
MA,Morocco,,,Marrakesh Metropolitan Area,,,ChIJTxlXcl7urw0RPqRAGHBidDE,2021-03-03,-31,28,-49,-18,-15,7
MA,Morocco,,,Marrakesh Metropolitan Area,,,ChIJTxlXcl7urw0RPqRAGHBidDE,2021-03-04,-33,29,-52,-23,-16,7
MA,Morocco,,,Marrakesh Metropolitan Area,,,ChIJTxlXcl7urw0RPqRAGHBidDE,2021-03-05,-37,22,-61,-24,-12,7
MA,Morocco,,,Marrakesh Metropolitan Area,,,ChIJTxlXcl7urw0RPqRAGHBidDE,2021-03-06,-37,14,-59,-27,-17,8
MA,Morocco,,,Marrakesh Metropolitan Area,,,ChIJTxlXcl7urw0RPqRAGHBidDE,2021-03-07,-37,5,-60,-33,-22,8
MA,Morocco,,,Marrakesh Metropolitan Area,,,ChIJTxlXcl7urw0RPqRAGHBidDE,2021-03-08,-31,28,-52,-15,-16,6
MA,Morocco,,,Marrakesh Metropolitan Area,,,ChIJTxlXcl7urw0RPqRAGHBidDE,2021-03-09,-31,26,-51,-16,-16,7
MA,Morocco,,,Marrakesh Metropolitan Area,,,ChIJTxlXcl7urw0RPqRAGHBidDE,2021-03-10,-31,24,-48,-17,-13,7
MA,Morocco,,,Marrakesh Metropolitan Area,,,ChIJTxlXcl7urw0RPqRAGHBidDE,2021-03-11,-33,27,-51,-21,-14,7
MA,Morocco,,,Marrakesh Metropolitan Area,,,ChIJTxlXcl7urw0RPqRAGHBidDE,2021-03-12,-36,22,-57,-19,-12,6
MA,Morocco,,,Marrakesh Metropolitan Area,,,ChIJTxlXcl7urw0RPqRAGHBidDE,2021-03-13,-34,17,-52,-22,-17,5
MA,Morocco,,,Marrakesh Metropolitan Area,,,ChIJTxlXcl7urw0RPqRAGHBidDE,2021-03-14,-32,10,-48,-24,-24,4
MA,Morocco,,,Marrakesh Metropolitan Area,,,ChIJTxlXcl7urw0RPqRAGHBidDE,2021-03-15,-27,29,-40,-11,-27,5
MA,Morocco,,,Marrakesh Metropolitan Area,,,ChIJTxlXcl7urw0RPqRAGHBidDE,2021-03-16,-25,29,-36,-11,-28,5
MA,Morocco,,,Marrakesh Metropolitan Area,,,ChIJTxlXcl7urw0RPqRAGHBidDE,2021-03-17,-26,27,-34,-12,-25,5
MA,Morocco,,,Marrakesh Metropolitan Area,,,ChIJTxlXcl7urw0RPqRAGHBidDE,2021-03-18,-25,35,-34,-17,-25,5
MA,Morocco,,,Marrakesh Metropolitan Area,,,ChIJTxlXcl7urw0RPqRAGHBidDE,2021-03-19,-28,30,-43,-17,-23,6
MA,Morocco,,,Marrakesh Metropolitan Area,,,ChIJTxlXcl7urw0RPqRAGHBidDE,2021-03-20,-33,15,-54,-25,-24,6
MA,Morocco,,,Marrakesh Metropolitan Area,,,ChIJTxlXcl7urw0RPqRAGHBidDE,2021-03-21,-33,8,-50,-27,-21,3
MA,Morocco,,,Marrakesh Metropolitan Area,,,ChIJTxlXcl7urw0RPqRAGHBidDE,2021-03-22,-30,28,-50,-13,-15,6
MA,Morocco,,,Marrakesh Metropolitan Area,,,ChIJTxlXcl7urw0RPqRAGHBidDE,2021-03-23,-30,28,-48,-13,-16,6
MA,Morocco,,,Marrakesh Metropolitan Area,,,ChIJTxlXcl7urw0RPqRAGHBidDE,2021-03-24,-31,22,-48,-18,-14,6
MA,Morocco,,,Marrakesh Metropolitan Area,,,ChIJTxlXcl7urw0RPqRAGHBidDE,2021-03-25,-33,21,-52,-21,-14,6
MA,Morocco,,,Marrakesh Metropolitan Area,,,ChIJTxlXcl7urw0RPqRAGHBidDE,2021-03-26,-36,19,-57,-24,-12,7
MA,Morocco,,,Marrakesh Metropolitan Area,,,ChIJTxlXcl7urw0RPqRAGHBidDE,2021-03-27,-35,12,-56,-28,-15,6
MA,Morocco,,,Marrakesh Metropolitan Area,,,ChIJTxlXcl7urw0RPqRAGHBidDE,2021-03-28,-36,4,-55,-32,-20,6
MA,Morocco,,,Marrakesh Metropolitan Area,,,ChIJTxlXcl7urw0RPqRAGHBidDE,2021-03-29,-34,20,-51,-21,-14,6
MA,Morocco,,,Marrakesh Metropolitan Area,,,ChIJTxlXcl7urw0RPqRAGHBidDE,2021-03-30,-32,23,-51,-16,-13,6
MA,Morocco,,,Marrakesh Metropolitan Area,,,ChIJTxlXcl7urw0RPqRAGHBidDE,2021-03-31,-32,23,-51,-20,-12,6
MA,Morocco,,,Marrakesh Metropolitan Area,,,ChIJTxlXcl7urw0RPqRAGHBidDE,2021-04-01,-30,31,-49,-18,-12,6
MA,Morocco,,,Marrakesh Metropolitan Area,,,ChIJTxlXcl7urw0RPqRAGHBidDE,2021-04-02,-32,28,-57,-21,-10,7
MA,Morocco,,,Marrakesh Metropolitan Area,,,ChIJTxlXcl7urw0RPqRAGHBidDE,2021-04-03,-30,21,-50,-24,-14,6
MA,Morocco,,,Marrakesh Metropolitan Area,,,ChIJTxlXcl7urw0RPqRAGHBidDE,2021-04-04,-30,13,-48,-28,-21,4
