country_region_code,country_region,sub_region_1,sub_region_2,metro_area,iso_3166_2_code,census_fips_code,place_id,date,retail_and_recreation_percent_change_from_baseline,grocery_and_pharmacy_percent_change_from_baseline,parks_percent_change_from_baseline,transit_stations_percent_change_from_baseline,workplaces_percent_change_from_baseline,residential_percent_change_from_baseline
GA,Gabon,,,,,,ChIJ7fM4VIo7fxARFWt4Ng7DDHs,2021-01-01,-40,-42,36,-31,-69,18
GA,Gabon,,,,,,ChIJ7fM4VIo7fxARFWt4Ng7DDHs,2021-01-02,-20,-15,47,1,-23,10
GA,Gabon,,,,,,ChIJ7fM4VIo7fxARFWt4Ng7DDHs,2021-01-03,-10,-5,43,11,-10,7
GA,Gabon,,,,,,ChIJ7fM4VIo7fxARFWt4Ng7DDHs,2021-01-04,-8,-7,41,11,-12,6
GA,Gabon,,,,,,ChIJ7fM4VIo7fxARFWt4Ng7DDHs,2021-01-05,-8,-6,45,15,-10,5
GA,Gabon,,,,,,ChIJ7fM4VIo7fxARFWt4Ng7DDHs,2021-01-06,-8,-7,35,10,-9,6
GA,Gabon,,,,,,ChIJ7fM4VIo7fxARFWt4Ng7DDHs,2021-01-07,-8,-5,39,8,-7,5
GA,Gabon,,,,,,ChIJ7fM4VIo7fxARFWt4Ng7DDHs,2021-01-08,-6,-5,40,9,-6,4
GA,Gabon,,,,,,ChIJ7fM4VIo7fxARFWt4Ng7DDHs,2021-01-09,-10,-10,43,4,-7,2
GA,Gabon,,,,,,ChIJ7fM4VIo7fxARFWt4Ng7DDHs,2021-01-10,-11,-9,30,-1,-11,4
GA,Gabon,,,,,,ChIJ7fM4VIo7fxARFWt4Ng7DDHs,2021-01-11,-5,-8,34,12,-9,2
GA,Gabon,,,,,,ChIJ7fM4VIo7fxARFWt4Ng7DDHs,2021-01-12,-11,-12,37,3,-10,2
GA,Gabon,,,,,,ChIJ7fM4VIo7fxARFWt4Ng7DDHs,2021-01-13,-14,-19,28,3,-13,2
GA,Gabon,,,,,,ChIJ7fM4VIo7fxARFWt4Ng7DDHs,2021-01-14,-12,-14,32,0,-14,0
GA,Gabon,,,,,,ChIJ7fM4VIo7fxARFWt4Ng7DDHs,2021-01-15,-13,-15,31,-2,-15,1
GA,Gabon,,,,,,ChIJ7fM4VIo7fxARFWt4Ng7DDHs,2021-01-16,-18,-20,29,-6,-18,1
GA,Gabon,,,,,,ChIJ7fM4VIo7fxARFWt4Ng7DDHs,2021-01-17,-19,-19,16,-11,-23,3
GA,Gabon,,,,,,ChIJ7fM4VIo7fxARFWt4Ng7DDHs,2021-01-18,-15,-18,24,-3,-19,1
GA,Gabon,,,,,,ChIJ7fM4VIo7fxARFWt4Ng7DDHs,2021-01-19,-18,-19,22,-3,-17,1
GA,Gabon,,,,,,ChIJ7fM4VIo7fxARFWt4Ng7DDHs,2021-01-20,-16,-20,29,-4,-17,2
GA,Gabon,,,,,,ChIJ7fM4VIo7fxARFWt4Ng7DDHs,2021-01-21,-17,-18,24,-2,-15,2
GA,Gabon,,,,,,ChIJ7fM4VIo7fxARFWt4Ng7DDHs,2021-01-22,-18,-18,54,-4,-13,3
GA,Gabon,,,,,,ChIJ7fM4VIo7fxARFWt4Ng7DDHs,2021-01-23,-19,-18,57,-3,-14,2
GA,Gabon,,,,,,ChIJ7fM4VIo7fxARFWt4Ng7DDHs,2021-01-24,-15,-15,38,-6,-18,3
GA,Gabon,,,,,,ChIJ7fM4VIo7fxARFWt4Ng7DDHs,2021-01-25,-15,-17,58,-1,-15,3
GA,Gabon,,,,,,ChIJ7fM4VIo7fxARFWt4Ng7DDHs,2021-01-26,-18,-14,55,-3,-16,3
GA,Gabon,,,,,,ChIJ7fM4VIo7fxARFWt4Ng7DDHs,2021-01-27,-20,-20,45,-7,-19,5
GA,Gabon,,,,,,ChIJ7fM4VIo7fxARFWt4Ng7DDHs,2021-01-28,-18,-13,55,1,-15,2
GA,Gabon,,,,,,ChIJ7fM4VIo7fxARFWt4Ng7DDHs,2021-01-29,-17,-9,36,5,-14,1
GA,Gabon,,,,,,ChIJ7fM4VIo7fxARFWt4Ng7DDHs,2021-01-30,-19,-10,37,-4,-17,-2
GA,Gabon,,,,,,ChIJ7fM4VIo7fxARFWt4Ng7DDHs,2021-01-31,-20,-6,23,-10,-22,-1
GA,Gabon,,,,,,ChIJ7fM4VIo7fxARFWt4Ng7DDHs,2021-02-01,-15,-10,27,-1,-18,-2
GA,Gabon,,,,,,ChIJ7fM4VIo7fxARFWt4Ng7DDHs,2021-02-02,-16,-9,32,-1,-18,-2
GA,Gabon,,,,,,ChIJ7fM4VIo7fxARFWt4Ng7DDHs,2021-02-03,-24,-19,22,-12,-20,-1
GA,Gabon,,,,,,ChIJ7fM4VIo7fxARFWt4Ng7DDHs,2021-02-04,-25,-18,23,-14,-21,-1
GA,Gabon,,,,,,ChIJ7fM4VIo7fxARFWt4Ng7DDHs,2021-02-05,-23,-17,27,-9,-19,0
GA,Gabon,,,,,,ChIJ7fM4VIo7fxARFWt4Ng7DDHs,2021-02-06,-23,-17,31,-12,-21,-1
GA,Gabon,,,,,,ChIJ7fM4VIo7fxARFWt4Ng7DDHs,2021-02-07,-23,-13,20,-17,-27,0
GA,Gabon,,,,,,ChIJ7fM4VIo7fxARFWt4Ng7DDHs,2021-02-08,-20,-17,25,-11,-22,-1
GA,Gabon,,,,,,ChIJ7fM4VIo7fxARFWt4Ng7DDHs,2021-02-09,-19,-12,29,-7,-22,-1
GA,Gabon,,,,,,ChIJ7fM4VIo7fxARFWt4Ng7DDHs,2021-02-10,-21,-18,27,-13,-21,-1
GA,Gabon,,,,,,ChIJ7fM4VIo7fxARFWt4Ng7DDHs,2021-02-11,-25,-21,16,-16,-24,0
GA,Gabon,,,,,,ChIJ7fM4VIo7fxARFWt4Ng7DDHs,2021-02-12,-23,-14,19,-11,-22,-4
GA,Gabon,,,,,,ChIJ7fM4VIo7fxARFWt4Ng7DDHs,2021-02-13,-30,-20,14,-16,-30,-3
GA,Gabon,,,,,,ChIJ7fM4VIo7fxARFWt4Ng7DDHs,2021-02-14,-24,-12,13,-16,-31,-2
GA,Gabon,,,,,,ChIJ7fM4VIo7fxARFWt4Ng7DDHs,2021-02-15,-29,-23,6,-16,-28,-3
GA,Gabon,,,,,,ChIJ7fM4VIo7fxARFWt4Ng7DDHs,2021-02-16,-28,-18,12,-11,-27,-3
GA,Gabon,,,,,,ChIJ7fM4VIo7fxARFWt4Ng7DDHs,2021-02-17,-27,-21,7,-18,-26,-2
GA,Gabon,,,,,,ChIJ7fM4VIo7fxARFWt4Ng7DDHs,2021-02-18,-28,-19,5,-16,-25,-3
GA,Gabon,,,,,,ChIJ7fM4VIo7fxARFWt4Ng7DDHs,2021-02-19,-31,-21,7,-20,-24,0
GA,Gabon,,,,,,ChIJ7fM4VIo7fxARFWt4Ng7DDHs,2021-02-20,-33,-24,6,-22,-27,0
GA,Gabon,,,,,,ChIJ7fM4VIo7fxARFWt4Ng7DDHs,2021-02-21,-32,-18,4,-25,-33,1
GA,Gabon,,,,,,ChIJ7fM4VIo7fxARFWt4Ng7DDHs,2021-02-22,-32,-27,-1,-23,-29,0
GA,Gabon,,,,,,ChIJ7fM4VIo7fxARFWt4Ng7DDHs,2021-02-23,-30,-22,7,-15,-27,-1
GA,Gabon,,,,,,ChIJ7fM4VIo7fxARFWt4Ng7DDHs,2021-02-24,-32,-24,11,-16,-28,1
GA,Gabon,,,,,,ChIJ7fM4VIo7fxARFWt4Ng7DDHs,2021-02-25,-26,-14,9,-9,-26,-1
GA,Gabon,,,,,,ChIJ7fM4VIo7fxARFWt4Ng7DDHs,2021-02-26,-24,-10,23,-6,-24,-2
GA,Gabon,,,,,,ChIJ7fM4VIo7fxARFWt4Ng7DDHs,2021-02-27,-25,-8,19,-12,-24,-4
GA,Gabon,,,,,,ChIJ7fM4VIo7fxARFWt4Ng7DDHs,2021-02-28,-24,-5,15,-15,-32,-3
GA,Gabon,,,,,,ChIJ7fM4VIo7fxARFWt4Ng7DDHs,2021-03-01,-24,-13,17,-13,-26,-4
GA,Gabon,,,,,,ChIJ7fM4VIo7fxARFWt4Ng7DDHs,2021-03-02,-22,-9,16,-4,-26,-3
GA,Gabon,,,,,,ChIJ7fM4VIo7fxARFWt4Ng7DDHs,2021-03-03,-21,-13,20,-8,-26,-3
GA,Gabon,,,,,,ChIJ7fM4VIo7fxARFWt4Ng7DDHs,2021-03-04,-23,-11,12,-9,-25,-3
GA,Gabon,,,,,,ChIJ7fM4VIo7fxARFWt4Ng7DDHs,2021-03-05,-23,-10,14,-7,-23,-2
GA,Gabon,,,,,,ChIJ7fM4VIo7fxARFWt4Ng7DDHs,2021-03-06,-19,-6,24,-11,-25,-5
GA,Gabon,,,,,,ChIJ7fM4VIo7fxARFWt4Ng7DDHs,2021-03-07,-20,-4,16,-10,-29,-3
GA,Gabon,,,,,,ChIJ7fM4VIo7fxARFWt4Ng7DDHs,2021-03-08,-22,-12,17,-14,-25,-4
GA,Gabon,,,,,,ChIJ7fM4VIo7fxARFWt4Ng7DDHs,2021-03-09,-21,-13,19,-8,-24,-4
GA,Gabon,,,,,,ChIJ7fM4VIo7fxARFWt4Ng7DDHs,2021-03-10,-23,-17,11,-11,-26,-1
GA,Gabon,,,,,,ChIJ7fM4VIo7fxARFWt4Ng7DDHs,2021-03-11,-20,-10,9,-3,-22,-3
GA,Gabon,,,,,,ChIJ7fM4VIo7fxARFWt4Ng7DDHs,2021-03-12,-25,-15,12,-14,-24,0
GA,Gabon,,,,,,ChIJ7fM4VIo7fxARFWt4Ng7DDHs,2021-03-13,-20,-8,29,-7,-24,-5
GA,Gabon,,,,,,ChIJ7fM4VIo7fxARFWt4Ng7DDHs,2021-03-14,-26,-13,13,-15,-31,0
GA,Gabon,,,,,,ChIJ7fM4VIo7fxARFWt4Ng7DDHs,2021-03-15,-19,-13,16,-9,-24,-3
GA,Gabon,,,,,,ChIJ7fM4VIo7fxARFWt4Ng7DDHs,2021-03-16,-20,-11,22,-3,-23,-3
GA,Gabon,,,,,,ChIJ7fM4VIo7fxARFWt4Ng7DDHs,2021-03-17,-20,-14,23,-9,-22,-2
GA,Gabon,,,,,,ChIJ7fM4VIo7fxARFWt4Ng7DDHs,2021-03-18,-25,-10,31,0,-22,-1
GA,Gabon,,,,,,ChIJ7fM4VIo7fxARFWt4Ng7DDHs,2021-03-19,-24,-10,26,-4,-21,-2
GA,Gabon,,,,,,ChIJ7fM4VIo7fxARFWt4Ng7DDHs,2021-03-20,-22,-9,32,-7,-23,-4
GA,Gabon,,,,,,ChIJ7fM4VIo7fxARFWt4Ng7DDHs,2021-03-21,-24,-6,24,-7,-27,-3
GA,Gabon,,,,,,ChIJ7fM4VIo7fxARFWt4Ng7DDHs,2021-03-22,-28,-21,20,-19,-31,2
GA,Gabon,,,,,,ChIJ7fM4VIo7fxARFWt4Ng7DDHs,2021-03-23,-25,-15,30,-7,-27,0
GA,Gabon,,,,,,ChIJ7fM4VIo7fxARFWt4Ng7DDHs,2021-03-24,-25,-16,19,-9,-27,1
GA,Gabon,,,,,,ChIJ7fM4VIo7fxARFWt4Ng7DDHs,2021-03-25,-19,-5,20,0,-26,-1
GA,Gabon,,,,,,ChIJ7fM4VIo7fxARFWt4Ng7DDHs,2021-03-26,-19,-2,38,-1,-23,-1
GA,Gabon,,,,,,ChIJ7fM4VIo7fxARFWt4Ng7DDHs,2021-03-27,-18,1,40,-5,-26,-4
GA,Gabon,,,,,,ChIJ7fM4VIo7fxARFWt4Ng7DDHs,2021-03-28,-19,3,26,-6,-26,-4
GA,Gabon,,,,,,ChIJ7fM4VIo7fxARFWt4Ng7DDHs,2021-03-29,-19,-5,33,2,-23,-4
GA,Gabon,,,,,,ChIJ7fM4VIo7fxARFWt4Ng7DDHs,2021-03-30,-20,-5,36,2,-22,-4
GA,Gabon,,,,,,ChIJ7fM4VIo7fxARFWt4Ng7DDHs,2021-03-31,-17,-5,36,0,-22,-4
GA,Gabon,,,,,,ChIJ7fM4VIo7fxARFWt4Ng7DDHs,2021-04-01,-14,0,27,7,-19,-5
GA,Gabon,,,,,,ChIJ7fM4VIo7fxARFWt4Ng7DDHs,2021-04-02,-16,2,36,0,-19,-3
GA,Gabon,,,,,,ChIJ7fM4VIo7fxARFWt4Ng7DDHs,2021-04-03,-14,6,49,2,-20,-5
GA,Gabon,,,,,,ChIJ7fM4VIo7fxARFWt4Ng7DDHs,2021-04-04,-12,7,34,-4,-27,-5
GA,Gabon,Estuaire,,,GA-1,,ChIJ7fM4VIo7fxARzJXRXvGd41Q,2021-01-01,-45,-45,,-32,-71,18
GA,Gabon,Estuaire,,,GA-1,,ChIJ7fM4VIo7fxARzJXRXvGd41Q,2021-01-02,-21,-14,,2,-20,9
GA,Gabon,Estuaire,,,GA-1,,ChIJ7fM4VIo7fxARzJXRXvGd41Q,2021-01-03,-11,-4,,11,-5,7
GA,Gabon,Estuaire,,,GA-1,,ChIJ7fM4VIo7fxARzJXRXvGd41Q,2021-01-04,-10,-8,,11,-9,6
GA,Gabon,Estuaire,,,GA-1,,ChIJ7fM4VIo7fxARzJXRXvGd41Q,2021-01-05,-8,-4,,16,-7,5
GA,Gabon,Estuaire,,,GA-1,,ChIJ7fM4VIo7fxARzJXRXvGd41Q,2021-01-06,-8,-6,,10,-5,6
GA,Gabon,Estuaire,,,GA-1,,ChIJ7fM4VIo7fxARzJXRXvGd41Q,2021-01-07,-7,-2,,10,-5,5
GA,Gabon,Estuaire,,,GA-1,,ChIJ7fM4VIo7fxARzJXRXvGd41Q,2021-01-08,-9,-6,,11,-4,4
GA,Gabon,Estuaire,,,GA-1,,ChIJ7fM4VIo7fxARzJXRXvGd41Q,2021-01-09,-10,-9,,3,-3,2
GA,Gabon,Estuaire,,,GA-1,,ChIJ7fM4VIo7fxARzJXRXvGd41Q,2021-01-10,-11,-8,,-2,-8,4
GA,Gabon,Estuaire,,,GA-1,,ChIJ7fM4VIo7fxARzJXRXvGd41Q,2021-01-11,-7,-8,,11,-6,2
GA,Gabon,Estuaire,,,GA-1,,ChIJ7fM4VIo7fxARzJXRXvGd41Q,2021-01-12,-11,-10,,1,-8,1
GA,Gabon,Estuaire,,,GA-1,,ChIJ7fM4VIo7fxARzJXRXvGd41Q,2021-01-13,-16,-19,,2,-10,2
GA,Gabon,Estuaire,,,GA-1,,ChIJ7fM4VIo7fxARzJXRXvGd41Q,2021-01-14,-12,-11,,0,-12,0
GA,Gabon,Estuaire,,,GA-1,,ChIJ7fM4VIo7fxARzJXRXvGd41Q,2021-01-15,-15,-15,,0,-14,0
GA,Gabon,Estuaire,,,GA-1,,ChIJ7fM4VIo7fxARzJXRXvGd41Q,2021-01-16,-18,-19,,-7,-14,1
GA,Gabon,Estuaire,,,GA-1,,ChIJ7fM4VIo7fxARzJXRXvGd41Q,2021-01-17,-20,-17,,-10,-19,3
GA,Gabon,Estuaire,,,GA-1,,ChIJ7fM4VIo7fxARzJXRXvGd41Q,2021-01-18,-15,-17,,-6,-16,1
GA,Gabon,Estuaire,,,GA-1,,ChIJ7fM4VIo7fxARzJXRXvGd41Q,2021-01-19,-17,-18,,-3,-14,1
GA,Gabon,Estuaire,,,GA-1,,ChIJ7fM4VIo7fxARzJXRXvGd41Q,2021-01-20,-17,-18,,-5,-14,2
GA,Gabon,Estuaire,,,GA-1,,ChIJ7fM4VIo7fxARzJXRXvGd41Q,2021-01-21,-16,-16,,-1,-13,2
GA,Gabon,Estuaire,,,GA-1,,ChIJ7fM4VIo7fxARzJXRXvGd41Q,2021-01-22,-18,-18,,-3,-11,2
GA,Gabon,Estuaire,,,GA-1,,ChIJ7fM4VIo7fxARzJXRXvGd41Q,2021-01-23,-18,-17,,-3,-10,2
GA,Gabon,Estuaire,,,GA-1,,ChIJ7fM4VIo7fxARzJXRXvGd41Q,2021-01-24,-14,-12,,-7,-15,3
GA,Gabon,Estuaire,,,GA-1,,ChIJ7fM4VIo7fxARzJXRXvGd41Q,2021-01-25,-14,-17,,-3,-13,3
GA,Gabon,Estuaire,,,GA-1,,ChIJ7fM4VIo7fxARzJXRXvGd41Q,2021-01-26,-15,-10,,-2,-13,2
GA,Gabon,Estuaire,,,GA-1,,ChIJ7fM4VIo7fxARzJXRXvGd41Q,2021-01-27,-18,-17,,-8,-16,5
GA,Gabon,Estuaire,,,GA-1,,ChIJ7fM4VIo7fxARzJXRXvGd41Q,2021-01-28,-16,-10,,1,-13,2
GA,Gabon,Estuaire,,,GA-1,,ChIJ7fM4VIo7fxARzJXRXvGd41Q,2021-01-29,-16,-8,,6,-12,0
GA,Gabon,Estuaire,,,GA-1,,ChIJ7fM4VIo7fxARzJXRXvGd41Q,2021-01-30,-18,-8,,-4,-15,-2
GA,Gabon,Estuaire,,,GA-1,,ChIJ7fM4VIo7fxARzJXRXvGd41Q,2021-01-31,-20,-4,,-9,-18,-1
GA,Gabon,Estuaire,,,GA-1,,ChIJ7fM4VIo7fxARzJXRXvGd41Q,2021-02-01,-15,-10,,-4,-15,-2
GA,Gabon,Estuaire,,,GA-1,,ChIJ7fM4VIo7fxARzJXRXvGd41Q,2021-02-02,-15,-6,,-1,-16,-2
GA,Gabon,Estuaire,,,GA-1,,ChIJ7fM4VIo7fxARzJXRXvGd41Q,2021-02-03,-24,-19,,-11,-17,-1
GA,Gabon,Estuaire,,,GA-1,,ChIJ7fM4VIo7fxARzJXRXvGd41Q,2021-02-04,-24,-17,,-15,-19,-1
GA,Gabon,Estuaire,,,GA-1,,ChIJ7fM4VIo7fxARzJXRXvGd41Q,2021-02-05,-24,-18,,-8,-18,-1
GA,Gabon,Estuaire,,,GA-1,,ChIJ7fM4VIo7fxARzJXRXvGd41Q,2021-02-06,-23,-17,,-13,-18,-1
GA,Gabon,Estuaire,,,GA-1,,ChIJ7fM4VIo7fxARzJXRXvGd41Q,2021-02-07,-23,-13,,-17,-24,0
GA,Gabon,Estuaire,,,GA-1,,ChIJ7fM4VIo7fxARzJXRXvGd41Q,2021-02-08,-21,-17,,-13,-20,-1
GA,Gabon,Estuaire,,,GA-1,,ChIJ7fM4VIo7fxARzJXRXvGd41Q,2021-02-09,-18,-12,,-7,-19,-1
GA,Gabon,Estuaire,,,GA-1,,ChIJ7fM4VIo7fxARzJXRXvGd41Q,2021-02-10,-20,-17,,-12,-18,-1
GA,Gabon,Estuaire,,,GA-1,,ChIJ7fM4VIo7fxARzJXRXvGd41Q,2021-02-11,-24,-20,,-16,-23,0
GA,Gabon,Estuaire,,,GA-1,,ChIJ7fM4VIo7fxARzJXRXvGd41Q,2021-02-12,-23,-14,,-8,-21,-5
GA,Gabon,Estuaire,,,GA-1,,ChIJ7fM4VIo7fxARzJXRXvGd41Q,2021-02-13,-30,-18,,-17,-27,-3
GA,Gabon,Estuaire,,,GA-1,,ChIJ7fM4VIo7fxARzJXRXvGd41Q,2021-02-14,-23,-11,,-15,-28,-2
GA,Gabon,Estuaire,,,GA-1,,ChIJ7fM4VIo7fxARzJXRXvGd41Q,2021-02-15,-29,-22,,-16,-25,-3
GA,Gabon,Estuaire,,,GA-1,,ChIJ7fM4VIo7fxARzJXRXvGd41Q,2021-02-16,-28,-16,,-10,-24,-3
GA,Gabon,Estuaire,,,GA-1,,ChIJ7fM4VIo7fxARzJXRXvGd41Q,2021-02-17,-28,-20,,-18,-23,-2
GA,Gabon,Estuaire,,,GA-1,,ChIJ7fM4VIo7fxARzJXRXvGd41Q,2021-02-18,-26,-16,,-16,-23,-4
GA,Gabon,Estuaire,,,GA-1,,ChIJ7fM4VIo7fxARzJXRXvGd41Q,2021-02-19,-32,-22,,-19,-22,-1
GA,Gabon,Estuaire,,,GA-1,,ChIJ7fM4VIo7fxARzJXRXvGd41Q,2021-02-20,-33,-23,,-22,-24,-1
GA,Gabon,Estuaire,,,GA-1,,ChIJ7fM4VIo7fxARzJXRXvGd41Q,2021-02-21,-32,-16,,-24,-29,0
GA,Gabon,Estuaire,,,GA-1,,ChIJ7fM4VIo7fxARzJXRXvGd41Q,2021-02-22,-32,-26,,-25,-26,-1
GA,Gabon,Estuaire,,,GA-1,,ChIJ7fM4VIo7fxARzJXRXvGd41Q,2021-02-23,-29,-21,,-16,-24,-2
GA,Gabon,Estuaire,,,GA-1,,ChIJ7fM4VIo7fxARzJXRXvGd41Q,2021-02-24,-31,-22,,-16,-25,0
GA,Gabon,Estuaire,,,GA-1,,ChIJ7fM4VIo7fxARzJXRXvGd41Q,2021-02-25,-23,-10,,-8,-24,-2
GA,Gabon,Estuaire,,,GA-1,,ChIJ7fM4VIo7fxARzJXRXvGd41Q,2021-02-26,-25,-8,,-4,-23,-3
GA,Gabon,Estuaire,,,GA-1,,ChIJ7fM4VIo7fxARzJXRXvGd41Q,2021-02-27,-24,-5,,-11,-21,-5
GA,Gabon,Estuaire,,,GA-1,,ChIJ7fM4VIo7fxARzJXRXvGd41Q,2021-02-28,-23,-3,,-13,-28,-3
GA,Gabon,Estuaire,,,GA-1,,ChIJ7fM4VIo7fxARzJXRXvGd41Q,2021-03-01,-24,-11,,-14,-23,-4
GA,Gabon,Estuaire,,,GA-1,,ChIJ7fM4VIo7fxARzJXRXvGd41Q,2021-03-02,-22,-7,,-4,-24,-3
GA,Gabon,Estuaire,,,GA-1,,ChIJ7fM4VIo7fxARzJXRXvGd41Q,2021-03-03,-22,-11,,-8,-23,-4
GA,Gabon,Estuaire,,,GA-1,,ChIJ7fM4VIo7fxARzJXRXvGd41Q,2021-03-04,-22,-8,,-8,-24,-4
GA,Gabon,Estuaire,,,GA-1,,ChIJ7fM4VIo7fxARzJXRXvGd41Q,2021-03-05,-25,-10,,-5,-22,-3
GA,Gabon,Estuaire,,,GA-1,,ChIJ7fM4VIo7fxARzJXRXvGd41Q,2021-03-06,-19,-4,,-10,-22,-5
GA,Gabon,Estuaire,,,GA-1,,ChIJ7fM4VIo7fxARzJXRXvGd41Q,2021-03-07,-21,-2,,-8,-27,-4
GA,Gabon,Estuaire,,,GA-1,,ChIJ7fM4VIo7fxARzJXRXvGd41Q,2021-03-08,-24,-11,,-14,-22,-5
GA,Gabon,Estuaire,,,GA-1,,ChIJ7fM4VIo7fxARzJXRXvGd41Q,2021-03-09,-21,-11,,-8,-22,-5
GA,Gabon,Estuaire,,,GA-1,,ChIJ7fM4VIo7fxARzJXRXvGd41Q,2021-03-10,-24,-16,,-11,-23,-2
GA,Gabon,Estuaire,,,GA-1,,ChIJ7fM4VIo7fxARzJXRXvGd41Q,2021-03-11,-19,-8,,-3,-20,-4
GA,Gabon,Estuaire,,,GA-1,,ChIJ7fM4VIo7fxARzJXRXvGd41Q,2021-03-12,-27,-17,,-15,-23,-1
GA,Gabon,Estuaire,,,GA-1,,ChIJ7fM4VIo7fxARzJXRXvGd41Q,2021-03-13,-21,-8,,-8,-22,-5
GA,Gabon,Estuaire,,,GA-1,,ChIJ7fM4VIo7fxARzJXRXvGd41Q,2021-03-14,-27,-13,,-16,-28,-1
GA,Gabon,Estuaire,,,GA-1,,ChIJ7fM4VIo7fxARzJXRXvGd41Q,2021-03-15,-21,-12,,-11,-22,-3
GA,Gabon,Estuaire,,,GA-1,,ChIJ7fM4VIo7fxARzJXRXvGd41Q,2021-03-16,-19,-9,,-3,-21,-3
GA,Gabon,Estuaire,,,GA-1,,ChIJ7fM4VIo7fxARzJXRXvGd41Q,2021-03-17,-20,-13,,-9,-19,-3
GA,Gabon,Estuaire,,,GA-1,,ChIJ7fM4VIo7fxARzJXRXvGd41Q,2021-03-18,-24,-7,,2,-21,-1
GA,Gabon,Estuaire,,,GA-1,,ChIJ7fM4VIo7fxARzJXRXvGd41Q,2021-03-19,-26,-11,,-2,-20,-2
GA,Gabon,Estuaire,,,GA-1,,ChIJ7fM4VIo7fxARzJXRXvGd41Q,2021-03-20,-24,-8,,-8,-20,-5
GA,Gabon,Estuaire,,,GA-1,,ChIJ7fM4VIo7fxARzJXRXvGd41Q,2021-03-21,-24,-6,,-5,-24,-3
GA,Gabon,Estuaire,,,GA-1,,ChIJ7fM4VIo7fxARzJXRXvGd41Q,2021-03-22,-31,-22,,-21,-29,2
GA,Gabon,Estuaire,,,GA-1,,ChIJ7fM4VIo7fxARzJXRXvGd41Q,2021-03-23,-26,-14,,-5,-25,-1
GA,Gabon,Estuaire,,,GA-1,,ChIJ7fM4VIo7fxARzJXRXvGd41Q,2021-03-24,-26,-14,,-11,-25,1
GA,Gabon,Estuaire,,,GA-1,,ChIJ7fM4VIo7fxARzJXRXvGd41Q,2021-03-25,-20,-2,,2,-25,-1
GA,Gabon,Estuaire,,,GA-1,,ChIJ7fM4VIo7fxARzJXRXvGd41Q,2021-03-26,-20,-2,,2,-22,-2
GA,Gabon,Estuaire,,,GA-1,,ChIJ7fM4VIo7fxARzJXRXvGd41Q,2021-03-27,-19,4,,-6,-24,-5
GA,Gabon,Estuaire,,,GA-1,,ChIJ7fM4VIo7fxARzJXRXvGd41Q,2021-03-28,-19,5,,-6,-23,-4
GA,Gabon,Estuaire,,,GA-1,,ChIJ7fM4VIo7fxARzJXRXvGd41Q,2021-03-29,-21,-3,,-1,-21,-4
GA,Gabon,Estuaire,,,GA-1,,ChIJ7fM4VIo7fxARzJXRXvGd41Q,2021-03-30,-18,-1,,3,-20,-4
GA,Gabon,Estuaire,,,GA-1,,ChIJ7fM4VIo7fxARzJXRXvGd41Q,2021-03-31,-17,-3,,-1,-20,-4
GA,Gabon,Estuaire,,,GA-1,,ChIJ7fM4VIo7fxARzJXRXvGd41Q,2021-04-01,-15,4,,8,-17,-5
GA,Gabon,Estuaire,,,GA-1,,ChIJ7fM4VIo7fxARzJXRXvGd41Q,2021-04-02,-17,1,,-1,-17,-4
GA,Gabon,Estuaire,,,GA-1,,ChIJ7fM4VIo7fxARzJXRXvGd41Q,2021-04-03,-13,9,,4,-17,-6
GA,Gabon,Estuaire,,,GA-1,,ChIJ7fM4VIo7fxARzJXRXvGd41Q,2021-04-04,-12,9,,-3,-24,-5
GA,Gabon,Haut-Ogooue,,,GA-2,,ChIJAYoFZ56rcBoR-0qISkIyE24,2021-01-01,,,,,-61,
GA,Gabon,Haut-Ogooue,,,GA-2,,ChIJAYoFZ56rcBoR-0qISkIyE24,2021-01-04,,,,,-28,
GA,Gabon,Haut-Ogooue,,,GA-2,,ChIJAYoFZ56rcBoR-0qISkIyE24,2021-01-05,,,,,-20,
GA,Gabon,Haut-Ogooue,,,GA-2,,ChIJAYoFZ56rcBoR-0qISkIyE24,2021-01-06,,,,,-16,
GA,Gabon,Haut-Ogooue,,,GA-2,,ChIJAYoFZ56rcBoR-0qISkIyE24,2021-01-07,,,,,-17,
GA,Gabon,Haut-Ogooue,,,GA-2,,ChIJAYoFZ56rcBoR-0qISkIyE24,2021-01-08,,,,,-13,
GA,Gabon,Haut-Ogooue,,,GA-2,,ChIJAYoFZ56rcBoR-0qISkIyE24,2021-01-11,,,,,-21,
GA,Gabon,Haut-Ogooue,,,GA-2,,ChIJAYoFZ56rcBoR-0qISkIyE24,2021-01-12,,,,,-17,
GA,Gabon,Haut-Ogooue,,,GA-2,,ChIJAYoFZ56rcBoR-0qISkIyE24,2021-01-13,,,,,-16,
GA,Gabon,Haut-Ogooue,,,GA-2,,ChIJAYoFZ56rcBoR-0qISkIyE24,2021-01-14,,,,,-20,
GA,Gabon,Haut-Ogooue,,,GA-2,,ChIJAYoFZ56rcBoR-0qISkIyE24,2021-01-15,,,,,-21,
GA,Gabon,Haut-Ogooue,,,GA-2,,ChIJAYoFZ56rcBoR-0qISkIyE24,2021-01-18,,,,,-30,
GA,Gabon,Haut-Ogooue,,,GA-2,,ChIJAYoFZ56rcBoR-0qISkIyE24,2021-01-19,,,,,-35,
GA,Gabon,Haut-Ogooue,,,GA-2,,ChIJAYoFZ56rcBoR-0qISkIyE24,2021-01-20,,,,,-28,
GA,Gabon,Haut-Ogooue,,,GA-2,,ChIJAYoFZ56rcBoR-0qISkIyE24,2021-01-21,,,,,-26,
GA,Gabon,Haut-Ogooue,,,GA-2,,ChIJAYoFZ56rcBoR-0qISkIyE24,2021-01-22,,,,,-21,
GA,Gabon,Haut-Ogooue,,,GA-2,,ChIJAYoFZ56rcBoR-0qISkIyE24,2021-01-25,,,,,-22,
GA,Gabon,Haut-Ogooue,,,GA-2,,ChIJAYoFZ56rcBoR-0qISkIyE24,2021-01-26,,,,,-28,
GA,Gabon,Haut-Ogooue,,,GA-2,,ChIJAYoFZ56rcBoR-0qISkIyE24,2021-01-27,,,,,-19,
GA,Gabon,Haut-Ogooue,,,GA-2,,ChIJAYoFZ56rcBoR-0qISkIyE24,2021-01-28,,,,,-20,
GA,Gabon,Haut-Ogooue,,,GA-2,,ChIJAYoFZ56rcBoR-0qISkIyE24,2021-01-29,,,,,-23,
GA,Gabon,Haut-Ogooue,,,GA-2,,ChIJAYoFZ56rcBoR-0qISkIyE24,2021-02-01,,,,,-27,
GA,Gabon,Haut-Ogooue,,,GA-2,,ChIJAYoFZ56rcBoR-0qISkIyE24,2021-02-02,,,,,-23,
GA,Gabon,Haut-Ogooue,,,GA-2,,ChIJAYoFZ56rcBoR-0qISkIyE24,2021-02-03,,,,,-25,
GA,Gabon,Haut-Ogooue,,,GA-2,,ChIJAYoFZ56rcBoR-0qISkIyE24,2021-02-04,,,,,-35,
GA,Gabon,Haut-Ogooue,,,GA-2,,ChIJAYoFZ56rcBoR-0qISkIyE24,2021-02-05,,,,,-27,
GA,Gabon,Haut-Ogooue,,,GA-2,,ChIJAYoFZ56rcBoR-0qISkIyE24,2021-02-08,,,,,-34,
GA,Gabon,Haut-Ogooue,,,GA-2,,ChIJAYoFZ56rcBoR-0qISkIyE24,2021-02-09,,,,,-30,
GA,Gabon,Haut-Ogooue,,,GA-2,,ChIJAYoFZ56rcBoR-0qISkIyE24,2021-02-10,,,,,-29,
GA,Gabon,Haut-Ogooue,,,GA-2,,ChIJAYoFZ56rcBoR-0qISkIyE24,2021-02-11,,,,,-38,
GA,Gabon,Haut-Ogooue,,,GA-2,,ChIJAYoFZ56rcBoR-0qISkIyE24,2021-02-12,,,,,-29,
GA,Gabon,Haut-Ogooue,,,GA-2,,ChIJAYoFZ56rcBoR-0qISkIyE24,2021-02-15,,,,,-37,
GA,Gabon,Haut-Ogooue,,,GA-2,,ChIJAYoFZ56rcBoR-0qISkIyE24,2021-02-16,,,,,-35,
GA,Gabon,Haut-Ogooue,,,GA-2,,ChIJAYoFZ56rcBoR-0qISkIyE24,2021-02-17,,,,,-39,
GA,Gabon,Haut-Ogooue,,,GA-2,,ChIJAYoFZ56rcBoR-0qISkIyE24,2021-02-18,,,,,-31,
GA,Gabon,Haut-Ogooue,,,GA-2,,ChIJAYoFZ56rcBoR-0qISkIyE24,2021-02-19,,,,,-39,
GA,Gabon,Haut-Ogooue,,,GA-2,,ChIJAYoFZ56rcBoR-0qISkIyE24,2021-02-22,,,,,-39,
GA,Gabon,Haut-Ogooue,,,GA-2,,ChIJAYoFZ56rcBoR-0qISkIyE24,2021-02-23,,,,,-34,
GA,Gabon,Haut-Ogooue,,,GA-2,,ChIJAYoFZ56rcBoR-0qISkIyE24,2021-02-24,,,,,-32,
GA,Gabon,Haut-Ogooue,,,GA-2,,ChIJAYoFZ56rcBoR-0qISkIyE24,2021-02-25,,,,,-36,
GA,Gabon,Haut-Ogooue,,,GA-2,,ChIJAYoFZ56rcBoR-0qISkIyE24,2021-02-26,,,,,-30,
GA,Gabon,Haut-Ogooue,,,GA-2,,ChIJAYoFZ56rcBoR-0qISkIyE24,2021-03-01,,,,,-37,
GA,Gabon,Haut-Ogooue,,,GA-2,,ChIJAYoFZ56rcBoR-0qISkIyE24,2021-03-02,,,,,-34,
GA,Gabon,Haut-Ogooue,,,GA-2,,ChIJAYoFZ56rcBoR-0qISkIyE24,2021-03-03,,,,,-34,
GA,Gabon,Haut-Ogooue,,,GA-2,,ChIJAYoFZ56rcBoR-0qISkIyE24,2021-03-04,,,,,-34,
GA,Gabon,Haut-Ogooue,,,GA-2,,ChIJAYoFZ56rcBoR-0qISkIyE24,2021-03-05,,,,,-32,
GA,Gabon,Haut-Ogooue,,,GA-2,,ChIJAYoFZ56rcBoR-0qISkIyE24,2021-03-08,,,,,-40,
GA,Gabon,Haut-Ogooue,,,GA-2,,ChIJAYoFZ56rcBoR-0qISkIyE24,2021-03-09,,,,,-32,
GA,Gabon,Haut-Ogooue,,,GA-2,,ChIJAYoFZ56rcBoR-0qISkIyE24,2021-03-10,,,,,-31,
GA,Gabon,Haut-Ogooue,,,GA-2,,ChIJAYoFZ56rcBoR-0qISkIyE24,2021-03-11,,,,,-36,
GA,Gabon,Haut-Ogooue,,,GA-2,,ChIJAYoFZ56rcBoR-0qISkIyE24,2021-03-12,,,,,-32,
GA,Gabon,Haut-Ogooue,,,GA-2,,ChIJAYoFZ56rcBoR-0qISkIyE24,2021-03-15,,,,,-30,
GA,Gabon,Haut-Ogooue,,,GA-2,,ChIJAYoFZ56rcBoR-0qISkIyE24,2021-03-16,,,,,-34,
GA,Gabon,Haut-Ogooue,,,GA-2,,ChIJAYoFZ56rcBoR-0qISkIyE24,2021-03-17,,,,,-28,
GA,Gabon,Haut-Ogooue,,,GA-2,,ChIJAYoFZ56rcBoR-0qISkIyE24,2021-03-18,,,,,-34,
GA,Gabon,Haut-Ogooue,,,GA-2,,ChIJAYoFZ56rcBoR-0qISkIyE24,2021-03-19,,,,,-31,
GA,Gabon,Haut-Ogooue,,,GA-2,,ChIJAYoFZ56rcBoR-0qISkIyE24,2021-03-22,,,,,-41,
GA,Gabon,Haut-Ogooue,,,GA-2,,ChIJAYoFZ56rcBoR-0qISkIyE24,2021-03-23,,,,,-37,
GA,Gabon,Haut-Ogooue,,,GA-2,,ChIJAYoFZ56rcBoR-0qISkIyE24,2021-03-24,,,,,-36,
GA,Gabon,Haut-Ogooue,,,GA-2,,ChIJAYoFZ56rcBoR-0qISkIyE24,2021-03-25,,,,,-32,
GA,Gabon,Haut-Ogooue,,,GA-2,,ChIJAYoFZ56rcBoR-0qISkIyE24,2021-03-26,,,,,-29,
GA,Gabon,Haut-Ogooue,,,GA-2,,ChIJAYoFZ56rcBoR-0qISkIyE24,2021-03-29,,,,,-25,
GA,Gabon,Haut-Ogooue,,,GA-2,,ChIJAYoFZ56rcBoR-0qISkIyE24,2021-03-30,,,,,-32,
GA,Gabon,Haut-Ogooue,,,GA-2,,ChIJAYoFZ56rcBoR-0qISkIyE24,2021-03-31,,,,,-24,
GA,Gabon,Haut-Ogooue,,,GA-2,,ChIJAYoFZ56rcBoR-0qISkIyE24,2021-04-01,,,,,-31,
GA,Gabon,Haut-Ogooue,,,GA-2,,ChIJAYoFZ56rcBoR-0qISkIyE24,2021-04-02,,,,,-26,
GA,Gabon,Ogooue-Maritime,,,GA-8,,ChIJu0Ov_Q23gxoRD3s6n1TY5Sc,2021-01-01,-32,-40,,,-70,
GA,Gabon,Ogooue-Maritime,,,GA-8,,ChIJu0Ov_Q23gxoRD3s6n1TY5Sc,2021-01-02,-23,-19,,,-31,
GA,Gabon,Ogooue-Maritime,,,GA-8,,ChIJu0Ov_Q23gxoRD3s6n1TY5Sc,2021-01-03,-18,-9,,,-22,
GA,Gabon,Ogooue-Maritime,,,GA-8,,ChIJu0Ov_Q23gxoRD3s6n1TY5Sc,2021-01-04,-7,-10,,,-20,
GA,Gabon,Ogooue-Maritime,,,GA-8,,ChIJu0Ov_Q23gxoRD3s6n1TY5Sc,2021-01-05,-15,-18,,,-22,
GA,Gabon,Ogooue-Maritime,,,GA-8,,ChIJu0Ov_Q23gxoRD3s6n1TY5Sc,2021-01-06,-10,-17,,,-18,
GA,Gabon,Ogooue-Maritime,,,GA-8,,ChIJu0Ov_Q23gxoRD3s6n1TY5Sc,2021-01-07,-16,-21,,,-21,
GA,Gabon,Ogooue-Maritime,,,GA-8,,ChIJu0Ov_Q23gxoRD3s6n1TY5Sc,2021-01-08,-7,-6,,,-14,
GA,Gabon,Ogooue-Maritime,,,GA-8,,ChIJu0Ov_Q23gxoRD3s6n1TY5Sc,2021-01-09,-15,-15,,,-17,
GA,Gabon,Ogooue-Maritime,,,GA-8,,ChIJu0Ov_Q23gxoRD3s6n1TY5Sc,2021-01-10,-18,-18,,,-24,
GA,Gabon,Ogooue-Maritime,,,GA-8,,ChIJu0Ov_Q23gxoRD3s6n1TY5Sc,2021-01-11,,-16,,,-18,
GA,Gabon,Ogooue-Maritime,,,GA-8,,ChIJu0Ov_Q23gxoRD3s6n1TY5Sc,2021-01-12,-16,-25,,,-19,
GA,Gabon,Ogooue-Maritime,,,GA-8,,ChIJu0Ov_Q23gxoRD3s6n1TY5Sc,2021-01-13,-18,-30,,,-19,
GA,Gabon,Ogooue-Maritime,,,GA-8,,ChIJu0Ov_Q23gxoRD3s6n1TY5Sc,2021-01-14,-16,-32,,,-23,
GA,Gabon,Ogooue-Maritime,,,GA-8,,ChIJu0Ov_Q23gxoRD3s6n1TY5Sc,2021-01-15,-15,-25,,,-21,
GA,Gabon,Ogooue-Maritime,,,GA-8,,ChIJu0Ov_Q23gxoRD3s6n1TY5Sc,2021-01-16,-23,-24,,,-25,
GA,Gabon,Ogooue-Maritime,,,GA-8,,ChIJu0Ov_Q23gxoRD3s6n1TY5Sc,2021-01-17,-27,-29,,,-29,
GA,Gabon,Ogooue-Maritime,,,GA-8,,ChIJu0Ov_Q23gxoRD3s6n1TY5Sc,2021-01-18,-18,-32,,,-25,
GA,Gabon,Ogooue-Maritime,,,GA-8,,ChIJu0Ov_Q23gxoRD3s6n1TY5Sc,2021-01-19,-23,-34,,,-25,
GA,Gabon,Ogooue-Maritime,,,GA-8,,ChIJu0Ov_Q23gxoRD3s6n1TY5Sc,2021-01-20,-24,-30,,,-24,
GA,Gabon,Ogooue-Maritime,,,GA-8,,ChIJu0Ov_Q23gxoRD3s6n1TY5Sc,2021-01-21,-23,-34,,,-24,
GA,Gabon,Ogooue-Maritime,,,GA-8,,ChIJu0Ov_Q23gxoRD3s6n1TY5Sc,2021-01-22,-24,-33,,,-23,
GA,Gabon,Ogooue-Maritime,,,GA-8,,ChIJu0Ov_Q23gxoRD3s6n1TY5Sc,2021-01-23,-26,-25,,,-22,
GA,Gabon,Ogooue-Maritime,,,GA-8,,ChIJu0Ov_Q23gxoRD3s6n1TY5Sc,2021-01-24,-28,-32,,,-26,
GA,Gabon,Ogooue-Maritime,,,GA-8,,ChIJu0Ov_Q23gxoRD3s6n1TY5Sc,2021-01-25,-22,-31,,,-22,
GA,Gabon,Ogooue-Maritime,,,GA-8,,ChIJu0Ov_Q23gxoRD3s6n1TY5Sc,2021-01-26,-32,-37,,,-23,
GA,Gabon,Ogooue-Maritime,,,GA-8,,ChIJu0Ov_Q23gxoRD3s6n1TY5Sc,2021-01-27,-38,-41,,,-24,
GA,Gabon,Ogooue-Maritime,,,GA-8,,ChIJu0Ov_Q23gxoRD3s6n1TY5Sc,2021-01-28,-30,-32,,,-24,
GA,Gabon,Ogooue-Maritime,,,GA-8,,ChIJu0Ov_Q23gxoRD3s6n1TY5Sc,2021-01-29,-28,-25,,,-21,
GA,Gabon,Ogooue-Maritime,,,GA-8,,ChIJu0Ov_Q23gxoRD3s6n1TY5Sc,2021-01-30,-28,-17,,,-24,
GA,Gabon,Ogooue-Maritime,,,GA-8,,ChIJu0Ov_Q23gxoRD3s6n1TY5Sc,2021-01-31,-31,-15,,,-28,
GA,Gabon,Ogooue-Maritime,,,GA-8,,ChIJu0Ov_Q23gxoRD3s6n1TY5Sc,2021-02-01,-19,-19,,,-23,
GA,Gabon,Ogooue-Maritime,,,GA-8,,ChIJu0Ov_Q23gxoRD3s6n1TY5Sc,2021-02-02,-24,-27,,,-26,
GA,Gabon,Ogooue-Maritime,,,GA-8,,ChIJu0Ov_Q23gxoRD3s6n1TY5Sc,2021-02-03,-28,-25,,,-27,
GA,Gabon,Ogooue-Maritime,,,GA-8,,ChIJu0Ov_Q23gxoRD3s6n1TY5Sc,2021-02-04,-30,-28,,,-28,
GA,Gabon,Ogooue-Maritime,,,GA-8,,ChIJu0Ov_Q23gxoRD3s6n1TY5Sc,2021-02-05,-26,-23,,,-23,
GA,Gabon,Ogooue-Maritime,,,GA-8,,ChIJu0Ov_Q23gxoRD3s6n1TY5Sc,2021-02-06,-28,-18,,,-29,
GA,Gabon,Ogooue-Maritime,,,GA-8,,ChIJu0Ov_Q23gxoRD3s6n1TY5Sc,2021-02-07,-30,-17,,,-32,
GA,Gabon,Ogooue-Maritime,,,GA-8,,ChIJu0Ov_Q23gxoRD3s6n1TY5Sc,2021-02-08,-19,-26,,,-26,
GA,Gabon,Ogooue-Maritime,,,GA-8,,ChIJu0Ov_Q23gxoRD3s6n1TY5Sc,2021-02-09,-27,-22,,,-28,
GA,Gabon,Ogooue-Maritime,,,GA-8,,ChIJu0Ov_Q23gxoRD3s6n1TY5Sc,2021-02-10,-27,-29,,,-28,
GA,Gabon,Ogooue-Maritime,,,GA-8,,ChIJu0Ov_Q23gxoRD3s6n1TY5Sc,2021-02-11,-27,-32,,,-27,
GA,Gabon,Ogooue-Maritime,,,GA-8,,ChIJu0Ov_Q23gxoRD3s6n1TY5Sc,2021-02-12,-28,-24,,,-25,
GA,Gabon,Ogooue-Maritime,,,GA-8,,ChIJu0Ov_Q23gxoRD3s6n1TY5Sc,2021-02-13,-34,-29,,,-32,
GA,Gabon,Ogooue-Maritime,,,GA-8,,ChIJu0Ov_Q23gxoRD3s6n1TY5Sc,2021-02-14,-33,-19,,,-38,
GA,Gabon,Ogooue-Maritime,,,GA-8,,ChIJu0Ov_Q23gxoRD3s6n1TY5Sc,2021-02-15,-26,-32,,,-33,
GA,Gabon,Ogooue-Maritime,,,GA-8,,ChIJu0Ov_Q23gxoRD3s6n1TY5Sc,2021-02-16,-29,-30,,,-36,
GA,Gabon,Ogooue-Maritime,,,GA-8,,ChIJu0Ov_Q23gxoRD3s6n1TY5Sc,2021-02-17,-30,-32,,,-33,
GA,Gabon,Ogooue-Maritime,,,GA-8,,ChIJu0Ov_Q23gxoRD3s6n1TY5Sc,2021-02-18,-35,-37,,,-32,
GA,Gabon,Ogooue-Maritime,,,GA-8,,ChIJu0Ov_Q23gxoRD3s6n1TY5Sc,2021-02-19,-35,-28,,,-30,
GA,Gabon,Ogooue-Maritime,,,GA-8,,ChIJu0Ov_Q23gxoRD3s6n1TY5Sc,2021-02-20,-38,-34,,,-36,
GA,Gabon,Ogooue-Maritime,,,GA-8,,ChIJu0Ov_Q23gxoRD3s6n1TY5Sc,2021-02-21,-40,-32,,,-43,
GA,Gabon,Ogooue-Maritime,,,GA-8,,ChIJu0Ov_Q23gxoRD3s6n1TY5Sc,2021-02-22,-36,-39,,,-34,
GA,Gabon,Ogooue-Maritime,,,GA-8,,ChIJu0Ov_Q23gxoRD3s6n1TY5Sc,2021-02-23,-34,-35,,,-35,
GA,Gabon,Ogooue-Maritime,,,GA-8,,ChIJu0Ov_Q23gxoRD3s6n1TY5Sc,2021-02-24,-39,-41,,,-35,
GA,Gabon,Ogooue-Maritime,,,GA-8,,ChIJu0Ov_Q23gxoRD3s6n1TY5Sc,2021-02-25,-33,-38,,,-35,
GA,Gabon,Ogooue-Maritime,,,GA-8,,ChIJu0Ov_Q23gxoRD3s6n1TY5Sc,2021-02-26,-29,-33,,,-30,
GA,Gabon,Ogooue-Maritime,,,GA-8,,ChIJu0Ov_Q23gxoRD3s6n1TY5Sc,2021-02-27,-30,-24,,,-29,
GA,Gabon,Ogooue-Maritime,,,GA-8,,ChIJu0Ov_Q23gxoRD3s6n1TY5Sc,2021-02-28,-29,-12,,,-37,
GA,Gabon,Ogooue-Maritime,,,GA-8,,ChIJu0Ov_Q23gxoRD3s6n1TY5Sc,2021-03-01,-23,-34,,,-32,
GA,Gabon,Ogooue-Maritime,,,GA-8,,ChIJu0Ov_Q23gxoRD3s6n1TY5Sc,2021-03-02,-23,-29,,,-32,
GA,Gabon,Ogooue-Maritime,,,GA-8,,ChIJu0Ov_Q23gxoRD3s6n1TY5Sc,2021-03-03,-24,-29,,,-33,
GA,Gabon,Ogooue-Maritime,,,GA-8,,ChIJu0Ov_Q23gxoRD3s6n1TY5Sc,2021-03-04,-24,-30,,,-32,
GA,Gabon,Ogooue-Maritime,,,GA-8,,ChIJu0Ov_Q23gxoRD3s6n1TY5Sc,2021-03-05,-21,-23,,,-27,
GA,Gabon,Ogooue-Maritime,,,GA-8,,ChIJu0Ov_Q23gxoRD3s6n1TY5Sc,2021-03-06,-22,-11,,,-29,
GA,Gabon,Ogooue-Maritime,,,GA-8,,ChIJu0Ov_Q23gxoRD3s6n1TY5Sc,2021-03-07,-20,-12,,,-31,
GA,Gabon,Ogooue-Maritime,,,GA-8,,ChIJu0Ov_Q23gxoRD3s6n1TY5Sc,2021-03-08,-13,-25,,,-28,
GA,Gabon,Ogooue-Maritime,,,GA-8,,ChIJu0Ov_Q23gxoRD3s6n1TY5Sc,2021-03-09,-19,-27,,,-30,
GA,Gabon,Ogooue-Maritime,,,GA-8,,ChIJu0Ov_Q23gxoRD3s6n1TY5Sc,2021-03-10,-24,-29,,,-29,
GA,Gabon,Ogooue-Maritime,,,GA-8,,ChIJu0Ov_Q23gxoRD3s6n1TY5Sc,2021-03-11,-19,-28,,,-29,
GA,Gabon,Ogooue-Maritime,,,GA-8,,ChIJu0Ov_Q23gxoRD3s6n1TY5Sc,2021-03-12,-21,-24,,,-23,
GA,Gabon,Ogooue-Maritime,,,GA-8,,ChIJu0Ov_Q23gxoRD3s6n1TY5Sc,2021-03-13,-18,-15,,,-22,
GA,Gabon,Ogooue-Maritime,,,GA-8,,ChIJu0Ov_Q23gxoRD3s6n1TY5Sc,2021-03-14,-27,-23,,,-35,
GA,Gabon,Ogooue-Maritime,,,GA-8,,ChIJu0Ov_Q23gxoRD3s6n1TY5Sc,2021-03-15,-13,-30,,,-24,
GA,Gabon,Ogooue-Maritime,,,GA-8,,ChIJu0Ov_Q23gxoRD3s6n1TY5Sc,2021-03-16,-24,-28,,,-27,
GA,Gabon,Ogooue-Maritime,,,GA-8,,ChIJu0Ov_Q23gxoRD3s6n1TY5Sc,2021-03-17,-20,-27,,,-27,
GA,Gabon,Ogooue-Maritime,,,GA-8,,ChIJu0Ov_Q23gxoRD3s6n1TY5Sc,2021-03-18,-25,-30,,,-28,
GA,Gabon,Ogooue-Maritime,,,GA-8,,ChIJu0Ov_Q23gxoRD3s6n1TY5Sc,2021-03-19,-22,-26,,,-21,
GA,Gabon,Ogooue-Maritime,,,GA-8,,ChIJu0Ov_Q23gxoRD3s6n1TY5Sc,2021-03-20,-19,-17,,,-28,
GA,Gabon,Ogooue-Maritime,,,GA-8,,ChIJu0Ov_Q23gxoRD3s6n1TY5Sc,2021-03-21,-29,-18,,,-33,
GA,Gabon,Ogooue-Maritime,,,GA-8,,ChIJu0Ov_Q23gxoRD3s6n1TY5Sc,2021-03-22,-15,-26,,,-30,
GA,Gabon,Ogooue-Maritime,,,GA-8,,ChIJu0Ov_Q23gxoRD3s6n1TY5Sc,2021-03-23,-24,-29,,,-32,
GA,Gabon,Ogooue-Maritime,,,GA-8,,ChIJu0Ov_Q23gxoRD3s6n1TY5Sc,2021-03-24,-27,-32,,,-30,
GA,Gabon,Ogooue-Maritime,,,GA-8,,ChIJu0Ov_Q23gxoRD3s6n1TY5Sc,2021-03-25,-21,-26,,,-30,
GA,Gabon,Ogooue-Maritime,,,GA-8,,ChIJu0Ov_Q23gxoRD3s6n1TY5Sc,2021-03-26,-17,-18,,,-25,
GA,Gabon,Ogooue-Maritime,,,GA-8,,ChIJu0Ov_Q23gxoRD3s6n1TY5Sc,2021-03-27,-16,-11,,,-32,
GA,Gabon,Ogooue-Maritime,,,GA-8,,ChIJu0Ov_Q23gxoRD3s6n1TY5Sc,2021-03-28,-21,-10,,,-31,
GA,Gabon,Ogooue-Maritime,,,GA-8,,ChIJu0Ov_Q23gxoRD3s6n1TY5Sc,2021-03-29,-14,-24,,,-24,
GA,Gabon,Ogooue-Maritime,,,GA-8,,ChIJu0Ov_Q23gxoRD3s6n1TY5Sc,2021-03-30,-25,-29,,,-27,
GA,Gabon,Ogooue-Maritime,,,GA-8,,ChIJu0Ov_Q23gxoRD3s6n1TY5Sc,2021-03-31,-19,-23,,,-25,
GA,Gabon,Ogooue-Maritime,,,GA-8,,ChIJu0Ov_Q23gxoRD3s6n1TY5Sc,2021-04-01,-18,-20,,,-25,
GA,Gabon,Ogooue-Maritime,,,GA-8,,ChIJu0Ov_Q23gxoRD3s6n1TY5Sc,2021-04-02,-17,-10,,,-22,
GA,Gabon,Ogooue-Maritime,,,GA-8,,ChIJu0Ov_Q23gxoRD3s6n1TY5Sc,2021-04-03,-19,-1,,,-26,
GA,Gabon,Ogooue-Maritime,,,GA-8,,ChIJu0Ov_Q23gxoRD3s6n1TY5Sc,2021-04-04,-18,-3,,,-31,
