country_region_code,country_region,sub_region_1,sub_region_2,metro_area,iso_3166_2_code,census_fips_code,place_id,date,retail_and_recreation_percent_change_from_baseline,grocery_and_pharmacy_percent_change_from_baseline,parks_percent_change_from_baseline,transit_stations_percent_change_from_baseline,workplaces_percent_change_from_baseline,residential_percent_change_from_baseline
PG,Papua New Guinea,,,,,,ChIJr54Ov6_oWWgRehKcjg3l8No,2021-01-01,-43,-40,-22,-36,-74,23
PG,Papua New Guinea,,,,,,ChIJr54Ov6_oWWgRehKcjg3l8No,2021-01-02,-1,14,-18,-6,-27,10
PG,Papua New Guinea,,,,,,ChIJr54Ov6_oWWgRehKcjg3l8No,2021-01-03,8,18,-16,1,-19,8
PG,Papua New Guinea,,,,,,ChIJr54Ov6_oWWgRehKcjg3l8No,2021-01-04,24,35,-11,18,-5,6
PG,Papua New Guinea,,,,,,ChIJr54Ov6_oWWgRehKcjg3l8No,2021-01-05,20,36,-17,24,-5,5
PG,Papua New Guinea,,,,,,ChIJr54Ov6_oWWgRehKcjg3l8No,2021-01-06,14,33,-16,12,2,8
PG,Papua New Guinea,,,,,,ChIJr54Ov6_oWWgRehKcjg3l8No,2021-01-07,19,36,-14,17,2,5
PG,Papua New Guinea,,,,,,ChIJr54Ov6_oWWgRehKcjg3l8No,2021-01-08,-21,8,-17,2,-55,18
PG,Papua New Guinea,,,,,,ChIJr54Ov6_oWWgRehKcjg3l8No,2021-01-09,8,25,-16,4,-7,6
PG,Papua New Guinea,,,,,,ChIJr54Ov6_oWWgRehKcjg3l8No,2021-01-10,10,27,-9,4,-14,4
PG,Papua New Guinea,,,,,,ChIJr54Ov6_oWWgRehKcjg3l8No,2021-01-11,23,36,-7,23,7,4
PG,Papua New Guinea,,,,,,ChIJr54Ov6_oWWgRehKcjg3l8No,2021-01-12,21,40,-9,21,4,3
PG,Papua New Guinea,,,,,,ChIJr54Ov6_oWWgRehKcjg3l8No,2021-01-13,18,40,-14,18,7,3
PG,Papua New Guinea,,,,,,ChIJr54Ov6_oWWgRehKcjg3l8No,2021-01-14,11,26,-17,13,-3,2
PG,Papua New Guinea,,,,,,ChIJr54Ov6_oWWgRehKcjg3l8No,2021-01-15,5,21,-19,7,-6,3
PG,Papua New Guinea,,,,,,ChIJr54Ov6_oWWgRehKcjg3l8No,2021-01-16,-2,12,-20,0,-13,3
PG,Papua New Guinea,,,,,,ChIJr54Ov6_oWWgRehKcjg3l8No,2021-01-17,0,20,-19,2,-20,3
PG,Papua New Guinea,,,,,,ChIJr54Ov6_oWWgRehKcjg3l8No,2021-01-18,13,25,-14,11,-7,2
PG,Papua New Guinea,,,,,,ChIJr54Ov6_oWWgRehKcjg3l8No,2021-01-19,8,22,-23,15,-6,3
PG,Papua New Guinea,,,,,,ChIJr54Ov6_oWWgRehKcjg3l8No,2021-01-20,4,17,-21,9,-2,5
PG,Papua New Guinea,,,,,,ChIJr54Ov6_oWWgRehKcjg3l8No,2021-01-21,8,19,-21,15,-3,4
PG,Papua New Guinea,,,,,,ChIJr54Ov6_oWWgRehKcjg3l8No,2021-01-22,10,29,-20,11,-1,3
PG,Papua New Guinea,,,,,,ChIJr54Ov6_oWWgRehKcjg3l8No,2021-01-23,3,24,-18,11,-8,1
PG,Papua New Guinea,,,,,,ChIJr54Ov6_oWWgRehKcjg3l8No,2021-01-24,8,27,-19,4,-21,3
PG,Papua New Guinea,,,,,,ChIJr54Ov6_oWWgRehKcjg3l8No,2021-01-25,18,37,-12,15,2,3
PG,Papua New Guinea,,,,,,ChIJr54Ov6_oWWgRehKcjg3l8No,2021-01-26,17,37,-15,18,0,2
PG,Papua New Guinea,,,,,,ChIJr54Ov6_oWWgRehKcjg3l8No,2021-01-27,20,43,-16,24,5,3
PG,Papua New Guinea,,,,,,ChIJr54Ov6_oWWgRehKcjg3l8No,2021-01-28,17,38,-17,25,3,3
PG,Papua New Guinea,,,,,,ChIJr54Ov6_oWWgRehKcjg3l8No,2021-01-29,20,45,-20,26,4,0
PG,Papua New Guinea,,,,,,ChIJr54Ov6_oWWgRehKcjg3l8No,2021-01-30,13,37,-25,20,-5,-1
PG,Papua New Guinea,,,,,,ChIJr54Ov6_oWWgRehKcjg3l8No,2021-01-31,13,37,-32,16,-18,4
PG,Papua New Guinea,,,,,,ChIJr54Ov6_oWWgRehKcjg3l8No,2021-02-01,27,51,-24,24,1,-2
PG,Papua New Guinea,,,,,,ChIJr54Ov6_oWWgRehKcjg3l8No,2021-02-02,20,49,-23,29,-1,-2
PG,Papua New Guinea,,,,,,ChIJr54Ov6_oWWgRehKcjg3l8No,2021-02-03,15,41,-26,19,7,1
PG,Papua New Guinea,,,,,,ChIJr54Ov6_oWWgRehKcjg3l8No,2021-02-04,9,32,-23,22,3,0
PG,Papua New Guinea,,,,,,ChIJr54Ov6_oWWgRehKcjg3l8No,2021-02-05,14,39,-23,15,4,0
PG,Papua New Guinea,,,,,,ChIJr54Ov6_oWWgRehKcjg3l8No,2021-02-06,10,38,-22,24,-4,0
PG,Papua New Guinea,,,,,,ChIJr54Ov6_oWWgRehKcjg3l8No,2021-02-07,13,39,-23,21,-17,1
PG,Papua New Guinea,,,,,,ChIJr54Ov6_oWWgRehKcjg3l8No,2021-02-08,14,40,-18,23,3,-2
PG,Papua New Guinea,,,,,,ChIJr54Ov6_oWWgRehKcjg3l8No,2021-02-09,17,49,-21,29,3,-2
PG,Papua New Guinea,,,,,,ChIJr54Ov6_oWWgRehKcjg3l8No,2021-02-10,21,52,-22,32,8,-3
PG,Papua New Guinea,,,,,,ChIJr54Ov6_oWWgRehKcjg3l8No,2021-02-11,21,47,-21,34,7,-3
PG,Papua New Guinea,,,,,,ChIJr54Ov6_oWWgRehKcjg3l8No,2021-02-12,19,49,-24,19,5,-4
PG,Papua New Guinea,,,,,,ChIJr54Ov6_oWWgRehKcjg3l8No,2021-02-13,15,47,-26,21,-10,-3
PG,Papua New Guinea,,,,,,ChIJr54Ov6_oWWgRehKcjg3l8No,2021-02-14,22,52,-26,21,-19,-2
PG,Papua New Guinea,,,,,,ChIJr54Ov6_oWWgRehKcjg3l8No,2021-02-15,14,42,-23,23,3,-3
PG,Papua New Guinea,,,,,,ChIJr54Ov6_oWWgRehKcjg3l8No,2021-02-16,15,50,-26,20,3,-3
PG,Papua New Guinea,,,,,,ChIJr54Ov6_oWWgRehKcjg3l8No,2021-02-17,14,40,-27,19,5,-4
PG,Papua New Guinea,,,,,,ChIJr54Ov6_oWWgRehKcjg3l8No,2021-02-18,15,36,-28,20,5,-5
PG,Papua New Guinea,,,,,,ChIJr54Ov6_oWWgRehKcjg3l8No,2021-02-19,12,38,-28,16,6,-4
PG,Papua New Guinea,,,,,,ChIJr54Ov6_oWWgRehKcjg3l8No,2021-02-20,10,41,-25,10,-3,-4
PG,Papua New Guinea,,,,,,ChIJr54Ov6_oWWgRehKcjg3l8No,2021-02-21,10,48,-26,4,-17,-2
PG,Papua New Guinea,,,,,,ChIJr54Ov6_oWWgRehKcjg3l8No,2021-02-22,10,36,-24,11,6,-4
PG,Papua New Guinea,,,,,,ChIJr54Ov6_oWWgRehKcjg3l8No,2021-02-23,11,44,-27,9,2,-2
PG,Papua New Guinea,,,,,,ChIJr54Ov6_oWWgRehKcjg3l8No,2021-02-24,17,47,-30,13,8,-2
PG,Papua New Guinea,,,,,,ChIJr54Ov6_oWWgRehKcjg3l8No,2021-02-25,17,47,-25,15,8,-2
PG,Papua New Guinea,,,,,,ChIJr54Ov6_oWWgRehKcjg3l8No,2021-02-26,17,55,-25,16,9,-3
PG,Papua New Guinea,,,,,,ChIJr54Ov6_oWWgRehKcjg3l8No,2021-02-27,14,53,-24,12,-4,-4
PG,Papua New Guinea,,,,,,ChIJr54Ov6_oWWgRehKcjg3l8No,2021-02-28,13,49,-24,6,-16,-1
PG,Papua New Guinea,,,,,,ChIJr54Ov6_oWWgRehKcjg3l8No,2021-03-01,-69,-55,-33,-22,-68,17
PG,Papua New Guinea,,,,,,ChIJr54Ov6_oWWgRehKcjg3l8No,2021-03-02,20,61,-24,8,4,-4
PG,Papua New Guinea,,,,,,ChIJr54Ov6_oWWgRehKcjg3l8No,2021-03-03,12,40,-30,6,7,0
PG,Papua New Guinea,,,,,,ChIJr54Ov6_oWWgRehKcjg3l8No,2021-03-04,7,32,-27,3,6,1
PG,Papua New Guinea,,,,,,ChIJr54Ov6_oWWgRehKcjg3l8No,2021-03-05,13,44,-27,4,7,-1
PG,Papua New Guinea,,,,,,ChIJr54Ov6_oWWgRehKcjg3l8No,2021-03-06,9,42,-26,1,-7,1
PG,Papua New Guinea,,,,,,ChIJr54Ov6_oWWgRehKcjg3l8No,2021-03-07,16,47,-27,-14,-10,2
PG,Papua New Guinea,,,,,,ChIJr54Ov6_oWWgRehKcjg3l8No,2021-03-08,15,39,-23,0,4,0
PG,Papua New Guinea,,,,,,ChIJr54Ov6_oWWgRehKcjg3l8No,2021-03-09,14,42,-24,0,-1,-1
PG,Papua New Guinea,,,,,,ChIJr54Ov6_oWWgRehKcjg3l8No,2021-03-10,30,57,-24,8,5,0
PG,Papua New Guinea,,,,,,ChIJr54Ov6_oWWgRehKcjg3l8No,2021-03-11,19,60,-18,11,1,-1
PG,Papua New Guinea,,,,,,ChIJr54Ov6_oWWgRehKcjg3l8No,2021-03-12,-74,-64,-35,-33,-73,22
PG,Papua New Guinea,,,,,,ChIJr54Ov6_oWWgRehKcjg3l8No,2021-03-13,12,51,-24,9,-13,1
PG,Papua New Guinea,,,,,,ChIJr54Ov6_oWWgRehKcjg3l8No,2021-03-14,2,41,-21,25,-14,3
PG,Papua New Guinea,,,,,,ChIJr54Ov6_oWWgRehKcjg3l8No,2021-03-15,7,44,-19,10,1,2
PG,Papua New Guinea,,,,,,ChIJr54Ov6_oWWgRehKcjg3l8No,2021-03-16,-7,17,-23,-2,-17,6
PG,Papua New Guinea,,,,,,ChIJr54Ov6_oWWgRehKcjg3l8No,2021-03-17,6,46,-24,4,0,4
PG,Papua New Guinea,,,,,,ChIJr54Ov6_oWWgRehKcjg3l8No,2021-03-18,6,40,-21,7,-3,4
PG,Papua New Guinea,,,,,,ChIJr54Ov6_oWWgRehKcjg3l8No,2021-03-19,8,48,-24,-4,-1,4
PG,Papua New Guinea,,,,,,ChIJr54Ov6_oWWgRehKcjg3l8No,2021-03-20,3,43,-21,1,-10,3
PG,Papua New Guinea,,,,,,ChIJr54Ov6_oWWgRehKcjg3l8No,2021-03-21,1,41,-22,7,-15,5
PG,Papua New Guinea,,,,,,ChIJr54Ov6_oWWgRehKcjg3l8No,2021-03-22,5,40,-22,-10,-5,7
PG,Papua New Guinea,,,,,,ChIJr54Ov6_oWWgRehKcjg3l8No,2021-03-23,3,43,-25,-5,-8,5
PG,Papua New Guinea,,,,,,ChIJr54Ov6_oWWgRehKcjg3l8No,2021-03-24,10,52,-24,-7,-2,6
PG,Papua New Guinea,,,,,,ChIJr54Ov6_oWWgRehKcjg3l8No,2021-03-25,6,42,-25,0,-3,7
PG,Papua New Guinea,,,,,,ChIJr54Ov6_oWWgRehKcjg3l8No,2021-03-26,9,49,-28,-4,1,7
PG,Papua New Guinea,,,,,,ChIJr54Ov6_oWWgRehKcjg3l8No,2021-03-27,0,40,-26,-11,-8,5
PG,Papua New Guinea,,,,,,ChIJr54Ov6_oWWgRehKcjg3l8No,2021-03-28,-1,40,-26,-18,-18,5
PG,Papua New Guinea,,,,,,ChIJr54Ov6_oWWgRehKcjg3l8No,2021-03-29,8,43,-25,-5,0,5
PG,Papua New Guinea,,,,,,ChIJr54Ov6_oWWgRehKcjg3l8No,2021-03-30,8,45,-25,-1,0,6
PG,Papua New Guinea,,,,,,ChIJr54Ov6_oWWgRehKcjg3l8No,2021-03-31,6,43,-26,-5,0,7
PG,Papua New Guinea,,,,,,ChIJr54Ov6_oWWgRehKcjg3l8No,2021-04-01,19,55,-27,7,3,6
PG,Papua New Guinea,,,,,,ChIJr54Ov6_oWWgRehKcjg3l8No,2021-04-02,-28,5,-31,-19,-65,19
PG,Papua New Guinea,,,,,,ChIJr54Ov6_oWWgRehKcjg3l8No,2021-04-03,-8,29,-26,-20,-30,8
PG,Papua New Guinea,,,,,,ChIJr54Ov6_oWWgRehKcjg3l8No,2021-04-04,-1,33,-26,-24,-22,6
