country_region_code,country_region,sub_region_1,sub_region_2,metro_area,iso_3166_2_code,census_fips_code,place_id,date,retail_and_recreation_percent_change_from_baseline,grocery_and_pharmacy_percent_change_from_baseline,parks_percent_change_from_baseline,transit_stations_percent_change_from_baseline,workplaces_percent_change_from_baseline,residential_percent_change_from_baseline
RW,Rwanda,,,,,,ChIJ40A451SWwhkRA6HMyyawkHQ,2021-01-01,-37,-51,17,-39,-71,36
RW,Rwanda,,,,,,ChIJ40A451SWwhkRA6HMyyawkHQ,2021-01-02,-9,-19,18,-20,-19,20
RW,Rwanda,,,,,,ChIJ40A451SWwhkRA6HMyyawkHQ,2021-01-03,-10,-21,15,-19,-15,19
RW,Rwanda,,,,,,ChIJ40A451SWwhkRA6HMyyawkHQ,2021-01-04,-1,-14,24,-11,-44,27
RW,Rwanda,,,,,,ChIJ40A451SWwhkRA6HMyyawkHQ,2021-01-05,-1,-18,19,-25,-17,21
RW,Rwanda,,,,,,ChIJ40A451SWwhkRA6HMyyawkHQ,2021-01-06,-1,-21,16,-24,-15,21
RW,Rwanda,,,,,,ChIJ40A451SWwhkRA6HMyyawkHQ,2021-01-07,0,-21,14,-25,-15,22
RW,Rwanda,,,,,,ChIJ40A451SWwhkRA6HMyyawkHQ,2021-01-08,-7,-26,13,-30,-14,23
RW,Rwanda,,,,,,ChIJ40A451SWwhkRA6HMyyawkHQ,2021-01-09,-4,-20,9,-30,-2,19
RW,Rwanda,,,,,,ChIJ40A451SWwhkRA6HMyyawkHQ,2021-01-10,-11,-28,7,-35,-7,19
RW,Rwanda,,,,,,ChIJ40A451SWwhkRA6HMyyawkHQ,2021-01-11,0,-23,21,-29,-13,20
RW,Rwanda,,,,,,ChIJ40A451SWwhkRA6HMyyawkHQ,2021-01-12,2,-22,16,-29,-16,19
RW,Rwanda,,,,,,ChIJ40A451SWwhkRA6HMyyawkHQ,2021-01-13,-17,-38,3,-40,-25,22
RW,Rwanda,,,,,,ChIJ40A451SWwhkRA6HMyyawkHQ,2021-01-14,-13,-35,-10,-39,-25,20
RW,Rwanda,,,,,,ChIJ40A451SWwhkRA6HMyyawkHQ,2021-01-15,-19,-38,-13,-42,-29,21
RW,Rwanda,,,,,,ChIJ40A451SWwhkRA6HMyyawkHQ,2021-01-16,-16,-32,-15,-44,-21,19
RW,Rwanda,,,,,,ChIJ40A451SWwhkRA6HMyyawkHQ,2021-01-17,-22,-38,-14,-49,-25,21
RW,Rwanda,,,,,,ChIJ40A451SWwhkRA6HMyyawkHQ,2021-01-18,-16,-36,-3,-41,-30,23
RW,Rwanda,,,,,,ChIJ40A451SWwhkRA6HMyyawkHQ,2021-01-19,-50,-52,-13,-63,-59,41
RW,Rwanda,,,,,,ChIJ40A451SWwhkRA6HMyyawkHQ,2021-01-20,-57,-62,-17,-67,-61,44
RW,Rwanda,,,,,,ChIJ40A451SWwhkRA6HMyyawkHQ,2021-01-21,-57,-60,-17,-69,-59,45
RW,Rwanda,,,,,,ChIJ40A451SWwhkRA6HMyyawkHQ,2021-01-22,-58,-61,-20,-68,-58,47
RW,Rwanda,,,,,,ChIJ40A451SWwhkRA6HMyyawkHQ,2021-01-23,-54,-57,-20,-67,-46,38
RW,Rwanda,,,,,,ChIJ40A451SWwhkRA6HMyyawkHQ,2021-01-24,-57,-59,-26,-70,-40,37
RW,Rwanda,,,,,,ChIJ40A451SWwhkRA6HMyyawkHQ,2021-01-25,-51,-56,-9,-67,-56,44
RW,Rwanda,,,,,,ChIJ40A451SWwhkRA6HMyyawkHQ,2021-01-26,-51,-57,-8,-68,-56,42
RW,Rwanda,,,,,,ChIJ40A451SWwhkRA6HMyyawkHQ,2021-01-27,-50,-56,-11,-64,-56,41
RW,Rwanda,,,,,,ChIJ40A451SWwhkRA6HMyyawkHQ,2021-01-28,-52,-57,-17,-65,-55,41
RW,Rwanda,,,,,,ChIJ40A451SWwhkRA6HMyyawkHQ,2021-01-29,-53,-56,-23,-64,-54,41
RW,Rwanda,,,,,,ChIJ40A451SWwhkRA6HMyyawkHQ,2021-01-30,-51,-49,-26,-66,-43,32
RW,Rwanda,,,,,,ChIJ40A451SWwhkRA6HMyyawkHQ,2021-01-31,-56,-55,-32,-71,-42,34
RW,Rwanda,,,,,,ChIJ40A451SWwhkRA6HMyyawkHQ,2021-02-01,-56,-56,-23,-69,-68,44
RW,Rwanda,,,,,,ChIJ40A451SWwhkRA6HMyyawkHQ,2021-02-02,-49,-53,-19,-67,-53,36
RW,Rwanda,,,,,,ChIJ40A451SWwhkRA6HMyyawkHQ,2021-02-03,-52,-56,-17,-65,-53,37
RW,Rwanda,,,,,,ChIJ40A451SWwhkRA6HMyyawkHQ,2021-02-04,-55,-59,-16,-69,-56,41
RW,Rwanda,,,,,,ChIJ40A451SWwhkRA6HMyyawkHQ,2021-02-05,-57,-60,-15,-68,-55,43
RW,Rwanda,,,,,,ChIJ40A451SWwhkRA6HMyyawkHQ,2021-02-06,-56,-56,-17,-69,-43,35
RW,Rwanda,,,,,,ChIJ40A451SWwhkRA6HMyyawkHQ,2021-02-07,-60,-60,-19,-73,-41,36
RW,Rwanda,,,,,,ChIJ40A451SWwhkRA6HMyyawkHQ,2021-02-08,-22,-33,0,-48,-36,27
RW,Rwanda,,,,,,ChIJ40A451SWwhkRA6HMyyawkHQ,2021-02-09,-22,-33,2,-45,-36,24
RW,Rwanda,,,,,,ChIJ40A451SWwhkRA6HMyyawkHQ,2021-02-10,-24,-34,-6,-43,-34,24
RW,Rwanda,,,,,,ChIJ40A451SWwhkRA6HMyyawkHQ,2021-02-11,-29,-37,-16,-46,-35,25
RW,Rwanda,,,,,,ChIJ40A451SWwhkRA6HMyyawkHQ,2021-02-12,-32,-37,-23,-49,-34,26
RW,Rwanda,,,,,,ChIJ40A451SWwhkRA6HMyyawkHQ,2021-02-13,-25,-25,-23,-50,-23,19
RW,Rwanda,,,,,,ChIJ40A451SWwhkRA6HMyyawkHQ,2021-02-14,-36,-32,-24,-54,-30,23
RW,Rwanda,,,,,,ChIJ40A451SWwhkRA6HMyyawkHQ,2021-02-15,-25,-33,-19,-46,-33,24
RW,Rwanda,,,,,,ChIJ40A451SWwhkRA6HMyyawkHQ,2021-02-16,-28,-34,-19,-46,-35,23
RW,Rwanda,,,,,,ChIJ40A451SWwhkRA6HMyyawkHQ,2021-02-17,-25,-34,-22,-44,-33,22
RW,Rwanda,,,,,,ChIJ40A451SWwhkRA6HMyyawkHQ,2021-02-18,-31,-36,-24,-45,-33,24
RW,Rwanda,,,,,,ChIJ40A451SWwhkRA6HMyyawkHQ,2021-02-19,-32,-35,-22,-47,-32,24
RW,Rwanda,,,,,,ChIJ40A451SWwhkRA6HMyyawkHQ,2021-02-20,-25,-25,-20,-46,-20,20
RW,Rwanda,,,,,,ChIJ40A451SWwhkRA6HMyyawkHQ,2021-02-21,-39,-36,-26,-55,-31,23
RW,Rwanda,,,,,,ChIJ40A451SWwhkRA6HMyyawkHQ,2021-02-22,-22,-30,-21,-43,-31,23
RW,Rwanda,,,,,,ChIJ40A451SWwhkRA6HMyyawkHQ,2021-02-23,-15,-27,-20,-43,-29,18
RW,Rwanda,,,,,,ChIJ40A451SWwhkRA6HMyyawkHQ,2021-02-24,-15,-28,-20,-38,-26,17
RW,Rwanda,,,,,,ChIJ40A451SWwhkRA6HMyyawkHQ,2021-02-25,-16,-28,-22,-39,-27,17
RW,Rwanda,,,,,,ChIJ40A451SWwhkRA6HMyyawkHQ,2021-02-26,-18,-28,-20,-40,-26,18
RW,Rwanda,,,,,,ChIJ40A451SWwhkRA6HMyyawkHQ,2021-02-27,-9,-15,-15,-40,-16,14
RW,Rwanda,,,,,,ChIJ40A451SWwhkRA6HMyyawkHQ,2021-02-28,-23,-26,-22,-47,-22,17
RW,Rwanda,,,,,,ChIJ40A451SWwhkRA6HMyyawkHQ,2021-03-01,-11,-21,-15,-39,-25,16
RW,Rwanda,,,,,,ChIJ40A451SWwhkRA6HMyyawkHQ,2021-03-02,-11,-25,-18,-40,-26,16
RW,Rwanda,,,,,,ChIJ40A451SWwhkRA6HMyyawkHQ,2021-03-03,-20,-31,-19,-42,-28,18
RW,Rwanda,,,,,,ChIJ40A451SWwhkRA6HMyyawkHQ,2021-03-04,-10,-24,-20,-35,-24,16
RW,Rwanda,,,,,,ChIJ40A451SWwhkRA6HMyyawkHQ,2021-03-05,-16,-26,-18,-40,-25,17
RW,Rwanda,,,,,,ChIJ40A451SWwhkRA6HMyyawkHQ,2021-03-06,-7,-13,-9,-41,-14,13
RW,Rwanda,,,,,,ChIJ40A451SWwhkRA6HMyyawkHQ,2021-03-07,-21,-25,-15,-46,-20,15
RW,Rwanda,,,,,,ChIJ40A451SWwhkRA6HMyyawkHQ,2021-03-08,-10,-23,-11,-38,-24,17
RW,Rwanda,,,,,,ChIJ40A451SWwhkRA6HMyyawkHQ,2021-03-09,-10,-22,-13,-38,-25,16
RW,Rwanda,,,,,,ChIJ40A451SWwhkRA6HMyyawkHQ,2021-03-10,-7,-23,-16,-33,-22,14
RW,Rwanda,,,,,,ChIJ40A451SWwhkRA6HMyyawkHQ,2021-03-11,-12,-26,-18,-35,-23,16
RW,Rwanda,,,,,,ChIJ40A451SWwhkRA6HMyyawkHQ,2021-03-12,-15,-26,-16,-37,-22,16
RW,Rwanda,,,,,,ChIJ40A451SWwhkRA6HMyyawkHQ,2021-03-13,-7,-13,-16,-36,-13,13
RW,Rwanda,,,,,,ChIJ40A451SWwhkRA6HMyyawkHQ,2021-03-14,-20,-26,-19,-46,-19,15
RW,Rwanda,,,,,,ChIJ40A451SWwhkRA6HMyyawkHQ,2021-03-15,-9,-21,-14,-34,-19,16
RW,Rwanda,,,,,,ChIJ40A451SWwhkRA6HMyyawkHQ,2021-03-16,-8,-20,-15,-30,-21,14
RW,Rwanda,,,,,,ChIJ40A451SWwhkRA6HMyyawkHQ,2021-03-17,-12,-25,-13,-29,-22,16
RW,Rwanda,,,,,,ChIJ40A451SWwhkRA6HMyyawkHQ,2021-03-18,-7,-21,-12,-23,-18,13
RW,Rwanda,,,,,,ChIJ40A451SWwhkRA6HMyyawkHQ,2021-03-19,-11,-22,-11,-24,-19,13
RW,Rwanda,,,,,,ChIJ40A451SWwhkRA6HMyyawkHQ,2021-03-20,-5,-11,-2,-25,-12,11
RW,Rwanda,,,,,,ChIJ40A451SWwhkRA6HMyyawkHQ,2021-03-21,-19,-24,-11,-32,-19,15
RW,Rwanda,,,,,,ChIJ40A451SWwhkRA6HMyyawkHQ,2021-03-22,-10,-20,-6,-25,-19,16
RW,Rwanda,,,,,,ChIJ40A451SWwhkRA6HMyyawkHQ,2021-03-23,-5,-19,-5,-23,-18,12
RW,Rwanda,,,,,,ChIJ40A451SWwhkRA6HMyyawkHQ,2021-03-24,-4,-17,-5,-20,-18,12
RW,Rwanda,,,,,,ChIJ40A451SWwhkRA6HMyyawkHQ,2021-03-25,-5,-18,-14,-18,-18,13
RW,Rwanda,,,,,,ChIJ40A451SWwhkRA6HMyyawkHQ,2021-03-26,-7,-17,-9,-20,-17,13
RW,Rwanda,,,,,,ChIJ40A451SWwhkRA6HMyyawkHQ,2021-03-27,0,-4,-1,-18,-10,10
RW,Rwanda,,,,,,ChIJ40A451SWwhkRA6HMyyawkHQ,2021-03-28,-13,-16,-3,-24,-16,12
RW,Rwanda,,,,,,ChIJ40A451SWwhkRA6HMyyawkHQ,2021-03-29,-1,-14,-5,-16,-16,13
RW,Rwanda,,,,,,ChIJ40A451SWwhkRA6HMyyawkHQ,2021-03-30,-4,-17,-2,-17,-17,13
RW,Rwanda,,,,,,ChIJ40A451SWwhkRA6HMyyawkHQ,2021-03-31,2,-13,1,-9,-19,11
RW,Rwanda,,,,,,ChIJ40A451SWwhkRA6HMyyawkHQ,2021-04-01,2,-13,-6,-8,-17,10
RW,Rwanda,,,,,,ChIJ40A451SWwhkRA6HMyyawkHQ,2021-04-02,-12,-18,-5,-16,-46,20
RW,Rwanda,,,,,,ChIJ40A451SWwhkRA6HMyyawkHQ,2021-04-03,-2,-4,7,-10,-12,10
RW,Rwanda,,,,,,ChIJ40A451SWwhkRA6HMyyawkHQ,2021-04-04,-15,-17,2,-26,-26,11
RW,Rwanda,Eastern Province,,,RW-02,,ChIJddMbZRiN2xkRPrFGq6lJRPY,2021-01-01,,,,,-70,
RW,Rwanda,Eastern Province,,,RW-02,,ChIJddMbZRiN2xkRPrFGq6lJRPY,2021-01-02,,,,,-25,
RW,Rwanda,Eastern Province,,,RW-02,,ChIJddMbZRiN2xkRPrFGq6lJRPY,2021-01-03,,,,,-23,
RW,Rwanda,Eastern Province,,,RW-02,,ChIJddMbZRiN2xkRPrFGq6lJRPY,2021-01-04,,,,,-50,
RW,Rwanda,Eastern Province,,,RW-02,,ChIJddMbZRiN2xkRPrFGq6lJRPY,2021-01-05,,,,,-25,
RW,Rwanda,Eastern Province,,,RW-02,,ChIJddMbZRiN2xkRPrFGq6lJRPY,2021-01-06,,,,,-19,
RW,Rwanda,Eastern Province,,,RW-02,,ChIJddMbZRiN2xkRPrFGq6lJRPY,2021-01-07,,,,,-19,
RW,Rwanda,Eastern Province,,,RW-02,,ChIJddMbZRiN2xkRPrFGq6lJRPY,2021-01-08,,,,,-17,
RW,Rwanda,Eastern Province,,,RW-02,,ChIJddMbZRiN2xkRPrFGq6lJRPY,2021-01-09,,,,,-1,
RW,Rwanda,Eastern Province,,,RW-02,,ChIJddMbZRiN2xkRPrFGq6lJRPY,2021-01-10,,,,,-12,
RW,Rwanda,Eastern Province,,,RW-02,,ChIJddMbZRiN2xkRPrFGq6lJRPY,2021-01-11,,,,,-13,
RW,Rwanda,Eastern Province,,,RW-02,,ChIJddMbZRiN2xkRPrFGq6lJRPY,2021-01-12,,,,,-19,
RW,Rwanda,Eastern Province,,,RW-02,,ChIJddMbZRiN2xkRPrFGq6lJRPY,2021-01-13,,,,,-22,
RW,Rwanda,Eastern Province,,,RW-02,,ChIJddMbZRiN2xkRPrFGq6lJRPY,2021-01-14,,,,,-26,
RW,Rwanda,Eastern Province,,,RW-02,,ChIJddMbZRiN2xkRPrFGq6lJRPY,2021-01-15,,,,,-29,
RW,Rwanda,Eastern Province,,,RW-02,,ChIJddMbZRiN2xkRPrFGq6lJRPY,2021-01-16,,,,,-20,
RW,Rwanda,Eastern Province,,,RW-02,,ChIJddMbZRiN2xkRPrFGq6lJRPY,2021-01-17,,,,,-29,
RW,Rwanda,Eastern Province,,,RW-02,,ChIJddMbZRiN2xkRPrFGq6lJRPY,2021-01-18,,,,,-32,
RW,Rwanda,Eastern Province,,,RW-02,,ChIJddMbZRiN2xkRPrFGq6lJRPY,2021-01-19,,,,,-43,
RW,Rwanda,Eastern Province,,,RW-02,,ChIJddMbZRiN2xkRPrFGq6lJRPY,2021-01-20,,,,,-39,
RW,Rwanda,Eastern Province,,,RW-02,,ChIJddMbZRiN2xkRPrFGq6lJRPY,2021-01-21,,,,,-40,
RW,Rwanda,Eastern Province,,,RW-02,,ChIJddMbZRiN2xkRPrFGq6lJRPY,2021-01-22,,,,,-40,
RW,Rwanda,Eastern Province,,,RW-02,,ChIJddMbZRiN2xkRPrFGq6lJRPY,2021-01-23,,,,,-30,
RW,Rwanda,Eastern Province,,,RW-02,,ChIJddMbZRiN2xkRPrFGq6lJRPY,2021-01-24,,,,,-26,
RW,Rwanda,Eastern Province,,,RW-02,,ChIJddMbZRiN2xkRPrFGq6lJRPY,2021-01-25,,,,,-37,
RW,Rwanda,Eastern Province,,,RW-02,,ChIJddMbZRiN2xkRPrFGq6lJRPY,2021-01-26,,,,,-42,
RW,Rwanda,Eastern Province,,,RW-02,,ChIJddMbZRiN2xkRPrFGq6lJRPY,2021-01-27,,,,,-42,
RW,Rwanda,Eastern Province,,,RW-02,,ChIJddMbZRiN2xkRPrFGq6lJRPY,2021-01-28,,,,,-39,
RW,Rwanda,Eastern Province,,,RW-02,,ChIJddMbZRiN2xkRPrFGq6lJRPY,2021-01-29,,,,,-39,
RW,Rwanda,Eastern Province,,,RW-02,,ChIJddMbZRiN2xkRPrFGq6lJRPY,2021-01-30,,,,,-31,
RW,Rwanda,Eastern Province,,,RW-02,,ChIJddMbZRiN2xkRPrFGq6lJRPY,2021-01-31,,,,,-40,
RW,Rwanda,Eastern Province,,,RW-02,,ChIJddMbZRiN2xkRPrFGq6lJRPY,2021-02-01,,,,,-64,
RW,Rwanda,Eastern Province,,,RW-02,,ChIJddMbZRiN2xkRPrFGq6lJRPY,2021-02-02,,,,,-37,
RW,Rwanda,Eastern Province,,,RW-02,,ChIJddMbZRiN2xkRPrFGq6lJRPY,2021-02-03,,,,,-38,
RW,Rwanda,Eastern Province,,,RW-02,,ChIJddMbZRiN2xkRPrFGq6lJRPY,2021-02-04,,,,,-43,
RW,Rwanda,Eastern Province,,,RW-02,,ChIJddMbZRiN2xkRPrFGq6lJRPY,2021-02-05,,,,,-35,
RW,Rwanda,Eastern Province,,,RW-02,,ChIJddMbZRiN2xkRPrFGq6lJRPY,2021-02-06,,,,,-23,
RW,Rwanda,Eastern Province,,,RW-02,,ChIJddMbZRiN2xkRPrFGq6lJRPY,2021-02-07,,,,,-28,
RW,Rwanda,Eastern Province,,,RW-02,,ChIJddMbZRiN2xkRPrFGq6lJRPY,2021-02-08,,,,,-30,
RW,Rwanda,Eastern Province,,,RW-02,,ChIJddMbZRiN2xkRPrFGq6lJRPY,2021-02-09,,,,,-33,
RW,Rwanda,Eastern Province,,,RW-02,,ChIJddMbZRiN2xkRPrFGq6lJRPY,2021-02-10,,,,,-32,
RW,Rwanda,Eastern Province,,,RW-02,,ChIJddMbZRiN2xkRPrFGq6lJRPY,2021-02-11,,,,,-29,
RW,Rwanda,Eastern Province,,,RW-02,,ChIJddMbZRiN2xkRPrFGq6lJRPY,2021-02-12,,,,,-36,
RW,Rwanda,Eastern Province,,,RW-02,,ChIJddMbZRiN2xkRPrFGq6lJRPY,2021-02-13,,,,,-26,
RW,Rwanda,Eastern Province,,,RW-02,,ChIJddMbZRiN2xkRPrFGq6lJRPY,2021-02-14,,,,,-34,
RW,Rwanda,Eastern Province,,,RW-02,,ChIJddMbZRiN2xkRPrFGq6lJRPY,2021-02-15,,,,,-34,
RW,Rwanda,Eastern Province,,,RW-02,,ChIJddMbZRiN2xkRPrFGq6lJRPY,2021-02-16,,,,,-38,
RW,Rwanda,Eastern Province,,,RW-02,,ChIJddMbZRiN2xkRPrFGq6lJRPY,2021-02-17,,,,,-35,
RW,Rwanda,Eastern Province,,,RW-02,,ChIJddMbZRiN2xkRPrFGq6lJRPY,2021-02-18,,,,,-37,
RW,Rwanda,Eastern Province,,,RW-02,,ChIJddMbZRiN2xkRPrFGq6lJRPY,2021-02-19,,,,,-39,
RW,Rwanda,Eastern Province,,,RW-02,,ChIJddMbZRiN2xkRPrFGq6lJRPY,2021-02-20,,,,,-26,
RW,Rwanda,Eastern Province,,,RW-02,,ChIJddMbZRiN2xkRPrFGq6lJRPY,2021-02-21,,,,,-36,
RW,Rwanda,Eastern Province,,,RW-02,,ChIJddMbZRiN2xkRPrFGq6lJRPY,2021-02-22,,,,,-31,
RW,Rwanda,Eastern Province,,,RW-02,,ChIJddMbZRiN2xkRPrFGq6lJRPY,2021-02-23,,,,,-34,
RW,Rwanda,Eastern Province,,,RW-02,,ChIJddMbZRiN2xkRPrFGq6lJRPY,2021-02-24,,,,,-32,
RW,Rwanda,Eastern Province,,,RW-02,,ChIJddMbZRiN2xkRPrFGq6lJRPY,2021-02-25,,,,,-33,
RW,Rwanda,Eastern Province,,,RW-02,,ChIJddMbZRiN2xkRPrFGq6lJRPY,2021-02-26,,,,,-36,
RW,Rwanda,Eastern Province,,,RW-02,,ChIJddMbZRiN2xkRPrFGq6lJRPY,2021-02-27,,,,,-20,
RW,Rwanda,Eastern Province,,,RW-02,,ChIJddMbZRiN2xkRPrFGq6lJRPY,2021-02-28,,,,,-32,
RW,Rwanda,Eastern Province,,,RW-02,,ChIJddMbZRiN2xkRPrFGq6lJRPY,2021-03-01,,,,,-32,
RW,Rwanda,Eastern Province,,,RW-02,,ChIJddMbZRiN2xkRPrFGq6lJRPY,2021-03-02,,,,,-37,
RW,Rwanda,Eastern Province,,,RW-02,,ChIJddMbZRiN2xkRPrFGq6lJRPY,2021-03-03,,,,,-36,
RW,Rwanda,Eastern Province,,,RW-02,,ChIJddMbZRiN2xkRPrFGq6lJRPY,2021-03-04,,,,,-35,
RW,Rwanda,Eastern Province,,,RW-02,,ChIJddMbZRiN2xkRPrFGq6lJRPY,2021-03-05,,,,,-33,
RW,Rwanda,Eastern Province,,,RW-02,,ChIJddMbZRiN2xkRPrFGq6lJRPY,2021-03-06,,,,,-27,
RW,Rwanda,Eastern Province,,,RW-02,,ChIJddMbZRiN2xkRPrFGq6lJRPY,2021-03-07,,,,,-35,
RW,Rwanda,Eastern Province,,,RW-02,,ChIJddMbZRiN2xkRPrFGq6lJRPY,2021-03-08,,,,,-34,
RW,Rwanda,Eastern Province,,,RW-02,,ChIJddMbZRiN2xkRPrFGq6lJRPY,2021-03-09,,,,,-36,
RW,Rwanda,Eastern Province,,,RW-02,,ChIJddMbZRiN2xkRPrFGq6lJRPY,2021-03-10,,,,,-34,
RW,Rwanda,Eastern Province,,,RW-02,,ChIJddMbZRiN2xkRPrFGq6lJRPY,2021-03-11,,,,,-35,
RW,Rwanda,Eastern Province,,,RW-02,,ChIJddMbZRiN2xkRPrFGq6lJRPY,2021-03-12,,,,,-31,
RW,Rwanda,Eastern Province,,,RW-02,,ChIJddMbZRiN2xkRPrFGq6lJRPY,2021-03-13,,,,,-26,
RW,Rwanda,Eastern Province,,,RW-02,,ChIJddMbZRiN2xkRPrFGq6lJRPY,2021-03-14,,,,,-32,
RW,Rwanda,Eastern Province,,,RW-02,,ChIJddMbZRiN2xkRPrFGq6lJRPY,2021-03-15,,,,,-26,
RW,Rwanda,Eastern Province,,,RW-02,,ChIJddMbZRiN2xkRPrFGq6lJRPY,2021-03-16,,,,,-31,
RW,Rwanda,Eastern Province,,,RW-02,,ChIJddMbZRiN2xkRPrFGq6lJRPY,2021-03-17,,,,,-33,
RW,Rwanda,Eastern Province,,,RW-02,,ChIJddMbZRiN2xkRPrFGq6lJRPY,2021-03-18,,,,,-29,
RW,Rwanda,Eastern Province,,,RW-02,,ChIJddMbZRiN2xkRPrFGq6lJRPY,2021-03-19,,,,,-31,
RW,Rwanda,Eastern Province,,,RW-02,,ChIJddMbZRiN2xkRPrFGq6lJRPY,2021-03-20,,,,,-32,
RW,Rwanda,Eastern Province,,,RW-02,,ChIJddMbZRiN2xkRPrFGq6lJRPY,2021-03-21,,,,,-38,
RW,Rwanda,Eastern Province,,,RW-02,,ChIJddMbZRiN2xkRPrFGq6lJRPY,2021-03-22,,,,,-27,
RW,Rwanda,Eastern Province,,,RW-02,,ChIJddMbZRiN2xkRPrFGq6lJRPY,2021-03-23,,,,,-28,
RW,Rwanda,Eastern Province,,,RW-02,,ChIJddMbZRiN2xkRPrFGq6lJRPY,2021-03-24,,,,,-28,
RW,Rwanda,Eastern Province,,,RW-02,,ChIJddMbZRiN2xkRPrFGq6lJRPY,2021-03-25,,,,,-28,
RW,Rwanda,Eastern Province,,,RW-02,,ChIJddMbZRiN2xkRPrFGq6lJRPY,2021-03-26,,,,,-25,
RW,Rwanda,Eastern Province,,,RW-02,,ChIJddMbZRiN2xkRPrFGq6lJRPY,2021-03-27,,,,,-25,
RW,Rwanda,Eastern Province,,,RW-02,,ChIJddMbZRiN2xkRPrFGq6lJRPY,2021-03-28,,,,,-35,
RW,Rwanda,Eastern Province,,,RW-02,,ChIJddMbZRiN2xkRPrFGq6lJRPY,2021-03-29,,,,,-26,
RW,Rwanda,Eastern Province,,,RW-02,,ChIJddMbZRiN2xkRPrFGq6lJRPY,2021-03-30,,,,,-25,
RW,Rwanda,Eastern Province,,,RW-02,,ChIJddMbZRiN2xkRPrFGq6lJRPY,2021-03-31,,,,,-24,
RW,Rwanda,Eastern Province,,,RW-02,,ChIJddMbZRiN2xkRPrFGq6lJRPY,2021-04-01,,,,,-26,
RW,Rwanda,Eastern Province,,,RW-02,,ChIJddMbZRiN2xkRPrFGq6lJRPY,2021-04-02,,,,,-56,
RW,Rwanda,Eastern Province,,,RW-02,,ChIJddMbZRiN2xkRPrFGq6lJRPY,2021-04-03,,,,,-26,
RW,Rwanda,Eastern Province,,,RW-02,,ChIJddMbZRiN2xkRPrFGq6lJRPY,2021-04-04,,,,,-41,
RW,Rwanda,Eastern Province,Bugesera,,,,ChIJ4W4sOJes3BkRc130eTg1hRU,2021-01-01,,,,,-74,
RW,Rwanda,Eastern Province,Bugesera,,,,ChIJ4W4sOJes3BkRc130eTg1hRU,2021-01-04,,,,,-56,
RW,Rwanda,Eastern Province,Bugesera,,,,ChIJ4W4sOJes3BkRc130eTg1hRU,2021-01-05,,,,,-38,
RW,Rwanda,Eastern Province,Bugesera,,,,ChIJ4W4sOJes3BkRc130eTg1hRU,2021-01-06,,,,,-15,
RW,Rwanda,Eastern Province,Bugesera,,,,ChIJ4W4sOJes3BkRc130eTg1hRU,2021-01-07,,,,,-19,
RW,Rwanda,Eastern Province,Bugesera,,,,ChIJ4W4sOJes3BkRc130eTg1hRU,2021-01-08,,,,,-20,
RW,Rwanda,Eastern Province,Bugesera,,,,ChIJ4W4sOJes3BkRc130eTg1hRU,2021-01-11,,,,,-20,
RW,Rwanda,Eastern Province,Bugesera,,,,ChIJ4W4sOJes3BkRc130eTg1hRU,2021-01-12,,,,,-20,
RW,Rwanda,Eastern Province,Bugesera,,,,ChIJ4W4sOJes3BkRc130eTg1hRU,2021-01-13,,,,,-21,
RW,Rwanda,Eastern Province,Bugesera,,,,ChIJ4W4sOJes3BkRc130eTg1hRU,2021-01-14,,,,,-26,
RW,Rwanda,Eastern Province,Bugesera,,,,ChIJ4W4sOJes3BkRc130eTg1hRU,2021-01-15,,,,,-29,
RW,Rwanda,Eastern Province,Bugesera,,,,ChIJ4W4sOJes3BkRc130eTg1hRU,2021-01-18,,,,,-35,
RW,Rwanda,Eastern Province,Bugesera,,,,ChIJ4W4sOJes3BkRc130eTg1hRU,2021-01-19,,,,,-60,
RW,Rwanda,Eastern Province,Bugesera,,,,ChIJ4W4sOJes3BkRc130eTg1hRU,2021-01-20,,,,,-52,
RW,Rwanda,Eastern Province,Bugesera,,,,ChIJ4W4sOJes3BkRc130eTg1hRU,2021-01-21,,,,,-53,
RW,Rwanda,Eastern Province,Bugesera,,,,ChIJ4W4sOJes3BkRc130eTg1hRU,2021-01-22,,,,,-55,
RW,Rwanda,Eastern Province,Bugesera,,,,ChIJ4W4sOJes3BkRc130eTg1hRU,2021-01-25,,,,,-51,
RW,Rwanda,Eastern Province,Bugesera,,,,ChIJ4W4sOJes3BkRc130eTg1hRU,2021-01-26,,,,,-51,
RW,Rwanda,Eastern Province,Bugesera,,,,ChIJ4W4sOJes3BkRc130eTg1hRU,2021-01-27,,,,,-48,
RW,Rwanda,Eastern Province,Bugesera,,,,ChIJ4W4sOJes3BkRc130eTg1hRU,2021-01-28,,,,,-47,
RW,Rwanda,Eastern Province,Bugesera,,,,ChIJ4W4sOJes3BkRc130eTg1hRU,2021-01-29,,,,,-57,
RW,Rwanda,Eastern Province,Bugesera,,,,ChIJ4W4sOJes3BkRc130eTg1hRU,2021-02-01,,,,,-70,
RW,Rwanda,Eastern Province,Bugesera,,,,ChIJ4W4sOJes3BkRc130eTg1hRU,2021-02-02,,,,,-45,
RW,Rwanda,Eastern Province,Bugesera,,,,ChIJ4W4sOJes3BkRc130eTg1hRU,2021-02-03,,,,,-47,
RW,Rwanda,Eastern Province,Bugesera,,,,ChIJ4W4sOJes3BkRc130eTg1hRU,2021-02-04,,,,,-56,
RW,Rwanda,Eastern Province,Bugesera,,,,ChIJ4W4sOJes3BkRc130eTg1hRU,2021-02-05,,,,,-48,
RW,Rwanda,Eastern Province,Bugesera,,,,ChIJ4W4sOJes3BkRc130eTg1hRU,2021-02-08,,,,,-40,
RW,Rwanda,Eastern Province,Bugesera,,,,ChIJ4W4sOJes3BkRc130eTg1hRU,2021-02-09,,,,,-38,
RW,Rwanda,Eastern Province,Bugesera,,,,ChIJ4W4sOJes3BkRc130eTg1hRU,2021-02-10,,,,,-37,
RW,Rwanda,Eastern Province,Bugesera,,,,ChIJ4W4sOJes3BkRc130eTg1hRU,2021-02-11,,,,,-29,
RW,Rwanda,Eastern Province,Bugesera,,,,ChIJ4W4sOJes3BkRc130eTg1hRU,2021-02-12,,,,,-43,
RW,Rwanda,Eastern Province,Bugesera,,,,ChIJ4W4sOJes3BkRc130eTg1hRU,2021-02-15,,,,,-38,
RW,Rwanda,Eastern Province,Bugesera,,,,ChIJ4W4sOJes3BkRc130eTg1hRU,2021-02-16,,,,,-39,
RW,Rwanda,Eastern Province,Bugesera,,,,ChIJ4W4sOJes3BkRc130eTg1hRU,2021-02-17,,,,,-32,
RW,Rwanda,Eastern Province,Bugesera,,,,ChIJ4W4sOJes3BkRc130eTg1hRU,2021-02-18,,,,,-40,
RW,Rwanda,Eastern Province,Bugesera,,,,ChIJ4W4sOJes3BkRc130eTg1hRU,2021-02-19,,,,,-38,
RW,Rwanda,Eastern Province,Bugesera,,,,ChIJ4W4sOJes3BkRc130eTg1hRU,2021-02-22,,,,,-38,
RW,Rwanda,Eastern Province,Bugesera,,,,ChIJ4W4sOJes3BkRc130eTg1hRU,2021-02-23,,,,,-38,
RW,Rwanda,Eastern Province,Bugesera,,,,ChIJ4W4sOJes3BkRc130eTg1hRU,2021-02-24,,,,,-23,
RW,Rwanda,Eastern Province,Bugesera,,,,ChIJ4W4sOJes3BkRc130eTg1hRU,2021-02-25,,,,,-31,
RW,Rwanda,Eastern Province,Bugesera,,,,ChIJ4W4sOJes3BkRc130eTg1hRU,2021-02-26,,,,,-32,
RW,Rwanda,Eastern Province,Bugesera,,,,ChIJ4W4sOJes3BkRc130eTg1hRU,2021-03-01,,,,,-30,
RW,Rwanda,Eastern Province,Bugesera,,,,ChIJ4W4sOJes3BkRc130eTg1hRU,2021-03-02,,,,,-35,
RW,Rwanda,Eastern Province,Bugesera,,,,ChIJ4W4sOJes3BkRc130eTg1hRU,2021-03-03,,,,,-34,
RW,Rwanda,Eastern Province,Bugesera,,,,ChIJ4W4sOJes3BkRc130eTg1hRU,2021-03-04,,,,,-33,
RW,Rwanda,Eastern Province,Bugesera,,,,ChIJ4W4sOJes3BkRc130eTg1hRU,2021-03-05,,,,,-34,
RW,Rwanda,Eastern Province,Bugesera,,,,ChIJ4W4sOJes3BkRc130eTg1hRU,2021-03-08,,,,,-29,
RW,Rwanda,Eastern Province,Bugesera,,,,ChIJ4W4sOJes3BkRc130eTg1hRU,2021-03-09,,,,,-37,
RW,Rwanda,Eastern Province,Bugesera,,,,ChIJ4W4sOJes3BkRc130eTg1hRU,2021-03-10,,,,,-31,
RW,Rwanda,Eastern Province,Bugesera,,,,ChIJ4W4sOJes3BkRc130eTg1hRU,2021-03-11,,,,,-31,
RW,Rwanda,Eastern Province,Bugesera,,,,ChIJ4W4sOJes3BkRc130eTg1hRU,2021-03-12,,,,,-29,
RW,Rwanda,Eastern Province,Bugesera,,,,ChIJ4W4sOJes3BkRc130eTg1hRU,2021-03-15,,,,,-23,
RW,Rwanda,Eastern Province,Bugesera,,,,ChIJ4W4sOJes3BkRc130eTg1hRU,2021-03-16,,,,,-40,
RW,Rwanda,Eastern Province,Bugesera,,,,ChIJ4W4sOJes3BkRc130eTg1hRU,2021-03-17,,,,,-44,
RW,Rwanda,Eastern Province,Bugesera,,,,ChIJ4W4sOJes3BkRc130eTg1hRU,2021-03-18,,,,,-38,
RW,Rwanda,Eastern Province,Bugesera,,,,ChIJ4W4sOJes3BkRc130eTg1hRU,2021-03-19,,,,,-37,
RW,Rwanda,Eastern Province,Bugesera,,,,ChIJ4W4sOJes3BkRc130eTg1hRU,2021-03-22,,,,,-35,
RW,Rwanda,Eastern Province,Bugesera,,,,ChIJ4W4sOJes3BkRc130eTg1hRU,2021-03-23,,,,,-35,
RW,Rwanda,Eastern Province,Bugesera,,,,ChIJ4W4sOJes3BkRc130eTg1hRU,2021-03-24,,,,,-31,
RW,Rwanda,Eastern Province,Bugesera,,,,ChIJ4W4sOJes3BkRc130eTg1hRU,2021-03-25,,,,,-31,
RW,Rwanda,Eastern Province,Bugesera,,,,ChIJ4W4sOJes3BkRc130eTg1hRU,2021-03-26,,,,,-30,
RW,Rwanda,Eastern Province,Bugesera,,,,ChIJ4W4sOJes3BkRc130eTg1hRU,2021-03-29,,,,,-33,
RW,Rwanda,Eastern Province,Bugesera,,,,ChIJ4W4sOJes3BkRc130eTg1hRU,2021-03-30,,,,,-22,
RW,Rwanda,Eastern Province,Bugesera,,,,ChIJ4W4sOJes3BkRc130eTg1hRU,2021-03-31,,,,,-19,
RW,Rwanda,Eastern Province,Bugesera,,,,ChIJ4W4sOJes3BkRc130eTg1hRU,2021-04-01,,,,,-27,
RW,Rwanda,Eastern Province,Bugesera,,,,ChIJ4W4sOJes3BkRc130eTg1hRU,2021-04-02,,,,,-63,
RW,Rwanda,Kigali City,,,RW-01,,ChIJl-fYjiWk3BkRNAgf0zO1-zI,2021-01-01,-39,-53,18,-39,-73,40
RW,Rwanda,Kigali City,,,RW-01,,ChIJl-fYjiWk3BkRNAgf0zO1-zI,2021-01-02,-8,-21,19,-20,-21,22
RW,Rwanda,Kigali City,,,RW-01,,ChIJl-fYjiWk3BkRNAgf0zO1-zI,2021-01-03,-7,-23,24,-23,-16,19
RW,Rwanda,Kigali City,,,RW-01,,ChIJl-fYjiWk3BkRNAgf0zO1-zI,2021-01-04,1,-17,35,-10,-45,31
RW,Rwanda,Kigali City,,,RW-01,,ChIJl-fYjiWk3BkRNAgf0zO1-zI,2021-01-05,2,-19,32,-24,-18,24
RW,Rwanda,Kigali City,,,RW-01,,ChIJl-fYjiWk3BkRNAgf0zO1-zI,2021-01-06,3,-22,16,-21,-18,25
RW,Rwanda,Kigali City,,,RW-01,,ChIJl-fYjiWk3BkRNAgf0zO1-zI,2021-01-07,4,-22,17,-23,-18,25
RW,Rwanda,Kigali City,,,RW-01,,ChIJl-fYjiWk3BkRNAgf0zO1-zI,2021-01-08,-5,-29,9,-27,-16,25
RW,Rwanda,Kigali City,,,RW-01,,ChIJl-fYjiWk3BkRNAgf0zO1-zI,2021-01-09,1,-20,-1,-27,-2,20
RW,Rwanda,Kigali City,,,RW-01,,ChIJl-fYjiWk3BkRNAgf0zO1-zI,2021-01-10,-7,-26,-2,-37,-7,20
RW,Rwanda,Kigali City,,,RW-01,,ChIJl-fYjiWk3BkRNAgf0zO1-zI,2021-01-11,3,-24,11,-26,-15,24
RW,Rwanda,Kigali City,,,RW-01,,ChIJl-fYjiWk3BkRNAgf0zO1-zI,2021-01-12,6,-22,3,-24,-18,22
RW,Rwanda,Kigali City,,,RW-01,,ChIJl-fYjiWk3BkRNAgf0zO1-zI,2021-01-13,-17,-41,-10,-38,-29,27
RW,Rwanda,Kigali City,,,RW-01,,ChIJl-fYjiWk3BkRNAgf0zO1-zI,2021-01-14,-10,-34,-18,-35,-27,23
RW,Rwanda,Kigali City,,,RW-01,,ChIJl-fYjiWk3BkRNAgf0zO1-zI,2021-01-15,-19,-39,-20,-40,-31,23
RW,Rwanda,Kigali City,,,RW-01,,ChIJl-fYjiWk3BkRNAgf0zO1-zI,2021-01-16,-14,-31,-21,-42,-22,21
RW,Rwanda,Kigali City,,,RW-01,,ChIJl-fYjiWk3BkRNAgf0zO1-zI,2021-01-17,-19,-38,-20,-49,-28,22
RW,Rwanda,Kigali City,,,RW-01,,ChIJl-fYjiWk3BkRNAgf0zO1-zI,2021-01-18,-14,-37,-7,-39,-32,26
RW,Rwanda,Kigali City,,,RW-01,,ChIJl-fYjiWk3BkRNAgf0zO1-zI,2021-01-19,-54,-57,-25,-65,-69,50
RW,Rwanda,Kigali City,,,RW-01,,ChIJl-fYjiWk3BkRNAgf0zO1-zI,2021-01-20,-64,-71,-36,-70,-71,55
RW,Rwanda,Kigali City,,,RW-01,,ChIJl-fYjiWk3BkRNAgf0zO1-zI,2021-01-21,-64,-70,-36,-73,-70,56
RW,Rwanda,Kigali City,,,RW-01,,ChIJl-fYjiWk3BkRNAgf0zO1-zI,2021-01-22,-65,-71,-39,-71,-68,56
RW,Rwanda,Kigali City,,,RW-01,,ChIJl-fYjiWk3BkRNAgf0zO1-zI,2021-01-23,-60,-65,-39,-72,-55,44
RW,Rwanda,Kigali City,,,RW-01,,ChIJl-fYjiWk3BkRNAgf0zO1-zI,2021-01-24,-62,-70,-41,-75,-48,41
RW,Rwanda,Kigali City,,,RW-01,,ChIJl-fYjiWk3BkRNAgf0zO1-zI,2021-01-25,-59,-66,-27,-72,-67,54
RW,Rwanda,Kigali City,,,RW-01,,ChIJl-fYjiWk3BkRNAgf0zO1-zI,2021-01-26,-58,-66,-23,-72,-67,52
RW,Rwanda,Kigali City,,,RW-01,,ChIJl-fYjiWk3BkRNAgf0zO1-zI,2021-01-27,-57,-65,-28,-67,-66,51
RW,Rwanda,Kigali City,,,RW-01,,ChIJl-fYjiWk3BkRNAgf0zO1-zI,2021-01-28,-58,-64,-34,-69,-65,51
RW,Rwanda,Kigali City,,,RW-01,,ChIJl-fYjiWk3BkRNAgf0zO1-zI,2021-01-29,-60,-66,-35,-68,-64,50
RW,Rwanda,Kigali City,,,RW-01,,ChIJl-fYjiWk3BkRNAgf0zO1-zI,2021-01-30,-57,-57,-38,-70,-53,37
RW,Rwanda,Kigali City,,,RW-01,,ChIJl-fYjiWk3BkRNAgf0zO1-zI,2021-01-31,-61,-64,-45,-75,-49,38
RW,Rwanda,Kigali City,,,RW-01,,ChIJl-fYjiWk3BkRNAgf0zO1-zI,2021-02-01,-62,-66,-31,-72,-74,53
RW,Rwanda,Kigali City,,,RW-01,,ChIJl-fYjiWk3BkRNAgf0zO1-zI,2021-02-02,-55,-62,-25,-70,-63,45
RW,Rwanda,Kigali City,,,RW-01,,ChIJl-fYjiWk3BkRNAgf0zO1-zI,2021-02-03,-59,-65,-27,-69,-64,48
RW,Rwanda,Kigali City,,,RW-01,,ChIJl-fYjiWk3BkRNAgf0zO1-zI,2021-02-04,-60,-67,-27,-73,-65,52
RW,Rwanda,Kigali City,,,RW-01,,ChIJl-fYjiWk3BkRNAgf0zO1-zI,2021-02-05,-63,-68,-22,-72,-64,52
RW,Rwanda,Kigali City,,,RW-01,,ChIJl-fYjiWk3BkRNAgf0zO1-zI,2021-02-06,-61,-65,-28,-75,-52,40
RW,Rwanda,Kigali City,,,RW-01,,ChIJl-fYjiWk3BkRNAgf0zO1-zI,2021-02-07,-64,-70,-32,-77,-48,40
RW,Rwanda,Kigali City,,,RW-01,,ChIJl-fYjiWk3BkRNAgf0zO1-zI,2021-02-08,-22,-35,-1,-46,-41,32
RW,Rwanda,Kigali City,,,RW-01,,ChIJl-fYjiWk3BkRNAgf0zO1-zI,2021-02-09,-22,-35,7,-42,-40,29
RW,Rwanda,Kigali City,,,RW-01,,ChIJl-fYjiWk3BkRNAgf0zO1-zI,2021-02-10,-24,-36,-9,-41,-38,29
RW,Rwanda,Kigali City,,,RW-01,,ChIJl-fYjiWk3BkRNAgf0zO1-zI,2021-02-11,-29,-40,-18,-46,-38,30
RW,Rwanda,Kigali City,,,RW-01,,ChIJl-fYjiWk3BkRNAgf0zO1-zI,2021-02-12,-34,-42,-22,-48,-37,30
RW,Rwanda,Kigali City,,,RW-01,,ChIJl-fYjiWk3BkRNAgf0zO1-zI,2021-02-13,-25,-27,-18,-48,-24,21
RW,Rwanda,Kigali City,,,RW-01,,ChIJl-fYjiWk3BkRNAgf0zO1-zI,2021-02-14,-34,-34,-15,-56,-32,24
RW,Rwanda,Kigali City,,,RW-01,,ChIJl-fYjiWk3BkRNAgf0zO1-zI,2021-02-15,-26,-39,-16,-45,-36,29
RW,Rwanda,Kigali City,,,RW-01,,ChIJl-fYjiWk3BkRNAgf0zO1-zI,2021-02-16,-27,-39,-10,-45,-37,27
RW,Rwanda,Kigali City,,,RW-01,,ChIJl-fYjiWk3BkRNAgf0zO1-zI,2021-02-17,-26,-39,-15,-42,-36,27
RW,Rwanda,Kigali City,,,RW-01,,ChIJl-fYjiWk3BkRNAgf0zO1-zI,2021-02-18,-32,-40,-16,-43,-36,29
RW,Rwanda,Kigali City,,,RW-01,,ChIJl-fYjiWk3BkRNAgf0zO1-zI,2021-02-19,-34,-40,-16,-45,-35,28
RW,Rwanda,Kigali City,,,RW-01,,ChIJl-fYjiWk3BkRNAgf0zO1-zI,2021-02-20,-25,-28,-11,-46,-21,22
RW,Rwanda,Kigali City,,,RW-01,,ChIJl-fYjiWk3BkRNAgf0zO1-zI,2021-02-21,-38,-39,-16,-57,-33,24
RW,Rwanda,Kigali City,,,RW-01,,ChIJl-fYjiWk3BkRNAgf0zO1-zI,2021-02-22,-22,-33,-17,-42,-33,27
RW,Rwanda,Kigali City,,,RW-01,,ChIJl-fYjiWk3BkRNAgf0zO1-zI,2021-02-23,-13,-30,-11,-40,-30,21
RW,Rwanda,Kigali City,,,RW-01,,ChIJl-fYjiWk3BkRNAgf0zO1-zI,2021-02-24,-14,-30,-19,-37,-28,21
RW,Rwanda,Kigali City,,,RW-01,,ChIJl-fYjiWk3BkRNAgf0zO1-zI,2021-02-25,-14,-30,-18,-37,-28,22
RW,Rwanda,Kigali City,,,RW-01,,ChIJl-fYjiWk3BkRNAgf0zO1-zI,2021-02-26,-17,-32,-19,-39,-27,21
RW,Rwanda,Kigali City,,,RW-01,,ChIJl-fYjiWk3BkRNAgf0zO1-zI,2021-02-27,-7,-17,-8,-40,-16,16
RW,Rwanda,Kigali City,,,RW-01,,ChIJl-fYjiWk3BkRNAgf0zO1-zI,2021-02-28,-20,-27,-13,-49,-21,18
RW,Rwanda,Kigali City,,,RW-01,,ChIJl-fYjiWk3BkRNAgf0zO1-zI,2021-03-01,-9,-24,-7,-37,-26,20
RW,Rwanda,Kigali City,,,RW-01,,ChIJl-fYjiWk3BkRNAgf0zO1-zI,2021-03-02,-7,-27,-6,-38,-25,19
RW,Rwanda,Kigali City,,,RW-01,,ChIJl-fYjiWk3BkRNAgf0zO1-zI,2021-03-03,-20,-36,-20,-40,-30,23
RW,Rwanda,Kigali City,,,RW-01,,ChIJl-fYjiWk3BkRNAgf0zO1-zI,2021-03-04,-9,-25,-14,-34,-25,19
RW,Rwanda,Kigali City,,,RW-01,,ChIJl-fYjiWk3BkRNAgf0zO1-zI,2021-03-05,-15,-30,-12,-38,-25,20
RW,Rwanda,Kigali City,,,RW-01,,ChIJl-fYjiWk3BkRNAgf0zO1-zI,2021-03-06,-5,-15,6,-41,-14,15
RW,Rwanda,Kigali City,,,RW-01,,ChIJl-fYjiWk3BkRNAgf0zO1-zI,2021-03-07,-17,-25,0,-46,-18,17
RW,Rwanda,Kigali City,,,RW-01,,ChIJl-fYjiWk3BkRNAgf0zO1-zI,2021-03-08,-9,-27,-1,-37,-25,22
RW,Rwanda,Kigali City,,,RW-01,,ChIJl-fYjiWk3BkRNAgf0zO1-zI,2021-03-09,-7,-24,2,-36,-25,20
RW,Rwanda,Kigali City,,,RW-01,,ChIJl-fYjiWk3BkRNAgf0zO1-zI,2021-03-10,-5,-25,-9,-31,-24,17
RW,Rwanda,Kigali City,,,RW-01,,ChIJl-fYjiWk3BkRNAgf0zO1-zI,2021-03-11,-11,-28,-8,-33,-24,20
RW,Rwanda,Kigali City,,,RW-01,,ChIJl-fYjiWk3BkRNAgf0zO1-zI,2021-03-12,-15,-29,-8,-36,-22,19
RW,Rwanda,Kigali City,,,RW-01,,ChIJl-fYjiWk3BkRNAgf0zO1-zI,2021-03-13,-3,-14,5,-34,-12,15
RW,Rwanda,Kigali City,,,RW-01,,ChIJl-fYjiWk3BkRNAgf0zO1-zI,2021-03-14,-17,-25,-7,-48,-18,16
RW,Rwanda,Kigali City,,,RW-01,,ChIJl-fYjiWk3BkRNAgf0zO1-zI,2021-03-15,-6,-23,-3,-32,-20,20
RW,Rwanda,Kigali City,,,RW-01,,ChIJl-fYjiWk3BkRNAgf0zO1-zI,2021-03-16,-6,-22,1,-29,-22,18
RW,Rwanda,Kigali City,,,RW-01,,ChIJl-fYjiWk3BkRNAgf0zO1-zI,2021-03-17,-11,-27,-10,-28,-23,20
RW,Rwanda,Kigali City,,,RW-01,,ChIJl-fYjiWk3BkRNAgf0zO1-zI,2021-03-18,-7,-24,-2,-22,-19,17
RW,Rwanda,Kigali City,,,RW-01,,ChIJl-fYjiWk3BkRNAgf0zO1-zI,2021-03-19,-12,-27,-4,-23,-18,17
RW,Rwanda,Kigali City,,,RW-01,,ChIJl-fYjiWk3BkRNAgf0zO1-zI,2021-03-20,-3,-13,10,-23,-10,13
RW,Rwanda,Kigali City,,,RW-01,,ChIJl-fYjiWk3BkRNAgf0zO1-zI,2021-03-21,-18,-25,2,-35,-18,16
RW,Rwanda,Kigali City,,,RW-01,,ChIJl-fYjiWk3BkRNAgf0zO1-zI,2021-03-22,-11,-24,7,-25,-20,20
RW,Rwanda,Kigali City,,,RW-01,,ChIJl-fYjiWk3BkRNAgf0zO1-zI,2021-03-23,-4,-21,5,-20,-18,16
RW,Rwanda,Kigali City,,,RW-01,,ChIJl-fYjiWk3BkRNAgf0zO1-zI,2021-03-24,-4,-20,0,-19,-18,15
RW,Rwanda,Kigali City,,,RW-01,,ChIJl-fYjiWk3BkRNAgf0zO1-zI,2021-03-25,-5,-20,-10,-19,-19,16
RW,Rwanda,Kigali City,,,RW-01,,ChIJl-fYjiWk3BkRNAgf0zO1-zI,2021-03-26,-7,-21,-1,-21,-17,16
RW,Rwanda,Kigali City,,,RW-01,,ChIJl-fYjiWk3BkRNAgf0zO1-zI,2021-03-27,1,-6,13,-18,-10,12
RW,Rwanda,Kigali City,,,RW-01,,ChIJl-fYjiWk3BkRNAgf0zO1-zI,2021-03-28,-10,-16,12,-29,-13,13
RW,Rwanda,Kigali City,,,RW-01,,ChIJl-fYjiWk3BkRNAgf0zO1-zI,2021-03-29,-1,-16,7,-17,-16,16
RW,Rwanda,Kigali City,,,RW-01,,ChIJl-fYjiWk3BkRNAgf0zO1-zI,2021-03-30,-4,-20,13,-16,-17,16
RW,Rwanda,Kigali City,,,RW-01,,ChIJl-fYjiWk3BkRNAgf0zO1-zI,2021-03-31,3,-16,9,-11,-20,14
RW,Rwanda,Kigali City,,,RW-01,,ChIJl-fYjiWk3BkRNAgf0zO1-zI,2021-04-01,4,-15,4,-11,-19,14
RW,Rwanda,Kigali City,,,RW-01,,ChIJl-fYjiWk3BkRNAgf0zO1-zI,2021-04-02,-11,-22,5,-17,-47,23
RW,Rwanda,Kigali City,,,RW-01,,ChIJl-fYjiWk3BkRNAgf0zO1-zI,2021-04-03,-1,-8,18,-12,-10,11
RW,Rwanda,Kigali City,,,RW-01,,ChIJl-fYjiWk3BkRNAgf0zO1-zI,2021-04-04,-12,-19,13,-32,-24,12
RW,Rwanda,Kigali City,Gasabo,,,,ChIJO303Vx6n3BkRDG8_07qYOc0,2021-01-01,-44,-44,101,-37,-75,39
RW,Rwanda,Kigali City,Gasabo,,,,ChIJO303Vx6n3BkRDG8_07qYOc0,2021-01-02,-25,-12,91,-13,-23,23
RW,Rwanda,Kigali City,Gasabo,,,,ChIJO303Vx6n3BkRDG8_07qYOc0,2021-01-03,-16,-14,95,-13,-21,20
RW,Rwanda,Kigali City,Gasabo,,,,ChIJO303Vx6n3BkRDG8_07qYOc0,2021-01-04,-19,-8,120,-10,-49,31
RW,Rwanda,Kigali City,Gasabo,,,,ChIJO303Vx6n3BkRDG8_07qYOc0,2021-01-05,-16,-11,114,-9,-23,26
RW,Rwanda,Kigali City,Gasabo,,,,ChIJO303Vx6n3BkRDG8_07qYOc0,2021-01-06,-17,-15,96,-8,-22,28
RW,Rwanda,Kigali City,Gasabo,,,,ChIJO303Vx6n3BkRDG8_07qYOc0,2021-01-07,-18,-13,93,-6,-23,28
RW,Rwanda,Kigali City,Gasabo,,,,ChIJO303Vx6n3BkRDG8_07qYOc0,2021-01-08,-25,-25,77,-16,-20,28
RW,Rwanda,Kigali City,Gasabo,,,,ChIJO303Vx6n3BkRDG8_07qYOc0,2021-01-09,-17,-15,49,-16,-3,22
RW,Rwanda,Kigali City,Gasabo,,,,ChIJO303Vx6n3BkRDG8_07qYOc0,2021-01-10,-16,-20,53,-27,-10,22
RW,Rwanda,Kigali City,Gasabo,,,,ChIJO303Vx6n3BkRDG8_07qYOc0,2021-01-11,-19,-19,70,-10,-18,24
RW,Rwanda,Kigali City,Gasabo,,,,ChIJO303Vx6n3BkRDG8_07qYOc0,2021-01-12,-12,-16,61,-2,-22,24
RW,Rwanda,Kigali City,Gasabo,,,,ChIJO303Vx6n3BkRDG8_07qYOc0,2021-01-13,-30,-36,45,-25,-32,30
RW,Rwanda,Kigali City,Gasabo,,,,ChIJO303Vx6n3BkRDG8_07qYOc0,2021-01-14,-28,-26,28,-22,-30,26
RW,Rwanda,Kigali City,Gasabo,,,,ChIJO303Vx6n3BkRDG8_07qYOc0,2021-01-15,-33,-30,31,-26,-32,26
RW,Rwanda,Kigali City,Gasabo,,,,ChIJO303Vx6n3BkRDG8_07qYOc0,2021-01-16,-26,-25,21,-30,-21,23
RW,Rwanda,Kigali City,Gasabo,,,,ChIJO303Vx6n3BkRDG8_07qYOc0,2021-01-17,-25,-33,22,-44,-28,23
RW,Rwanda,Kigali City,Gasabo,,,,ChIJO303Vx6n3BkRDG8_07qYOc0,2021-01-18,-31,-32,39,-28,-36,28
RW,Rwanda,Kigali City,Gasabo,,,,ChIJO303Vx6n3BkRDG8_07qYOc0,2021-01-19,-63,-54,20,-74,-69,52
RW,Rwanda,Kigali City,Gasabo,,,,ChIJO303Vx6n3BkRDG8_07qYOc0,2021-01-20,-72,-71,9,-80,-72,58
RW,Rwanda,Kigali City,Gasabo,,,,ChIJO303Vx6n3BkRDG8_07qYOc0,2021-01-21,-71,-67,5,-80,-71,57
RW,Rwanda,Kigali City,Gasabo,,,,ChIJO303Vx6n3BkRDG8_07qYOc0,2021-01-22,-72,-69,5,-81,-68,55
RW,Rwanda,Kigali City,Gasabo,,,,ChIJO303Vx6n3BkRDG8_07qYOc0,2021-01-23,-68,-64,-1,-75,-54,45
RW,Rwanda,Kigali City,Gasabo,,,,ChIJO303Vx6n3BkRDG8_07qYOc0,2021-01-24,-69,-69,-5,-82,-49,42
RW,Rwanda,Kigali City,Gasabo,,,,ChIJO303Vx6n3BkRDG8_07qYOc0,2021-01-25,-66,-64,17,-78,-68,54
RW,Rwanda,Kigali City,Gasabo,,,,ChIJO303Vx6n3BkRDG8_07qYOc0,2021-01-26,-66,-64,23,-77,-67,53
RW,Rwanda,Kigali City,Gasabo,,,,ChIJO303Vx6n3BkRDG8_07qYOc0,2021-01-27,-65,-65,20,-75,-67,53
RW,Rwanda,Kigali City,Gasabo,,,,ChIJO303Vx6n3BkRDG8_07qYOc0,2021-01-28,-67,-63,10,-76,-67,53
RW,Rwanda,Kigali City,Gasabo,,,,ChIJO303Vx6n3BkRDG8_07qYOc0,2021-01-29,-68,-63,1,-75,-65,52
RW,Rwanda,Kigali City,Gasabo,,,,ChIJO303Vx6n3BkRDG8_07qYOc0,2021-01-30,-65,-55,-7,-74,-52,39
RW,Rwanda,Kigali City,Gasabo,,,,ChIJO303Vx6n3BkRDG8_07qYOc0,2021-01-31,-68,-63,-12,-80,-50,39
RW,Rwanda,Kigali City,Gasabo,,,,ChIJO303Vx6n3BkRDG8_07qYOc0,2021-02-01,-69,-64,7,-78,-74,53
RW,Rwanda,Kigali City,Gasabo,,,,ChIJO303Vx6n3BkRDG8_07qYOc0,2021-02-02,-64,-61,19,-73,-65,48
RW,Rwanda,Kigali City,Gasabo,,,,ChIJO303Vx6n3BkRDG8_07qYOc0,2021-02-03,-68,-65,20,-74,-65,51
RW,Rwanda,Kigali City,Gasabo,,,,ChIJO303Vx6n3BkRDG8_07qYOc0,2021-02-04,-69,-64,17,-79,-66,53
RW,Rwanda,Kigali City,Gasabo,,,,ChIJO303Vx6n3BkRDG8_07qYOc0,2021-02-05,-70,-67,32,-78,-67,53
RW,Rwanda,Kigali City,Gasabo,,,,ChIJO303Vx6n3BkRDG8_07qYOc0,2021-02-06,-68,-63,19,-79,-50,43
RW,Rwanda,Kigali City,Gasabo,,,,ChIJO303Vx6n3BkRDG8_07qYOc0,2021-02-07,-71,-67,15,-83,-49,41
RW,Rwanda,Kigali City,Gasabo,,,,ChIJO303Vx6n3BkRDG8_07qYOc0,2021-02-08,-40,-35,47,-29,-43,33
RW,Rwanda,Kigali City,Gasabo,,,,ChIJO303Vx6n3BkRDG8_07qYOc0,2021-02-09,-41,-31,72,-23,-43,33
RW,Rwanda,Kigali City,Gasabo,,,,ChIJO303Vx6n3BkRDG8_07qYOc0,2021-02-10,-42,-35,50,-31,-40,34
RW,Rwanda,Kigali City,Gasabo,,,,ChIJO303Vx6n3BkRDG8_07qYOc0,2021-02-11,-45,-37,32,-31,-41,34
RW,Rwanda,Kigali City,Gasabo,,,,ChIJO303Vx6n3BkRDG8_07qYOc0,2021-02-12,-51,-40,22,-40,-39,33
RW,Rwanda,Kigali City,Gasabo,,,,ChIJO303Vx6n3BkRDG8_07qYOc0,2021-02-13,-42,-25,30,-43,-23,23
RW,Rwanda,Kigali City,Gasabo,,,,ChIJO303Vx6n3BkRDG8_07qYOc0,2021-02-14,-43,-25,36,-46,-34,27
RW,Rwanda,Kigali City,Gasabo,,,,ChIJO303Vx6n3BkRDG8_07qYOc0,2021-02-15,-44,-36,32,-29,-40,30
RW,Rwanda,Kigali City,Gasabo,,,,ChIJO303Vx6n3BkRDG8_07qYOc0,2021-02-16,-42,-34,40,-31,-40,31
RW,Rwanda,Kigali City,Gasabo,,,,ChIJO303Vx6n3BkRDG8_07qYOc0,2021-02-17,-41,-37,36,-30,-39,31
RW,Rwanda,Kigali City,Gasabo,,,,ChIJO303Vx6n3BkRDG8_07qYOc0,2021-02-18,-48,-35,32,-29,-39,33
RW,Rwanda,Kigali City,Gasabo,,,,ChIJO303Vx6n3BkRDG8_07qYOc0,2021-02-19,-50,-36,41,-30,-37,30
RW,Rwanda,Kigali City,Gasabo,,,,ChIJO303Vx6n3BkRDG8_07qYOc0,2021-02-20,-40,-26,43,-37,-19,24
RW,Rwanda,Kigali City,Gasabo,,,,ChIJO303Vx6n3BkRDG8_07qYOc0,2021-02-21,-47,-35,28,-51,-34,26
RW,Rwanda,Kigali City,Gasabo,,,,ChIJO303Vx6n3BkRDG8_07qYOc0,2021-02-22,-39,-29,29,-27,-35,27
RW,Rwanda,Kigali City,Gasabo,,,,ChIJO303Vx6n3BkRDG8_07qYOc0,2021-02-23,-30,-22,34,-22,-33,25
RW,Rwanda,Kigali City,Gasabo,,,,ChIJO303Vx6n3BkRDG8_07qYOc0,2021-02-24,-32,-26,34,-21,-30,26
RW,Rwanda,Kigali City,Gasabo,,,,ChIJO303Vx6n3BkRDG8_07qYOc0,2021-02-25,-32,-25,32,-22,-31,26
RW,Rwanda,Kigali City,Gasabo,,,,ChIJO303Vx6n3BkRDG8_07qYOc0,2021-02-26,-35,-26,32,-25,-30,23
RW,Rwanda,Kigali City,Gasabo,,,,ChIJO303Vx6n3BkRDG8_07qYOc0,2021-02-27,-23,-11,40,-36,-13,18
RW,Rwanda,Kigali City,Gasabo,,,,ChIJO303Vx6n3BkRDG8_07qYOc0,2021-02-28,-26,-21,33,-46,-22,20
RW,Rwanda,Kigali City,Gasabo,,,,ChIJO303Vx6n3BkRDG8_07qYOc0,2021-03-01,-28,-17,43,-24,-28,21
RW,Rwanda,Kigali City,Gasabo,,,,ChIJO303Vx6n3BkRDG8_07qYOc0,2021-03-02,-24,-20,44,-20,-28,22
RW,Rwanda,Kigali City,Gasabo,,,,ChIJO303Vx6n3BkRDG8_07qYOc0,2021-03-03,-35,-30,22,-27,-32,25
RW,Rwanda,Kigali City,Gasabo,,,,ChIJO303Vx6n3BkRDG8_07qYOc0,2021-03-04,-26,-18,27,-15,-29,23
RW,Rwanda,Kigali City,Gasabo,,,,ChIJO303Vx6n3BkRDG8_07qYOc0,2021-03-05,-32,-23,35,-26,-28,22
RW,Rwanda,Kigali City,Gasabo,,,,ChIJO303Vx6n3BkRDG8_07qYOc0,2021-03-06,-21,-7,52,-35,-11,18
RW,Rwanda,Kigali City,Gasabo,,,,ChIJO303Vx6n3BkRDG8_07qYOc0,2021-03-07,-24,-18,48,-42,-20,19
RW,Rwanda,Kigali City,Gasabo,,,,ChIJO303Vx6n3BkRDG8_07qYOc0,2021-03-08,-28,-19,40,-22,-28,23
RW,Rwanda,Kigali City,Gasabo,,,,ChIJO303Vx6n3BkRDG8_07qYOc0,2021-03-09,-25,-17,48,-19,-28,23
RW,Rwanda,Kigali City,Gasabo,,,,ChIJO303Vx6n3BkRDG8_07qYOc0,2021-03-10,-24,-21,40,-16,-26,21
RW,Rwanda,Kigali City,Gasabo,,,,ChIJO303Vx6n3BkRDG8_07qYOc0,2021-03-11,-27,-18,43,-15,-26,23
RW,Rwanda,Kigali City,Gasabo,,,,ChIJO303Vx6n3BkRDG8_07qYOc0,2021-03-12,-31,-23,42,-23,-24,21
RW,Rwanda,Kigali City,Gasabo,,,,ChIJO303Vx6n3BkRDG8_07qYOc0,2021-03-13,-18,-9,52,-26,-11,18
RW,Rwanda,Kigali City,Gasabo,,,,ChIJO303Vx6n3BkRDG8_07qYOc0,2021-03-14,-25,-19,36,-47,-20,18
RW,Rwanda,Kigali City,Gasabo,,,,ChIJO303Vx6n3BkRDG8_07qYOc0,2021-03-15,-25,-15,47,-11,-23,21
RW,Rwanda,Kigali City,Gasabo,,,,ChIJO303Vx6n3BkRDG8_07qYOc0,2021-03-16,-20,-14,49,-5,-24,21
RW,Rwanda,Kigali City,Gasabo,,,,ChIJO303Vx6n3BkRDG8_07qYOc0,2021-03-17,-28,-21,43,-14,-26,23
RW,Rwanda,Kigali City,Gasabo,,,,ChIJO303Vx6n3BkRDG8_07qYOc0,2021-03-18,-23,-17,51,-2,-22,20
RW,Rwanda,Kigali City,Gasabo,,,,ChIJO303Vx6n3BkRDG8_07qYOc0,2021-03-19,-26,-20,51,-20,-21,19
RW,Rwanda,Kigali City,Gasabo,,,,ChIJO303Vx6n3BkRDG8_07qYOc0,2021-03-20,-16,-6,67,-24,-10,14
RW,Rwanda,Kigali City,Gasabo,,,,ChIJO303Vx6n3BkRDG8_07qYOc0,2021-03-21,-24,-16,55,-40,-17,18
RW,Rwanda,Kigali City,Gasabo,,,,ChIJO303Vx6n3BkRDG8_07qYOc0,2021-03-22,-25,-15,54,-17,-21,21
RW,Rwanda,Kigali City,Gasabo,,,,ChIJO303Vx6n3BkRDG8_07qYOc0,2021-03-23,-18,-12,68,0,-21,18
RW,Rwanda,Kigali City,Gasabo,,,,ChIJO303Vx6n3BkRDG8_07qYOc0,2021-03-24,-22,-11,66,0,-21,18
RW,Rwanda,Kigali City,Gasabo,,,,ChIJO303Vx6n3BkRDG8_07qYOc0,2021-03-25,-21,-12,47,2,-21,19
RW,Rwanda,Kigali City,Gasabo,,,,ChIJO303Vx6n3BkRDG8_07qYOc0,2021-03-26,-24,-12,65,-7,-20,18
RW,Rwanda,Kigali City,Gasabo,,,,ChIJO303Vx6n3BkRDG8_07qYOc0,2021-03-27,-15,1,71,-12,-8,14
RW,Rwanda,Kigali City,Gasabo,,,,ChIJO303Vx6n3BkRDG8_07qYOc0,2021-03-28,-18,-7,69,-24,-14,14
RW,Rwanda,Kigali City,Gasabo,,,,ChIJO303Vx6n3BkRDG8_07qYOc0,2021-03-29,-18,-7,58,-5,-19,17
RW,Rwanda,Kigali City,Gasabo,,,,ChIJO303Vx6n3BkRDG8_07qYOc0,2021-03-30,-18,-8,79,1,-19,18
RW,Rwanda,Kigali City,Gasabo,,,,ChIJO303Vx6n3BkRDG8_07qYOc0,2021-03-31,-12,-10,80,5,-22,16
RW,Rwanda,Kigali City,Gasabo,,,,ChIJO303Vx6n3BkRDG8_07qYOc0,2021-04-01,-11,-7,67,2,-21,17
RW,Rwanda,Kigali City,Gasabo,,,,ChIJO303Vx6n3BkRDG8_07qYOc0,2021-04-02,-25,-15,77,-15,-49,25
RW,Rwanda,Kigali City,Gasabo,,,,ChIJO303Vx6n3BkRDG8_07qYOc0,2021-04-03,-17,1,80,-10,-10,13
RW,Rwanda,Kigali City,Gasabo,,,,ChIJO303Vx6n3BkRDG8_07qYOc0,2021-04-04,-19,-10,75,-38,-23,12
RW,Rwanda,Kigali City,Kicukiro,,,,ChIJUaP56mmo3BkRqzPnnqZ-zhs,2021-01-01,-15,-33,-47,-33,-72,49
RW,Rwanda,Kigali City,Kicukiro,,,,ChIJUaP56mmo3BkRqzPnnqZ-zhs,2021-01-02,-11,-19,-55,-24,-18,28
RW,Rwanda,Kigali City,Kicukiro,,,,ChIJUaP56mmo3BkRqzPnnqZ-zhs,2021-01-03,-5,-17,-54,-19,-7,27
RW,Rwanda,Kigali City,Kicukiro,,,,ChIJUaP56mmo3BkRqzPnnqZ-zhs,2021-01-04,6,-8,-49,-11,-45,36
RW,Rwanda,Kigali City,Kicukiro,,,,ChIJUaP56mmo3BkRqzPnnqZ-zhs,2021-01-05,,-13,-48,-21,-13,30
RW,Rwanda,Kigali City,Kicukiro,,,,ChIJUaP56mmo3BkRqzPnnqZ-zhs,2021-01-06,8,-10,-53,-7,-10,30
RW,Rwanda,Kigali City,Kicukiro,,,,ChIJUaP56mmo3BkRqzPnnqZ-zhs,2021-01-07,2,-3,-43,-16,-11,31
RW,Rwanda,Kigali City,Kicukiro,,,,ChIJUaP56mmo3BkRqzPnnqZ-zhs,2021-01-08,-2,-15,-46,-10,-10,30
RW,Rwanda,Kigali City,Kicukiro,,,,ChIJUaP56mmo3BkRqzPnnqZ-zhs,2021-01-09,5,-15,-53,-17,2,26
RW,Rwanda,Kigali City,Kicukiro,,,,ChIJUaP56mmo3BkRqzPnnqZ-zhs,2021-01-10,0,-23,-57,-14,4,26
RW,Rwanda,Kigali City,Kicukiro,,,,ChIJUaP56mmo3BkRqzPnnqZ-zhs,2021-01-11,10,-12,-51,-14,-11,29
RW,Rwanda,Kigali City,Kicukiro,,,,ChIJUaP56mmo3BkRqzPnnqZ-zhs,2021-01-12,,-10,-58,-19,-12,26
RW,Rwanda,Kigali City,Kicukiro,,,,ChIJUaP56mmo3BkRqzPnnqZ-zhs,2021-01-13,-10,-29,-55,-22,-24,32
RW,Rwanda,Kigali City,Kicukiro,,,,ChIJUaP56mmo3BkRqzPnnqZ-zhs,2021-01-14,-9,-24,-51,-30,-22,27
RW,Rwanda,Kigali City,Kicukiro,,,,ChIJUaP56mmo3BkRqzPnnqZ-zhs,2021-01-15,-17,-34,-58,-27,-27,27
RW,Rwanda,Kigali City,Kicukiro,,,,ChIJUaP56mmo3BkRqzPnnqZ-zhs,2021-01-16,-13,-27,-62,-34,-19,25
RW,Rwanda,Kigali City,Kicukiro,,,,ChIJUaP56mmo3BkRqzPnnqZ-zhs,2021-01-17,-16,-35,-60,-33,-23,27
RW,Rwanda,Kigali City,Kicukiro,,,,ChIJUaP56mmo3BkRqzPnnqZ-zhs,2021-01-18,-13,-27,-59,-33,-28,30
RW,Rwanda,Kigali City,Kicukiro,,,,ChIJUaP56mmo3BkRqzPnnqZ-zhs,2021-01-19,-35,-42,-74,-55,-67,55
RW,Rwanda,Kigali City,Kicukiro,,,,ChIJUaP56mmo3BkRqzPnnqZ-zhs,2021-01-20,-46,-60,-71,-49,-69,64
RW,Rwanda,Kigali City,Kicukiro,,,,ChIJUaP56mmo3BkRqzPnnqZ-zhs,2021-01-21,-48,-56,-68,-60,-68,64
RW,Rwanda,Kigali City,Kicukiro,,,,ChIJUaP56mmo3BkRqzPnnqZ-zhs,2021-01-22,-47,-60,-74,-50,-66,65
RW,Rwanda,Kigali City,Kicukiro,,,,ChIJUaP56mmo3BkRqzPnnqZ-zhs,2021-01-23,-47,-57,-78,-57,-50,50
RW,Rwanda,Kigali City,Kicukiro,,,,ChIJUaP56mmo3BkRqzPnnqZ-zhs,2021-01-24,-54,-60,-76,-55,-44,
RW,Rwanda,Kigali City,Kicukiro,,,,ChIJUaP56mmo3BkRqzPnnqZ-zhs,2021-01-25,-38,-56,-69,-55,-63,60
RW,Rwanda,Kigali City,Kicukiro,,,,ChIJUaP56mmo3BkRqzPnnqZ-zhs,2021-01-26,,-53,-68,-57,-65,59
RW,Rwanda,Kigali City,Kicukiro,,,,ChIJUaP56mmo3BkRqzPnnqZ-zhs,2021-01-27,-39,-53,-66,-46,-63,60
RW,Rwanda,Kigali City,Kicukiro,,,,ChIJUaP56mmo3BkRqzPnnqZ-zhs,2021-01-28,-42,-47,-65,-54,-62,58
RW,Rwanda,Kigali City,Kicukiro,,,,ChIJUaP56mmo3BkRqzPnnqZ-zhs,2021-01-29,-42,-53,-65,-48,-63,57
RW,Rwanda,Kigali City,Kicukiro,,,,ChIJUaP56mmo3BkRqzPnnqZ-zhs,2021-01-30,-41,-46,-74,-56,-48,43
RW,Rwanda,Kigali City,Kicukiro,,,,ChIJUaP56mmo3BkRqzPnnqZ-zhs,2021-01-31,-56,-54,-77,-57,-42,
RW,Rwanda,Kigali City,Kicukiro,,,,ChIJUaP56mmo3BkRqzPnnqZ-zhs,2021-02-01,-39,-50,-68,-54,-72,60
RW,Rwanda,Kigali City,Kicukiro,,,,ChIJUaP56mmo3BkRqzPnnqZ-zhs,2021-02-02,-35,-45,-73,-56,-60,52
RW,Rwanda,Kigali City,Kicukiro,,,,ChIJUaP56mmo3BkRqzPnnqZ-zhs,2021-02-03,-38,-47,-71,-49,-61,55
RW,Rwanda,Kigali City,Kicukiro,,,,ChIJUaP56mmo3BkRqzPnnqZ-zhs,2021-02-04,-40,-48,-67,-54,-61,59
RW,Rwanda,Kigali City,Kicukiro,,,,ChIJUaP56mmo3BkRqzPnnqZ-zhs,2021-02-05,-42,-53,-73,-51,-60,59
RW,Rwanda,Kigali City,Kicukiro,,,,ChIJUaP56mmo3BkRqzPnnqZ-zhs,2021-02-06,-44,-52,-78,-59,-47,47
RW,Rwanda,Kigali City,Kicukiro,,,,ChIJUaP56mmo3BkRqzPnnqZ-zhs,2021-02-07,-58,-61,-81,-58,-39,
RW,Rwanda,Kigali City,Kicukiro,,,,ChIJUaP56mmo3BkRqzPnnqZ-zhs,2021-02-08,-21,-29,-57,-41,-37,36
RW,Rwanda,Kigali City,Kicukiro,,,,ChIJUaP56mmo3BkRqzPnnqZ-zhs,2021-02-09,,-29,-56,-43,-37,34
RW,Rwanda,Kigali City,Kicukiro,,,,ChIJUaP56mmo3BkRqzPnnqZ-zhs,2021-02-10,-18,-29,-56,-38,-34,35
RW,Rwanda,Kigali City,Kicukiro,,,,ChIJUaP56mmo3BkRqzPnnqZ-zhs,2021-02-11,-26,-31,-60,-46,-33,35
RW,Rwanda,Kigali City,Kicukiro,,,,ChIJUaP56mmo3BkRqzPnnqZ-zhs,2021-02-12,-24,-32,-61,-40,-33,37
RW,Rwanda,Kigali City,Kicukiro,,,,ChIJUaP56mmo3BkRqzPnnqZ-zhs,2021-02-13,-26,-25,-64,-45,-20,25
RW,Rwanda,Kigali City,Kicukiro,,,,ChIJUaP56mmo3BkRqzPnnqZ-zhs,2021-02-14,-34,-26,-69,-48,-24,30
RW,Rwanda,Kigali City,Kicukiro,,,,ChIJUaP56mmo3BkRqzPnnqZ-zhs,2021-02-15,-20,-30,-62,-45,-32,34
RW,Rwanda,Kigali City,Kicukiro,,,,ChIJUaP56mmo3BkRqzPnnqZ-zhs,2021-02-16,,-26,-52,-47,-34,32
RW,Rwanda,Kigali City,Kicukiro,,,,ChIJUaP56mmo3BkRqzPnnqZ-zhs,2021-02-17,-16,-28,-51,-42,-33,33
RW,Rwanda,Kigali City,Kicukiro,,,,ChIJUaP56mmo3BkRqzPnnqZ-zhs,2021-02-18,-26,-25,-55,-46,-32,34
RW,Rwanda,Kigali City,Kicukiro,,,,ChIJUaP56mmo3BkRqzPnnqZ-zhs,2021-02-19,-25,-26,-59,-45,-32,34
RW,Rwanda,Kigali City,Kicukiro,,,,ChIJUaP56mmo3BkRqzPnnqZ-zhs,2021-02-20,-21,-21,-64,-47,-19,26
RW,Rwanda,Kigali City,Kicukiro,,,,ChIJUaP56mmo3BkRqzPnnqZ-zhs,2021-02-21,-30,-29,-66,-47,-26,30
RW,Rwanda,Kigali City,Kicukiro,,,,ChIJUaP56mmo3BkRqzPnnqZ-zhs,2021-02-22,-18,-23,-63,-42,-30,31
RW,Rwanda,Kigali City,Kicukiro,,,,ChIJUaP56mmo3BkRqzPnnqZ-zhs,2021-02-23,,-15,-59,-40,-25,24
RW,Rwanda,Kigali City,Kicukiro,,,,ChIJUaP56mmo3BkRqzPnnqZ-zhs,2021-02-24,-6,-17,-57,-35,-23,25
RW,Rwanda,Kigali City,Kicukiro,,,,ChIJUaP56mmo3BkRqzPnnqZ-zhs,2021-02-25,-9,-11,-56,-40,-24,25
RW,Rwanda,Kigali City,Kicukiro,,,,ChIJUaP56mmo3BkRqzPnnqZ-zhs,2021-02-26,-10,-20,-52,-36,-23,25
RW,Rwanda,Kigali City,Kicukiro,,,,ChIJUaP56mmo3BkRqzPnnqZ-zhs,2021-02-27,-1,-9,-52,-38,-14,20
RW,Rwanda,Kigali City,Kicukiro,,,,ChIJUaP56mmo3BkRqzPnnqZ-zhs,2021-02-28,-18,-19,-59,-38,-12,24
RW,Rwanda,Kigali City,Kicukiro,,,,ChIJUaP56mmo3BkRqzPnnqZ-zhs,2021-03-01,-2,-6,-55,-38,-22,22
RW,Rwanda,Kigali City,Kicukiro,,,,ChIJUaP56mmo3BkRqzPnnqZ-zhs,2021-03-02,,-10,-53,-41,-21,22
RW,Rwanda,Kigali City,Kicukiro,,,,ChIJUaP56mmo3BkRqzPnnqZ-zhs,2021-03-03,-12,-19,-47,-38,-25,28
RW,Rwanda,Kigali City,Kicukiro,,,,ChIJUaP56mmo3BkRqzPnnqZ-zhs,2021-03-04,-5,-5,-40,-43,-20,22
RW,Rwanda,Kigali City,Kicukiro,,,,ChIJUaP56mmo3BkRqzPnnqZ-zhs,2021-03-05,-1,-9,-43,-35,-22,24
RW,Rwanda,Kigali City,Kicukiro,,,,ChIJUaP56mmo3BkRqzPnnqZ-zhs,2021-03-06,4,-10,-38,-42,-12,19
RW,Rwanda,Kigali City,Kicukiro,,,,ChIJUaP56mmo3BkRqzPnnqZ-zhs,2021-03-07,-9,-14,-50,-36,-9,21
RW,Rwanda,Kigali City,Kicukiro,,,,ChIJUaP56mmo3BkRqzPnnqZ-zhs,2021-03-08,3,-11,-51,-35,-21,25
RW,Rwanda,Kigali City,Kicukiro,,,,ChIJUaP56mmo3BkRqzPnnqZ-zhs,2021-03-09,,-11,-41,-38,-21,23
RW,Rwanda,Kigali City,Kicukiro,,,,ChIJUaP56mmo3BkRqzPnnqZ-zhs,2021-03-10,1,-11,-42,-30,-20,21
RW,Rwanda,Kigali City,Kicukiro,,,,ChIJUaP56mmo3BkRqzPnnqZ-zhs,2021-03-11,-8,-13,-46,-38,-20,23
RW,Rwanda,Kigali City,Kicukiro,,,,ChIJUaP56mmo3BkRqzPnnqZ-zhs,2021-03-12,-4,-6,-39,-32,-18,22
RW,Rwanda,Kigali City,Kicukiro,,,,ChIJUaP56mmo3BkRqzPnnqZ-zhs,2021-03-13,0,1,-44,-31,-9,19
RW,Rwanda,Kigali City,Kicukiro,,,,ChIJUaP56mmo3BkRqzPnnqZ-zhs,2021-03-14,-10,-15,-50,-39,-13,21
RW,Rwanda,Kigali City,Kicukiro,,,,ChIJUaP56mmo3BkRqzPnnqZ-zhs,2021-03-15,1,-4,-48,-36,-17,22
RW,Rwanda,Kigali City,Kicukiro,,,,ChIJUaP56mmo3BkRqzPnnqZ-zhs,2021-03-16,,-5,-40,-42,-17,21
RW,Rwanda,Kigali City,Kicukiro,,,,ChIJUaP56mmo3BkRqzPnnqZ-zhs,2021-03-17,-1,-13,-40,-36,-19,25
RW,Rwanda,Kigali City,Kicukiro,,,,ChIJUaP56mmo3BkRqzPnnqZ-zhs,2021-03-18,-5,-1,-35,-39,-14,21
RW,Rwanda,Kigali City,Kicukiro,,,,ChIJUaP56mmo3BkRqzPnnqZ-zhs,2021-03-19,-5,-10,-45,-34,-14,20
RW,Rwanda,Kigali City,Kicukiro,,,,ChIJUaP56mmo3BkRqzPnnqZ-zhs,2021-03-20,-2,-4,-43,-41,-7,18
RW,Rwanda,Kigali City,Kicukiro,,,,ChIJUaP56mmo3BkRqzPnnqZ-zhs,2021-03-21,-8,-15,-50,-39,-11,21
RW,Rwanda,Kigali City,Kicukiro,,,,ChIJUaP56mmo3BkRqzPnnqZ-zhs,2021-03-22,-7,-6,-41,-39,-17,24
RW,Rwanda,Kigali City,Kicukiro,,,,ChIJUaP56mmo3BkRqzPnnqZ-zhs,2021-03-23,,-4,-47,-38,-13,19
RW,Rwanda,Kigali City,Kicukiro,,,,ChIJUaP56mmo3BkRqzPnnqZ-zhs,2021-03-24,2,-6,-45,-35,-14,20
RW,Rwanda,Kigali City,Kicukiro,,,,ChIJUaP56mmo3BkRqzPnnqZ-zhs,2021-03-25,-3,5,-46,-37,-12,19
RW,Rwanda,Kigali City,Kicukiro,,,,ChIJUaP56mmo3BkRqzPnnqZ-zhs,2021-03-26,2,-4,-45,-34,-12,19
RW,Rwanda,Kigali City,Kicukiro,,,,ChIJUaP56mmo3BkRqzPnnqZ-zhs,2021-03-27,11,9,-43,-37,-4,15
RW,Rwanda,Kigali City,Kicukiro,,,,ChIJUaP56mmo3BkRqzPnnqZ-zhs,2021-03-28,-6,-9,-45,-38,-3,19
RW,Rwanda,Kigali City,Kicukiro,,,,ChIJUaP56mmo3BkRqzPnnqZ-zhs,2021-03-29,5,5,-42,-39,-12,18
RW,Rwanda,Kigali City,Kicukiro,,,,ChIJUaP56mmo3BkRqzPnnqZ-zhs,2021-03-30,,-3,-43,-33,-11,21
RW,Rwanda,Kigali City,Kicukiro,,,,ChIJUaP56mmo3BkRqzPnnqZ-zhs,2021-03-31,4,5,-38,-26,-13,19
RW,Rwanda,Kigali City,Kicukiro,,,,ChIJUaP56mmo3BkRqzPnnqZ-zhs,2021-04-01,0,14,-36,-28,-12,17
RW,Rwanda,Kigali City,Kicukiro,,,,ChIJUaP56mmo3BkRqzPnnqZ-zhs,2021-04-02,-1,3,-49,-25,-47,29
RW,Rwanda,Kigali City,Kicukiro,,,,ChIJUaP56mmo3BkRqzPnnqZ-zhs,2021-04-03,-1,-3,-45,-29,-4,18
RW,Rwanda,Kigali City,Kicukiro,,,,ChIJUaP56mmo3BkRqzPnnqZ-zhs,2021-04-04,-5,-7,-48,-36,-22,18
RW,Rwanda,Kigali City,Nyarugenge,,,,ChIJ3aXXh6Wl3BkRtjhbfa13IHM,2021-01-01,-42,-76,,-44,-69,38
RW,Rwanda,Kigali City,Nyarugenge,,,,ChIJ3aXXh6Wl3BkRtjhbfa13IHM,2021-01-02,25,-30,,-19,-19,18
RW,Rwanda,Kigali City,Nyarugenge,,,,ChIJ3aXXh6Wl3BkRtjhbfa13IHM,2021-01-03,7,-46,,-30,-15,
RW,Rwanda,Kigali City,Nyarugenge,,,,ChIJ3aXXh6Wl3BkRtjhbfa13IHM,2021-01-04,40,-28,,-12,-38,25
RW,Rwanda,Kigali City,Nyarugenge,,,,ChIJ3aXXh6Wl3BkRtjhbfa13IHM,2021-01-05,39,-31,,-33,-17,19
RW,Rwanda,Kigali City,Nyarugenge,,,,ChIJ3aXXh6Wl3BkRtjhbfa13IHM,2021-01-06,39,-38,,-34,-18,20
RW,Rwanda,Kigali City,Nyarugenge,,,,ChIJ3aXXh6Wl3BkRtjhbfa13IHM,2021-01-07,44,-36,,-36,-18,20
RW,Rwanda,Kigali City,Nyarugenge,,,,ChIJ3aXXh6Wl3BkRtjhbfa13IHM,2021-01-08,30,-41,,-44,-16,22
RW,Rwanda,Kigali City,Nyarugenge,,,,ChIJ3aXXh6Wl3BkRtjhbfa13IHM,2021-01-09,34,-28,,-41,-5,20
RW,Rwanda,Kigali City,Nyarugenge,,,,ChIJ3aXXh6Wl3BkRtjhbfa13IHM,2021-01-10,3,-42,,-58,-13,
RW,Rwanda,Kigali City,Nyarugenge,,,,ChIJ3aXXh6Wl3BkRtjhbfa13IHM,2021-01-11,43,-36,,-44,-16,20
RW,Rwanda,Kigali City,Nyarugenge,,,,ChIJ3aXXh6Wl3BkRtjhbfa13IHM,2021-01-12,39,-34,,-38,-17,17
RW,Rwanda,Kigali City,Nyarugenge,,,,ChIJ3aXXh6Wl3BkRtjhbfa13IHM,2021-01-13,5,-53,,-56,-30,26
RW,Rwanda,Kigali City,Nyarugenge,,,,ChIJ3aXXh6Wl3BkRtjhbfa13IHM,2021-01-14,19,-47,,-46,-28,19
RW,Rwanda,Kigali City,Nyarugenge,,,,ChIJ3aXXh6Wl3BkRtjhbfa13IHM,2021-01-15,4,-51,,-55,-32,21
RW,Rwanda,Kigali City,Nyarugenge,,,,ChIJ3aXXh6Wl3BkRtjhbfa13IHM,2021-01-16,12,-38,,-53,-27,20
RW,Rwanda,Kigali City,Nyarugenge,,,,ChIJ3aXXh6Wl3BkRtjhbfa13IHM,2021-01-17,-10,-52,,-64,-35,
RW,Rwanda,Kigali City,Nyarugenge,,,,ChIJ3aXXh6Wl3BkRtjhbfa13IHM,2021-01-18,17,-47,,-51,-33,24
RW,Rwanda,Kigali City,Nyarugenge,,,,ChIJ3aXXh6Wl3BkRtjhbfa13IHM,2021-01-19,-46,-70,,-68,-72,47
RW,Rwanda,Kigali City,Nyarugenge,,,,ChIJ3aXXh6Wl3BkRtjhbfa13IHM,2021-01-20,-59,-81,,-83,-73,51
RW,Rwanda,Kigali City,Nyarugenge,,,,ChIJ3aXXh6Wl3BkRtjhbfa13IHM,2021-01-21,-60,-83,,-81,-72,53
RW,Rwanda,Kigali City,Nyarugenge,,,,ChIJ3aXXh6Wl3BkRtjhbfa13IHM,2021-01-22,-61,-81,,-82,-70,55
RW,Rwanda,Kigali City,Nyarugenge,,,,ChIJ3aXXh6Wl3BkRtjhbfa13IHM,2021-01-23,-54,-77,,-82,-61,
RW,Rwanda,Kigali City,Nyarugenge,,,,ChIJ3aXXh6Wl3BkRtjhbfa13IHM,2021-01-24,-54,-79,,-87,-52,
RW,Rwanda,Kigali City,Nyarugenge,,,,ChIJ3aXXh6Wl3BkRtjhbfa13IHM,2021-01-25,-53,-76,,-81,-69,50
RW,Rwanda,Kigali City,Nyarugenge,,,,ChIJ3aXXh6Wl3BkRtjhbfa13IHM,2021-01-26,-51,-77,,-80,-69,47
RW,Rwanda,Kigali City,Nyarugenge,,,,ChIJ3aXXh6Wl3BkRtjhbfa13IHM,2021-01-27,-52,-76,,-79,-67,46
RW,Rwanda,Kigali City,Nyarugenge,,,,ChIJ3aXXh6Wl3BkRtjhbfa13IHM,2021-01-28,-51,-77,,-77,-67,48
RW,Rwanda,Kigali City,Nyarugenge,,,,ChIJ3aXXh6Wl3BkRtjhbfa13IHM,2021-01-29,-55,-78,,-80,-65,44
RW,Rwanda,Kigali City,Nyarugenge,,,,ChIJ3aXXh6Wl3BkRtjhbfa13IHM,2021-01-30,-51,-70,,-80,-59,
RW,Rwanda,Kigali City,Nyarugenge,,,,ChIJ3aXXh6Wl3BkRtjhbfa13IHM,2021-01-31,-55,-79,,-86,-53,
RW,Rwanda,Kigali City,Nyarugenge,,,,ChIJ3aXXh6Wl3BkRtjhbfa13IHM,2021-02-01,-58,-81,,-83,-73,48
RW,Rwanda,Kigali City,Nyarugenge,,,,ChIJ3aXXh6Wl3BkRtjhbfa13IHM,2021-02-02,-49,-76,,-80,-66,40
RW,Rwanda,Kigali City,Nyarugenge,,,,ChIJ3aXXh6Wl3BkRtjhbfa13IHM,2021-02-03,-52,-79,,-82,-65,39
RW,Rwanda,Kigali City,Nyarugenge,,,,ChIJ3aXXh6Wl3BkRtjhbfa13IHM,2021-02-04,-56,-80,,-82,-68,46
RW,Rwanda,Kigali City,Nyarugenge,,,,ChIJ3aXXh6Wl3BkRtjhbfa13IHM,2021-02-05,-59,-80,,-84,-67,49
RW,Rwanda,Kigali City,Nyarugenge,,,,ChIJ3aXXh6Wl3BkRtjhbfa13IHM,2021-02-06,-59,-80,,-86,-62,
RW,Rwanda,Kigali City,Nyarugenge,,,,ChIJ3aXXh6Wl3BkRtjhbfa13IHM,2021-02-07,-60,-81,,-91,-55,
RW,Rwanda,Kigali City,Nyarugenge,,,,ChIJ3aXXh6Wl3BkRtjhbfa13IHM,2021-02-08,14,-40,,-59,-41,26
RW,Rwanda,Kigali City,Nyarugenge,,,,ChIJ3aXXh6Wl3BkRtjhbfa13IHM,2021-02-09,9,-40,,-52,-41,22
RW,Rwanda,Kigali City,Nyarugenge,,,,ChIJ3aXXh6Wl3BkRtjhbfa13IHM,2021-02-10,6,-44,,-50,-40,23
RW,Rwanda,Kigali City,Nyarugenge,,,,ChIJ3aXXh6Wl3BkRtjhbfa13IHM,2021-02-11,-4,-51,,-54,-40,23
RW,Rwanda,Kigali City,Nyarugenge,,,,ChIJ3aXXh6Wl3BkRtjhbfa13IHM,2021-02-12,-7,-51,,-58,-36,25
RW,Rwanda,Kigali City,Nyarugenge,,,,ChIJ3aXXh6Wl3BkRtjhbfa13IHM,2021-02-13,9,-31,,-54,-28,21
RW,Rwanda,Kigali City,Nyarugenge,,,,ChIJ3aXXh6Wl3BkRtjhbfa13IHM,2021-02-14,-21,-50,,-68,-35,
RW,Rwanda,Kigali City,Nyarugenge,,,,ChIJ3aXXh6Wl3BkRtjhbfa13IHM,2021-02-15,6,-47,,-54,-36,23
RW,Rwanda,Kigali City,Nyarugenge,,,,ChIJ3aXXh6Wl3BkRtjhbfa13IHM,2021-02-16,-4,-50,,-50,-37,22
RW,Rwanda,Kigali City,Nyarugenge,,,,ChIJ3aXXh6Wl3BkRtjhbfa13IHM,2021-02-17,-2,-50,,-50,-38,20
RW,Rwanda,Kigali City,Nyarugenge,,,,ChIJ3aXXh6Wl3BkRtjhbfa13IHM,2021-02-18,-8,-53,,-49,-38,23
RW,Rwanda,Kigali City,Nyarugenge,,,,ChIJ3aXXh6Wl3BkRtjhbfa13IHM,2021-02-19,-9,-52,,-54,-35,23
RW,Rwanda,Kigali City,Nyarugenge,,,,ChIJ3aXXh6Wl3BkRtjhbfa13IHM,2021-02-20,2,-35,,-50,-26,22
RW,Rwanda,Kigali City,Nyarugenge,,,,ChIJ3aXXh6Wl3BkRtjhbfa13IHM,2021-02-21,-28,-60,,-67,-36,
RW,Rwanda,Kigali City,Nyarugenge,,,,ChIJ3aXXh6Wl3BkRtjhbfa13IHM,2021-02-22,9,-45,,-50,-35,25
RW,Rwanda,Kigali City,Nyarugenge,,,,ChIJ3aXXh6Wl3BkRtjhbfa13IHM,2021-02-23,15,-43,,-48,-33,18
RW,Rwanda,Kigali City,Nyarugenge,,,,ChIJ3aXXh6Wl3BkRtjhbfa13IHM,2021-02-24,18,-44,,-45,-29,15
RW,Rwanda,Kigali City,Nyarugenge,,,,ChIJ3aXXh6Wl3BkRtjhbfa13IHM,2021-02-25,18,-43,,-41,-30,16
RW,Rwanda,Kigali City,Nyarugenge,,,,ChIJ3aXXh6Wl3BkRtjhbfa13IHM,2021-02-26,11,-43,,-47,-28,18
RW,Rwanda,Kigali City,Nyarugenge,,,,ChIJ3aXXh6Wl3BkRtjhbfa13IHM,2021-02-27,23,-25,,-44,-19,15
RW,Rwanda,Kigali City,Nyarugenge,,,,ChIJ3aXXh6Wl3BkRtjhbfa13IHM,2021-02-28,-9,-50,,-59,-27,
RW,Rwanda,Kigali City,Nyarugenge,,,,ChIJ3aXXh6Wl3BkRtjhbfa13IHM,2021-03-01,26,-39,,-46,-26,18
RW,Rwanda,Kigali City,Nyarugenge,,,,ChIJ3aXXh6Wl3BkRtjhbfa13IHM,2021-03-02,21,-38,,-44,-28,16
RW,Rwanda,Kigali City,Nyarugenge,,,,ChIJ3aXXh6Wl3BkRtjhbfa13IHM,2021-03-03,4,-49,,-49,-32,20
RW,Rwanda,Kigali City,Nyarugenge,,,,ChIJ3aXXh6Wl3BkRtjhbfa13IHM,2021-03-04,21,-38,,-39,-27,15
RW,Rwanda,Kigali City,Nyarugenge,,,,ChIJ3aXXh6Wl3BkRtjhbfa13IHM,2021-03-05,10,-45,,-47,-25,17
RW,Rwanda,Kigali City,Nyarugenge,,,,ChIJ3aXXh6Wl3BkRtjhbfa13IHM,2021-03-06,21,-26,,-44,-19,13
RW,Rwanda,Kigali City,Nyarugenge,,,,ChIJ3aXXh6Wl3BkRtjhbfa13IHM,2021-03-07,-11,-52,,-56,-26,
RW,Rwanda,Kigali City,Nyarugenge,,,,ChIJ3aXXh6Wl3BkRtjhbfa13IHM,2021-03-08,23,-41,,-47,-25,18
RW,Rwanda,Kigali City,Nyarugenge,,,,ChIJ3aXXh6Wl3BkRtjhbfa13IHM,2021-03-09,21,-37,,-44,-26,16
RW,Rwanda,Kigali City,Nyarugenge,,,,ChIJ3aXXh6Wl3BkRtjhbfa13IHM,2021-03-10,26,-39,,-40,-23,13
RW,Rwanda,Kigali City,Nyarugenge,,,,ChIJ3aXXh6Wl3BkRtjhbfa13IHM,2021-03-11,16,-41,,-40,-26,18
RW,Rwanda,Kigali City,Nyarugenge,,,,ChIJ3aXXh6Wl3BkRtjhbfa13IHM,2021-03-12,11,-44,,-44,-24,16
RW,Rwanda,Kigali City,Nyarugenge,,,,ChIJ3aXXh6Wl3BkRtjhbfa13IHM,2021-03-13,24,-24,,-43,-16,15
RW,Rwanda,Kigali City,Nyarugenge,,,,ChIJ3aXXh6Wl3BkRtjhbfa13IHM,2021-03-14,-9,-48,,-57,-22,
RW,Rwanda,Kigali City,Nyarugenge,,,,ChIJ3aXXh6Wl3BkRtjhbfa13IHM,2021-03-15,26,-39,,-43,-20,17
RW,Rwanda,Kigali City,Nyarugenge,,,,ChIJ3aXXh6Wl3BkRtjhbfa13IHM,2021-03-16,16,-35,,-31,-22,14
RW,Rwanda,Kigali City,Nyarugenge,,,,ChIJ3aXXh6Wl3BkRtjhbfa13IHM,2021-03-17,17,-40,,-29,-24,17
RW,Rwanda,Kigali City,Nyarugenge,,,,ChIJ3aXXh6Wl3BkRtjhbfa13IHM,2021-03-18,21,-36,,-21,-21,13
RW,Rwanda,Kigali City,Nyarugenge,,,,ChIJ3aXXh6Wl3BkRtjhbfa13IHM,2021-03-19,11,-40,,-18,-19,14
RW,Rwanda,Kigali City,Nyarugenge,,,,ChIJ3aXXh6Wl3BkRtjhbfa13IHM,2021-03-20,21,-24,,-12,-14,12
RW,Rwanda,Kigali City,Nyarugenge,,,,ChIJ3aXXh6Wl3BkRtjhbfa13IHM,2021-03-21,-11,-51,,-32,-25,
RW,Rwanda,Kigali City,Nyarugenge,,,,ChIJ3aXXh6Wl3BkRtjhbfa13IHM,2021-03-22,18,-39,,-23,-23,18
RW,Rwanda,Kigali City,Nyarugenge,,,,ChIJ3aXXh6Wl3BkRtjhbfa13IHM,2021-03-23,21,-35,,-20,-22,13
RW,Rwanda,Kigali City,Nyarugenge,,,,ChIJ3aXXh6Wl3BkRtjhbfa13IHM,2021-03-24,28,-36,,-18,-21,11
RW,Rwanda,Kigali City,Nyarugenge,,,,ChIJ3aXXh6Wl3BkRtjhbfa13IHM,2021-03-25,23,-37,,-18,-23,12
RW,Rwanda,Kigali City,Nyarugenge,,,,ChIJ3aXXh6Wl3BkRtjhbfa13IHM,2021-03-26,19,-36,,-18,-22,14
RW,Rwanda,Kigali City,Nyarugenge,,,,ChIJ3aXXh6Wl3BkRtjhbfa13IHM,2021-03-27,30,-17,,-7,-17,11
RW,Rwanda,Kigali City,Nyarugenge,,,,ChIJ3aXXh6Wl3BkRtjhbfa13IHM,2021-03-28,-1,-40,,-25,-19,
RW,Rwanda,Kigali City,Nyarugenge,,,,ChIJ3aXXh6Wl3BkRtjhbfa13IHM,2021-03-29,33,-34,,-12,-19,13
RW,Rwanda,Kigali City,Nyarugenge,,,,ChIJ3aXXh6Wl3BkRtjhbfa13IHM,2021-03-30,22,-37,,-15,-21,12
RW,Rwanda,Kigali City,Nyarugenge,,,,ChIJ3aXXh6Wl3BkRtjhbfa13IHM,2021-03-31,30,-33,,-8,-23,10
RW,Rwanda,Kigali City,Nyarugenge,,,,ChIJ3aXXh6Wl3BkRtjhbfa13IHM,2021-04-01,32,-33,,-7,-24,9
RW,Rwanda,Kigali City,Nyarugenge,,,,ChIJ3aXXh6Wl3BkRtjhbfa13IHM,2021-04-02,11,-38,,-12,-41,19
RW,Rwanda,Kigali City,Nyarugenge,,,,ChIJ3aXXh6Wl3BkRtjhbfa13IHM,2021-04-03,30,-18,,0,-14,6
RW,Rwanda,Kigali City,Nyarugenge,,,,ChIJ3aXXh6Wl3BkRtjhbfa13IHM,2021-04-04,-8,-41,,-27,-27,
RW,Rwanda,Northern Province,,,RW-03,,ChIJpb1zdpZC3BkRaVQqTWozpHI,2021-01-01,,,,,-61,
RW,Rwanda,Northern Province,,,RW-03,,ChIJpb1zdpZC3BkRaVQqTWozpHI,2021-01-04,,,,,-40,
RW,Rwanda,Northern Province,,,RW-03,,ChIJpb1zdpZC3BkRaVQqTWozpHI,2021-01-05,,,,,-5,
RW,Rwanda,Northern Province,,,RW-03,,ChIJpb1zdpZC3BkRaVQqTWozpHI,2021-01-06,,,,,-10,
RW,Rwanda,Northern Province,,,RW-03,,ChIJpb1zdpZC3BkRaVQqTWozpHI,2021-01-07,,,,,-7,
RW,Rwanda,Northern Province,,,RW-03,,ChIJpb1zdpZC3BkRaVQqTWozpHI,2021-01-08,,,,,-5,
RW,Rwanda,Northern Province,,,RW-03,,ChIJpb1zdpZC3BkRaVQqTWozpHI,2021-01-11,,,,,-13,
RW,Rwanda,Northern Province,,,RW-03,,ChIJpb1zdpZC3BkRaVQqTWozpHI,2021-01-12,,,,,-5,
RW,Rwanda,Northern Province,,,RW-03,,ChIJpb1zdpZC3BkRaVQqTWozpHI,2021-01-13,,,,,-17,
RW,Rwanda,Northern Province,,,RW-03,,ChIJpb1zdpZC3BkRaVQqTWozpHI,2021-01-14,,,,,-23,
RW,Rwanda,Northern Province,,,RW-03,,ChIJpb1zdpZC3BkRaVQqTWozpHI,2021-01-15,,,,,-25,
RW,Rwanda,Northern Province,,,RW-03,,ChIJpb1zdpZC3BkRaVQqTWozpHI,2021-01-18,,,,,-24,
RW,Rwanda,Northern Province,,,RW-03,,ChIJpb1zdpZC3BkRaVQqTWozpHI,2021-01-19,,,,,-27,
RW,Rwanda,Northern Province,,,RW-03,,ChIJpb1zdpZC3BkRaVQqTWozpHI,2021-01-20,,,,,-26,
RW,Rwanda,Northern Province,,,RW-03,,ChIJpb1zdpZC3BkRaVQqTWozpHI,2021-01-21,,,,,-24,
RW,Rwanda,Northern Province,,,RW-03,,ChIJpb1zdpZC3BkRaVQqTWozpHI,2021-01-22,,,,,-16,
RW,Rwanda,Northern Province,,,RW-03,,ChIJpb1zdpZC3BkRaVQqTWozpHI,2021-01-25,,,,,-18,
RW,Rwanda,Northern Province,,,RW-03,,ChIJpb1zdpZC3BkRaVQqTWozpHI,2021-01-26,,,,,-17,
RW,Rwanda,Northern Province,,,RW-03,,ChIJpb1zdpZC3BkRaVQqTWozpHI,2021-01-27,,,,,-22,
RW,Rwanda,Northern Province,,,RW-03,,ChIJpb1zdpZC3BkRaVQqTWozpHI,2021-01-28,,,,,-20,
RW,Rwanda,Northern Province,,,RW-03,,ChIJpb1zdpZC3BkRaVQqTWozpHI,2021-01-29,,,,,-24,
RW,Rwanda,Northern Province,,,RW-03,,ChIJpb1zdpZC3BkRaVQqTWozpHI,2021-02-01,,,,,-50,
RW,Rwanda,Northern Province,,,RW-03,,ChIJpb1zdpZC3BkRaVQqTWozpHI,2021-02-02,,,,,-19,
RW,Rwanda,Northern Province,,,RW-03,,ChIJpb1zdpZC3BkRaVQqTWozpHI,2021-02-03,,,,,-16,
RW,Rwanda,Northern Province,,,RW-03,,ChIJpb1zdpZC3BkRaVQqTWozpHI,2021-02-04,,,,,-21,
RW,Rwanda,Northern Province,,,RW-03,,ChIJpb1zdpZC3BkRaVQqTWozpHI,2021-02-05,,,,,-21,
RW,Rwanda,Northern Province,,,RW-03,,ChIJpb1zdpZC3BkRaVQqTWozpHI,2021-02-08,,,,,-18,
RW,Rwanda,Northern Province,,,RW-03,,ChIJpb1zdpZC3BkRaVQqTWozpHI,2021-02-09,,,,,-17,
RW,Rwanda,Northern Province,,,RW-03,,ChIJpb1zdpZC3BkRaVQqTWozpHI,2021-02-10,,,,,-19,
RW,Rwanda,Northern Province,,,RW-03,,ChIJpb1zdpZC3BkRaVQqTWozpHI,2021-02-11,,,,,-24,
RW,Rwanda,Northern Province,,,RW-03,,ChIJpb1zdpZC3BkRaVQqTWozpHI,2021-02-12,,,,,-24,
RW,Rwanda,Northern Province,,,RW-03,,ChIJpb1zdpZC3BkRaVQqTWozpHI,2021-02-15,,,,,-20,
RW,Rwanda,Northern Province,,,RW-03,,ChIJpb1zdpZC3BkRaVQqTWozpHI,2021-02-16,,,,,-22,
RW,Rwanda,Northern Province,,,RW-03,,ChIJpb1zdpZC3BkRaVQqTWozpHI,2021-02-17,,,,,-22,
RW,Rwanda,Northern Province,,,RW-03,,ChIJpb1zdpZC3BkRaVQqTWozpHI,2021-02-18,,,,,-22,
RW,Rwanda,Northern Province,,,RW-03,,ChIJpb1zdpZC3BkRaVQqTWozpHI,2021-02-19,,,,,-19,
RW,Rwanda,Northern Province,,,RW-03,,ChIJpb1zdpZC3BkRaVQqTWozpHI,2021-02-22,,,,,-21,
RW,Rwanda,Northern Province,,,RW-03,,ChIJpb1zdpZC3BkRaVQqTWozpHI,2021-02-23,,,,,-19,
RW,Rwanda,Northern Province,,,RW-03,,ChIJpb1zdpZC3BkRaVQqTWozpHI,2021-02-24,,,,,-17,
RW,Rwanda,Northern Province,,,RW-03,,ChIJpb1zdpZC3BkRaVQqTWozpHI,2021-02-25,,,,,-18,
RW,Rwanda,Northern Province,,,RW-03,,ChIJpb1zdpZC3BkRaVQqTWozpHI,2021-02-26,,,,,-20,
RW,Rwanda,Northern Province,,,RW-03,,ChIJpb1zdpZC3BkRaVQqTWozpHI,2021-03-01,,,,,-18,
RW,Rwanda,Northern Province,,,RW-03,,ChIJpb1zdpZC3BkRaVQqTWozpHI,2021-03-02,,,,,-18,
RW,Rwanda,Northern Province,,,RW-03,,ChIJpb1zdpZC3BkRaVQqTWozpHI,2021-03-03,,,,,-19,
RW,Rwanda,Northern Province,,,RW-03,,ChIJpb1zdpZC3BkRaVQqTWozpHI,2021-03-04,,,,,-19,
RW,Rwanda,Northern Province,,,RW-03,,ChIJpb1zdpZC3BkRaVQqTWozpHI,2021-03-05,,,,,-22,
RW,Rwanda,Northern Province,,,RW-03,,ChIJpb1zdpZC3BkRaVQqTWozpHI,2021-03-08,,,,,-19,
RW,Rwanda,Northern Province,,,RW-03,,ChIJpb1zdpZC3BkRaVQqTWozpHI,2021-03-09,,,,,-20,
RW,Rwanda,Northern Province,,,RW-03,,ChIJpb1zdpZC3BkRaVQqTWozpHI,2021-03-10,,,,,-16,
RW,Rwanda,Northern Province,,,RW-03,,ChIJpb1zdpZC3BkRaVQqTWozpHI,2021-03-11,,,,,-20,
RW,Rwanda,Northern Province,,,RW-03,,ChIJpb1zdpZC3BkRaVQqTWozpHI,2021-03-12,,,,,-14,
RW,Rwanda,Northern Province,,,RW-03,,ChIJpb1zdpZC3BkRaVQqTWozpHI,2021-03-15,,,,,-13,
RW,Rwanda,Northern Province,,,RW-03,,ChIJpb1zdpZC3BkRaVQqTWozpHI,2021-03-16,,,,,-13,
RW,Rwanda,Northern Province,,,RW-03,,ChIJpb1zdpZC3BkRaVQqTWozpHI,2021-03-17,,,,,-13,
RW,Rwanda,Northern Province,,,RW-03,,ChIJpb1zdpZC3BkRaVQqTWozpHI,2021-03-18,,,,,-9,
RW,Rwanda,Northern Province,,,RW-03,,ChIJpb1zdpZC3BkRaVQqTWozpHI,2021-03-19,,,,,-18,
RW,Rwanda,Northern Province,,,RW-03,,ChIJpb1zdpZC3BkRaVQqTWozpHI,2021-03-22,,,,,-10,
RW,Rwanda,Northern Province,,,RW-03,,ChIJpb1zdpZC3BkRaVQqTWozpHI,2021-03-23,,,,,-8,
RW,Rwanda,Northern Province,,,RW-03,,ChIJpb1zdpZC3BkRaVQqTWozpHI,2021-03-24,,,,,-7,
RW,Rwanda,Northern Province,,,RW-03,,ChIJpb1zdpZC3BkRaVQqTWozpHI,2021-03-25,,,,,-14,
RW,Rwanda,Northern Province,,,RW-03,,ChIJpb1zdpZC3BkRaVQqTWozpHI,2021-03-26,,,,,-11,
RW,Rwanda,Northern Province,,,RW-03,,ChIJpb1zdpZC3BkRaVQqTWozpHI,2021-03-29,,,,,-10,
RW,Rwanda,Northern Province,,,RW-03,,ChIJpb1zdpZC3BkRaVQqTWozpHI,2021-03-30,,,,,-11,
RW,Rwanda,Northern Province,,,RW-03,,ChIJpb1zdpZC3BkRaVQqTWozpHI,2021-03-31,,,,,-11,
RW,Rwanda,Northern Province,,,RW-03,,ChIJpb1zdpZC3BkRaVQqTWozpHI,2021-04-01,,,,,-10,
RW,Rwanda,Northern Province,,,RW-03,,ChIJpb1zdpZC3BkRaVQqTWozpHI,2021-04-02,,,,,-40,
RW,Rwanda,Northern Province,Musanze,,,,ChIJF0FsQ-5R3BkRNFiODRCL-J4,2021-01-01,,,,,-60,
RW,Rwanda,Northern Province,Musanze,,,,ChIJF0FsQ-5R3BkRNFiODRCL-J4,2021-01-02,,,,-53,,
RW,Rwanda,Northern Province,Musanze,,,,ChIJF0FsQ-5R3BkRNFiODRCL-J4,2021-01-03,,,,,-6,
RW,Rwanda,Northern Province,Musanze,,,,ChIJF0FsQ-5R3BkRNFiODRCL-J4,2021-01-04,,,,-63,-37,
RW,Rwanda,Northern Province,Musanze,,,,ChIJF0FsQ-5R3BkRNFiODRCL-J4,2021-01-05,,,,,-6,
RW,Rwanda,Northern Province,Musanze,,,,ChIJF0FsQ-5R3BkRNFiODRCL-J4,2021-01-06,,,,,-5,
RW,Rwanda,Northern Province,Musanze,,,,ChIJF0FsQ-5R3BkRNFiODRCL-J4,2021-01-07,,,,,-3,
RW,Rwanda,Northern Province,Musanze,,,,ChIJF0FsQ-5R3BkRNFiODRCL-J4,2021-01-08,,,,,-5,
RW,Rwanda,Northern Province,Musanze,,,,ChIJF0FsQ-5R3BkRNFiODRCL-J4,2021-01-10,,,,,7,
RW,Rwanda,Northern Province,Musanze,,,,ChIJF0FsQ-5R3BkRNFiODRCL-J4,2021-01-11,,,,,-11,
RW,Rwanda,Northern Province,Musanze,,,,ChIJF0FsQ-5R3BkRNFiODRCL-J4,2021-01-12,,,,,-6,
RW,Rwanda,Northern Province,Musanze,,,,ChIJF0FsQ-5R3BkRNFiODRCL-J4,2021-01-13,,,,,-11,
RW,Rwanda,Northern Province,Musanze,,,,ChIJF0FsQ-5R3BkRNFiODRCL-J4,2021-01-14,,,,,-20,
RW,Rwanda,Northern Province,Musanze,,,,ChIJF0FsQ-5R3BkRNFiODRCL-J4,2021-01-15,,,,,-23,
RW,Rwanda,Northern Province,Musanze,,,,ChIJF0FsQ-5R3BkRNFiODRCL-J4,2021-01-17,,,,,-8,
RW,Rwanda,Northern Province,Musanze,,,,ChIJF0FsQ-5R3BkRNFiODRCL-J4,2021-01-18,,,,,-20,
RW,Rwanda,Northern Province,Musanze,,,,ChIJF0FsQ-5R3BkRNFiODRCL-J4,2021-01-19,,,,,-23,
RW,Rwanda,Northern Province,Musanze,,,,ChIJF0FsQ-5R3BkRNFiODRCL-J4,2021-01-20,,,,,-21,
RW,Rwanda,Northern Province,Musanze,,,,ChIJF0FsQ-5R3BkRNFiODRCL-J4,2021-01-21,,,,,-17,
RW,Rwanda,Northern Province,Musanze,,,,ChIJF0FsQ-5R3BkRNFiODRCL-J4,2021-01-22,,,,,-9,
RW,Rwanda,Northern Province,Musanze,,,,ChIJF0FsQ-5R3BkRNFiODRCL-J4,2021-01-24,,,,,-6,
RW,Rwanda,Northern Province,Musanze,,,,ChIJF0FsQ-5R3BkRNFiODRCL-J4,2021-01-25,,,,,-8,
RW,Rwanda,Northern Province,Musanze,,,,ChIJF0FsQ-5R3BkRNFiODRCL-J4,2021-01-26,,,,,-12,
RW,Rwanda,Northern Province,Musanze,,,,ChIJF0FsQ-5R3BkRNFiODRCL-J4,2021-01-27,,,,,-15,
RW,Rwanda,Northern Province,Musanze,,,,ChIJF0FsQ-5R3BkRNFiODRCL-J4,2021-01-28,,,,,-12,
RW,Rwanda,Northern Province,Musanze,,,,ChIJF0FsQ-5R3BkRNFiODRCL-J4,2021-01-29,,,,,-11,
RW,Rwanda,Northern Province,Musanze,,,,ChIJF0FsQ-5R3BkRNFiODRCL-J4,2021-01-31,,,,,-18,
RW,Rwanda,Northern Province,Musanze,,,,ChIJF0FsQ-5R3BkRNFiODRCL-J4,2021-02-01,,,,,-39,
RW,Rwanda,Northern Province,Musanze,,,,ChIJF0FsQ-5R3BkRNFiODRCL-J4,2021-02-02,,,,,-15,
RW,Rwanda,Northern Province,Musanze,,,,ChIJF0FsQ-5R3BkRNFiODRCL-J4,2021-02-03,,,,,-9,
RW,Rwanda,Northern Province,Musanze,,,,ChIJF0FsQ-5R3BkRNFiODRCL-J4,2021-02-04,,,,,-14,
RW,Rwanda,Northern Province,Musanze,,,,ChIJF0FsQ-5R3BkRNFiODRCL-J4,2021-02-05,,,,,-15,
RW,Rwanda,Northern Province,Musanze,,,,ChIJF0FsQ-5R3BkRNFiODRCL-J4,2021-02-07,,,,,-8,
RW,Rwanda,Northern Province,Musanze,,,,ChIJF0FsQ-5R3BkRNFiODRCL-J4,2021-02-08,,,,,-10,
RW,Rwanda,Northern Province,Musanze,,,,ChIJF0FsQ-5R3BkRNFiODRCL-J4,2021-02-09,,,,,-13,
RW,Rwanda,Northern Province,Musanze,,,,ChIJF0FsQ-5R3BkRNFiODRCL-J4,2021-02-10,,,,,-12,
RW,Rwanda,Northern Province,Musanze,,,,ChIJF0FsQ-5R3BkRNFiODRCL-J4,2021-02-11,,,,,-13,
RW,Rwanda,Northern Province,Musanze,,,,ChIJF0FsQ-5R3BkRNFiODRCL-J4,2021-02-12,,,,,-13,
RW,Rwanda,Northern Province,Musanze,,,,ChIJF0FsQ-5R3BkRNFiODRCL-J4,2021-02-14,,,,,-16,
RW,Rwanda,Northern Province,Musanze,,,,ChIJF0FsQ-5R3BkRNFiODRCL-J4,2021-02-15,,,,,-7,
RW,Rwanda,Northern Province,Musanze,,,,ChIJF0FsQ-5R3BkRNFiODRCL-J4,2021-02-16,,,,,-16,
RW,Rwanda,Northern Province,Musanze,,,,ChIJF0FsQ-5R3BkRNFiODRCL-J4,2021-02-17,,,,,-12,
RW,Rwanda,Northern Province,Musanze,,,,ChIJF0FsQ-5R3BkRNFiODRCL-J4,2021-02-18,,,,,-12,
RW,Rwanda,Northern Province,Musanze,,,,ChIJF0FsQ-5R3BkRNFiODRCL-J4,2021-02-19,,,,,-11,
RW,Rwanda,Northern Province,Musanze,,,,ChIJF0FsQ-5R3BkRNFiODRCL-J4,2021-02-21,,,,,-20,
RW,Rwanda,Northern Province,Musanze,,,,ChIJF0FsQ-5R3BkRNFiODRCL-J4,2021-02-22,,,,,-7,
RW,Rwanda,Northern Province,Musanze,,,,ChIJF0FsQ-5R3BkRNFiODRCL-J4,2021-02-23,,,,,-14,
RW,Rwanda,Northern Province,Musanze,,,,ChIJF0FsQ-5R3BkRNFiODRCL-J4,2021-02-24,,,,,-9,
RW,Rwanda,Northern Province,Musanze,,,,ChIJF0FsQ-5R3BkRNFiODRCL-J4,2021-02-25,,,,,-15,
RW,Rwanda,Northern Province,Musanze,,,,ChIJF0FsQ-5R3BkRNFiODRCL-J4,2021-02-26,,,,,-12,
RW,Rwanda,Northern Province,Musanze,,,,ChIJF0FsQ-5R3BkRNFiODRCL-J4,2021-02-28,,,,,-17,
RW,Rwanda,Northern Province,Musanze,,,,ChIJF0FsQ-5R3BkRNFiODRCL-J4,2021-03-01,,,,,-11,
RW,Rwanda,Northern Province,Musanze,,,,ChIJF0FsQ-5R3BkRNFiODRCL-J4,2021-03-02,,,,,-15,
RW,Rwanda,Northern Province,Musanze,,,,ChIJF0FsQ-5R3BkRNFiODRCL-J4,2021-03-03,,,,,-12,
RW,Rwanda,Northern Province,Musanze,,,,ChIJF0FsQ-5R3BkRNFiODRCL-J4,2021-03-04,,,,,-8,
RW,Rwanda,Northern Province,Musanze,,,,ChIJF0FsQ-5R3BkRNFiODRCL-J4,2021-03-05,,,,,-13,
RW,Rwanda,Northern Province,Musanze,,,,ChIJF0FsQ-5R3BkRNFiODRCL-J4,2021-03-07,,,,,-19,
RW,Rwanda,Northern Province,Musanze,,,,ChIJF0FsQ-5R3BkRNFiODRCL-J4,2021-03-08,,,,,-12,
RW,Rwanda,Northern Province,Musanze,,,,ChIJF0FsQ-5R3BkRNFiODRCL-J4,2021-03-09,,,,,-17,
RW,Rwanda,Northern Province,Musanze,,,,ChIJF0FsQ-5R3BkRNFiODRCL-J4,2021-03-10,,,,,-7,
RW,Rwanda,Northern Province,Musanze,,,,ChIJF0FsQ-5R3BkRNFiODRCL-J4,2021-03-11,,,,,-11,
RW,Rwanda,Northern Province,Musanze,,,,ChIJF0FsQ-5R3BkRNFiODRCL-J4,2021-03-12,,,,,-7,
RW,Rwanda,Northern Province,Musanze,,,,ChIJF0FsQ-5R3BkRNFiODRCL-J4,2021-03-14,,,,,-4,
RW,Rwanda,Northern Province,Musanze,,,,ChIJF0FsQ-5R3BkRNFiODRCL-J4,2021-03-15,,,,,-1,
RW,Rwanda,Northern Province,Musanze,,,,ChIJF0FsQ-5R3BkRNFiODRCL-J4,2021-03-16,,,,-72,-8,
RW,Rwanda,Northern Province,Musanze,,,,ChIJF0FsQ-5R3BkRNFiODRCL-J4,2021-03-17,,,,-54,-5,
RW,Rwanda,Northern Province,Musanze,,,,ChIJF0FsQ-5R3BkRNFiODRCL-J4,2021-03-18,,,,-56,-5,
RW,Rwanda,Northern Province,Musanze,,,,ChIJF0FsQ-5R3BkRNFiODRCL-J4,2021-03-19,,,,-41,-16,
RW,Rwanda,Northern Province,Musanze,,,,ChIJF0FsQ-5R3BkRNFiODRCL-J4,2021-03-21,,,,,-9,
RW,Rwanda,Northern Province,Musanze,,,,ChIJF0FsQ-5R3BkRNFiODRCL-J4,2021-03-22,,,,-38,3,
RW,Rwanda,Northern Province,Musanze,,,,ChIJF0FsQ-5R3BkRNFiODRCL-J4,2021-03-23,,,,-58,-6,
RW,Rwanda,Northern Province,Musanze,,,,ChIJF0FsQ-5R3BkRNFiODRCL-J4,2021-03-24,,,,-52,-1,
RW,Rwanda,Northern Province,Musanze,,,,ChIJF0FsQ-5R3BkRNFiODRCL-J4,2021-03-25,,,,-48,-3,
RW,Rwanda,Northern Province,Musanze,,,,ChIJF0FsQ-5R3BkRNFiODRCL-J4,2021-03-26,,,,-36,-2,
RW,Rwanda,Northern Province,Musanze,,,,ChIJF0FsQ-5R3BkRNFiODRCL-J4,2021-03-28,,,,,7,
RW,Rwanda,Northern Province,Musanze,,,,ChIJF0FsQ-5R3BkRNFiODRCL-J4,2021-03-29,,,,-37,-2,
RW,Rwanda,Northern Province,Musanze,,,,ChIJF0FsQ-5R3BkRNFiODRCL-J4,2021-03-30,,,,-50,-6,
RW,Rwanda,Northern Province,Musanze,,,,ChIJF0FsQ-5R3BkRNFiODRCL-J4,2021-03-31,,,,-40,-6,
RW,Rwanda,Northern Province,Musanze,,,,ChIJF0FsQ-5R3BkRNFiODRCL-J4,2021-04-01,,,,,-4,
RW,Rwanda,Northern Province,Musanze,,,,ChIJF0FsQ-5R3BkRNFiODRCL-J4,2021-04-02,,,,-28,-35,
RW,Rwanda,Northern Province,Musanze,,,,ChIJF0FsQ-5R3BkRNFiODRCL-J4,2021-04-04,,,,,-8,
RW,Rwanda,Southern Province,,,RW-05,,ChIJGx6PxyW73BkR9BK5YFta4dw,2021-01-01,,,,-28,-69,
RW,Rwanda,Southern Province,,,RW-05,,ChIJGx6PxyW73BkR9BK5YFta4dw,2021-01-02,,,,-15,-15,
RW,Rwanda,Southern Province,,,RW-05,,ChIJGx6PxyW73BkR9BK5YFta4dw,2021-01-03,,,,-8,-25,
RW,Rwanda,Southern Province,,,RW-05,,ChIJGx6PxyW73BkR9BK5YFta4dw,2021-01-04,,,,10,-45,
RW,Rwanda,Southern Province,,,RW-05,,ChIJGx6PxyW73BkR9BK5YFta4dw,2021-01-05,,,,-19,-17,
RW,Rwanda,Southern Province,,,RW-05,,ChIJGx6PxyW73BkR9BK5YFta4dw,2021-01-06,,,,-27,-12,
RW,Rwanda,Southern Province,,,RW-05,,ChIJGx6PxyW73BkR9BK5YFta4dw,2021-01-07,,,,-24,-19,
RW,Rwanda,Southern Province,,,RW-05,,ChIJGx6PxyW73BkR9BK5YFta4dw,2021-01-08,,,,-41,-14,
RW,Rwanda,Southern Province,,,RW-05,,ChIJGx6PxyW73BkR9BK5YFta4dw,2021-01-09,,,,-39,-2,
RW,Rwanda,Southern Province,,,RW-05,,ChIJGx6PxyW73BkR9BK5YFta4dw,2021-01-10,,,,-43,-11,
RW,Rwanda,Southern Province,,,RW-05,,ChIJGx6PxyW73BkR9BK5YFta4dw,2021-01-11,,,,-33,-14,
RW,Rwanda,Southern Province,,,RW-05,,ChIJGx6PxyW73BkR9BK5YFta4dw,2021-01-12,,,,-34,-17,
RW,Rwanda,Southern Province,,,RW-05,,ChIJGx6PxyW73BkR9BK5YFta4dw,2021-01-13,,,,-43,-21,
RW,Rwanda,Southern Province,,,RW-05,,ChIJGx6PxyW73BkR9BK5YFta4dw,2021-01-14,,,,-49,-26,
RW,Rwanda,Southern Province,,,RW-05,,ChIJGx6PxyW73BkR9BK5YFta4dw,2021-01-15,,,,-51,-31,
RW,Rwanda,Southern Province,,,RW-05,,ChIJGx6PxyW73BkR9BK5YFta4dw,2021-01-16,,,,-57,-31,
RW,Rwanda,Southern Province,,,RW-05,,ChIJGx6PxyW73BkR9BK5YFta4dw,2021-01-17,,,,-55,-33,
RW,Rwanda,Southern Province,,,RW-05,,ChIJGx6PxyW73BkR9BK5YFta4dw,2021-01-18,,,,-44,-30,
RW,Rwanda,Southern Province,,,RW-05,,ChIJGx6PxyW73BkR9BK5YFta4dw,2021-01-19,,,,-53,-40,
RW,Rwanda,Southern Province,,,RW-05,,ChIJGx6PxyW73BkR9BK5YFta4dw,2021-01-20,,,,-48,-40,
RW,Rwanda,Southern Province,,,RW-05,,ChIJGx6PxyW73BkR9BK5YFta4dw,2021-01-21,,,,-54,-41,
RW,Rwanda,Southern Province,,,RW-05,,ChIJGx6PxyW73BkR9BK5YFta4dw,2021-01-22,,,,-54,-37,
RW,Rwanda,Southern Province,,,RW-05,,ChIJGx6PxyW73BkR9BK5YFta4dw,2021-01-23,,,,-50,-30,
RW,Rwanda,Southern Province,,,RW-05,,ChIJGx6PxyW73BkR9BK5YFta4dw,2021-01-24,,,,-57,-38,
RW,Rwanda,Southern Province,,,RW-05,,ChIJGx6PxyW73BkR9BK5YFta4dw,2021-01-25,,,,-47,-35,
RW,Rwanda,Southern Province,,,RW-05,,ChIJGx6PxyW73BkR9BK5YFta4dw,2021-01-26,,,,-48,-35,
RW,Rwanda,Southern Province,,,RW-05,,ChIJGx6PxyW73BkR9BK5YFta4dw,2021-01-27,,,,-50,-31,
RW,Rwanda,Southern Province,,,RW-05,,ChIJGx6PxyW73BkR9BK5YFta4dw,2021-01-28,,,,-43,-35,
RW,Rwanda,Southern Province,,,RW-05,,ChIJGx6PxyW73BkR9BK5YFta4dw,2021-01-29,,,,-52,-34,
RW,Rwanda,Southern Province,,,RW-05,,ChIJGx6PxyW73BkR9BK5YFta4dw,2021-01-30,,,,-54,-27,
RW,Rwanda,Southern Province,,,RW-05,,ChIJGx6PxyW73BkR9BK5YFta4dw,2021-01-31,,,,-66,-36,
RW,Rwanda,Southern Province,,,RW-05,,ChIJGx6PxyW73BkR9BK5YFta4dw,2021-02-01,,,,-55,-58,
RW,Rwanda,Southern Province,,,RW-05,,ChIJGx6PxyW73BkR9BK5YFta4dw,2021-02-02,,,,-55,-29,
RW,Rwanda,Southern Province,,,RW-05,,ChIJGx6PxyW73BkR9BK5YFta4dw,2021-02-03,,,,-53,-30,
RW,Rwanda,Southern Province,,,RW-05,,ChIJGx6PxyW73BkR9BK5YFta4dw,2021-02-04,,,,-57,-39,
RW,Rwanda,Southern Province,,,RW-05,,ChIJGx6PxyW73BkR9BK5YFta4dw,2021-02-05,,,,-58,-37,
RW,Rwanda,Southern Province,,,RW-05,,ChIJGx6PxyW73BkR9BK5YFta4dw,2021-02-06,,,,-56,-28,
RW,Rwanda,Southern Province,,,RW-05,,ChIJGx6PxyW73BkR9BK5YFta4dw,2021-02-07,,,,-68,-46,
RW,Rwanda,Southern Province,,,RW-05,,ChIJGx6PxyW73BkR9BK5YFta4dw,2021-02-08,,,,-52,-30,
RW,Rwanda,Southern Province,,,RW-05,,ChIJGx6PxyW73BkR9BK5YFta4dw,2021-02-09,,,,-55,-30,
RW,Rwanda,Southern Province,,,RW-05,,ChIJGx6PxyW73BkR9BK5YFta4dw,2021-02-10,,,,-49,-29,
RW,Rwanda,Southern Province,,,RW-05,,ChIJGx6PxyW73BkR9BK5YFta4dw,2021-02-11,,,,-52,-31,
RW,Rwanda,Southern Province,,,RW-05,,ChIJGx6PxyW73BkR9BK5YFta4dw,2021-02-12,,,,-55,-26,
RW,Rwanda,Southern Province,,,RW-05,,ChIJGx6PxyW73BkR9BK5YFta4dw,2021-02-13,,,,-62,-23,
RW,Rwanda,Southern Province,,,RW-05,,ChIJGx6PxyW73BkR9BK5YFta4dw,2021-02-14,,,,-52,-33,
RW,Rwanda,Southern Province,,,RW-05,,ChIJGx6PxyW73BkR9BK5YFta4dw,2021-02-15,,,,-50,-28,
RW,Rwanda,Southern Province,,,RW-05,,ChIJGx6PxyW73BkR9BK5YFta4dw,2021-02-16,,,,-49,-29,
RW,Rwanda,Southern Province,,,RW-05,,ChIJGx6PxyW73BkR9BK5YFta4dw,2021-02-17,,,,-39,-25,
RW,Rwanda,Southern Province,,,RW-05,,ChIJGx6PxyW73BkR9BK5YFta4dw,2021-02-18,,,,-50,-29,
RW,Rwanda,Southern Province,,,RW-05,,ChIJGx6PxyW73BkR9BK5YFta4dw,2021-02-19,,,,-54,-25,
RW,Rwanda,Southern Province,,,RW-05,,ChIJGx6PxyW73BkR9BK5YFta4dw,2021-02-20,,,,-55,-24,
RW,Rwanda,Southern Province,,,RW-05,,ChIJGx6PxyW73BkR9BK5YFta4dw,2021-02-21,,,,-63,-34,
RW,Rwanda,Southern Province,,,RW-05,,ChIJGx6PxyW73BkR9BK5YFta4dw,2021-02-22,,,,-46,-28,
RW,Rwanda,Southern Province,,,RW-05,,ChIJGx6PxyW73BkR9BK5YFta4dw,2021-02-23,,,,-46,-26,
RW,Rwanda,Southern Province,,,RW-05,,ChIJGx6PxyW73BkR9BK5YFta4dw,2021-02-24,,,,-45,-21,
RW,Rwanda,Southern Province,,,RW-05,,ChIJGx6PxyW73BkR9BK5YFta4dw,2021-02-25,,,,-47,-26,
RW,Rwanda,Southern Province,,,RW-05,,ChIJGx6PxyW73BkR9BK5YFta4dw,2021-02-26,,,,-47,-24,
RW,Rwanda,Southern Province,,,RW-05,,ChIJGx6PxyW73BkR9BK5YFta4dw,2021-02-27,,,,-39,-15,
RW,Rwanda,Southern Province,,,RW-05,,ChIJGx6PxyW73BkR9BK5YFta4dw,2021-02-28,,,,-49,-30,
RW,Rwanda,Southern Province,,,RW-05,,ChIJGx6PxyW73BkR9BK5YFta4dw,2021-03-01,,,,-40,-25,
RW,Rwanda,Southern Province,,,RW-05,,ChIJGx6PxyW73BkR9BK5YFta4dw,2021-03-02,,,,-42,-26,
RW,Rwanda,Southern Province,,,RW-05,,ChIJGx6PxyW73BkR9BK5YFta4dw,2021-03-03,,,,-44,-25,
RW,Rwanda,Southern Province,,,RW-05,,ChIJGx6PxyW73BkR9BK5YFta4dw,2021-03-04,,,,-36,-25,
RW,Rwanda,Southern Province,,,RW-05,,ChIJGx6PxyW73BkR9BK5YFta4dw,2021-03-05,,,,-42,-25,
RW,Rwanda,Southern Province,,,RW-05,,ChIJGx6PxyW73BkR9BK5YFta4dw,2021-03-06,,,,-36,-12,
RW,Rwanda,Southern Province,,,RW-05,,ChIJGx6PxyW73BkR9BK5YFta4dw,2021-03-07,,,,-48,-27,
RW,Rwanda,Southern Province,,,RW-05,,ChIJGx6PxyW73BkR9BK5YFta4dw,2021-03-08,,,,-37,-24,
RW,Rwanda,Southern Province,,,RW-05,,ChIJGx6PxyW73BkR9BK5YFta4dw,2021-03-09,,,,-39,-25,
RW,Rwanda,Southern Province,,,RW-05,,ChIJGx6PxyW73BkR9BK5YFta4dw,2021-03-10,,,,-31,-18,
RW,Rwanda,Southern Province,,,RW-05,,ChIJGx6PxyW73BkR9BK5YFta4dw,2021-03-11,,,,-31,-22,
RW,Rwanda,Southern Province,,,RW-05,,ChIJGx6PxyW73BkR9BK5YFta4dw,2021-03-12,,,,-35,-20,
RW,Rwanda,Southern Province,,,RW-05,,ChIJGx6PxyW73BkR9BK5YFta4dw,2021-03-13,,,,-35,-12,
RW,Rwanda,Southern Province,,,RW-05,,ChIJGx6PxyW73BkR9BK5YFta4dw,2021-03-14,,,,-44,-31,
RW,Rwanda,Southern Province,,,RW-05,,ChIJGx6PxyW73BkR9BK5YFta4dw,2021-03-15,,,,-30,-22,
RW,Rwanda,Southern Province,,,RW-05,,ChIJGx6PxyW73BkR9BK5YFta4dw,2021-03-16,,,,-18,-20,
RW,Rwanda,Southern Province,,,RW-05,,ChIJGx6PxyW73BkR9BK5YFta4dw,2021-03-17,,,,-9,-20,
RW,Rwanda,Southern Province,,,RW-05,,ChIJGx6PxyW73BkR9BK5YFta4dw,2021-03-18,,,,-8,-20,
RW,Rwanda,Southern Province,,,RW-05,,ChIJGx6PxyW73BkR9BK5YFta4dw,2021-03-19,,,,-13,-19,
RW,Rwanda,Southern Province,,,RW-05,,ChIJGx6PxyW73BkR9BK5YFta4dw,2021-03-20,,,,-7,-11,
RW,Rwanda,Southern Province,,,RW-05,,ChIJGx6PxyW73BkR9BK5YFta4dw,2021-03-21,,,,-16,-25,
RW,Rwanda,Southern Province,,,RW-05,,ChIJGx6PxyW73BkR9BK5YFta4dw,2021-03-22,,,,5,-23,
RW,Rwanda,Southern Province,,,RW-05,,ChIJGx6PxyW73BkR9BK5YFta4dw,2021-03-23,,,,-17,-22,
RW,Rwanda,Southern Province,,,RW-05,,ChIJGx6PxyW73BkR9BK5YFta4dw,2021-03-24,,,,-10,-20,
RW,Rwanda,Southern Province,,,RW-05,,ChIJGx6PxyW73BkR9BK5YFta4dw,2021-03-25,,,,6,-21,
RW,Rwanda,Southern Province,,,RW-05,,ChIJGx6PxyW73BkR9BK5YFta4dw,2021-03-26,,,,-5,-20,
RW,Rwanda,Southern Province,,,RW-05,,ChIJGx6PxyW73BkR9BK5YFta4dw,2021-03-27,,,,-8,-16,
RW,Rwanda,Southern Province,,,RW-05,,ChIJGx6PxyW73BkR9BK5YFta4dw,2021-03-28,,,,-11,-33,
RW,Rwanda,Southern Province,,,RW-05,,ChIJGx6PxyW73BkR9BK5YFta4dw,2021-03-29,,,,0,-22,
RW,Rwanda,Southern Province,,,RW-05,,ChIJGx6PxyW73BkR9BK5YFta4dw,2021-03-30,,,,-5,-21,
RW,Rwanda,Southern Province,,,RW-05,,ChIJGx6PxyW73BkR9BK5YFta4dw,2021-03-31,,,,,-22,
RW,Rwanda,Southern Province,,,RW-05,,ChIJGx6PxyW73BkR9BK5YFta4dw,2021-04-01,,,,,-20,
RW,Rwanda,Southern Province,,,RW-05,,ChIJGx6PxyW73BkR9BK5YFta4dw,2021-04-02,,,,0,-47,
RW,Rwanda,Southern Province,,,RW-05,,ChIJGx6PxyW73BkR9BK5YFta4dw,2021-04-03,,,,4,-15,
RW,Rwanda,Southern Province,,,RW-05,,ChIJGx6PxyW73BkR9BK5YFta4dw,2021-04-04,,,,-1,-39,
RW,Rwanda,Southern Province,Huye,,,,ChIJl6i1bVwOwxkRaSQEn5ELlxo,2021-01-01,,,,-40,-67,
RW,Rwanda,Southern Province,Huye,,,,ChIJl6i1bVwOwxkRaSQEn5ELlxo,2021-01-04,,,,,-43,
RW,Rwanda,Southern Province,Huye,,,,ChIJl6i1bVwOwxkRaSQEn5ELlxo,2021-01-05,,,,-53,-12,
RW,Rwanda,Southern Province,Huye,,,,ChIJl6i1bVwOwxkRaSQEn5ELlxo,2021-01-06,,,,-60,-8,
RW,Rwanda,Southern Province,Huye,,,,ChIJl6i1bVwOwxkRaSQEn5ELlxo,2021-01-07,,,,-57,-14,
RW,Rwanda,Southern Province,Huye,,,,ChIJl6i1bVwOwxkRaSQEn5ELlxo,2021-01-08,,,,-68,-12,
RW,Rwanda,Southern Province,Huye,,,,ChIJl6i1bVwOwxkRaSQEn5ELlxo,2021-01-09,,,,-64,,
RW,Rwanda,Southern Province,Huye,,,,ChIJl6i1bVwOwxkRaSQEn5ELlxo,2021-01-11,,,,,-4,
RW,Rwanda,Southern Province,Huye,,,,ChIJl6i1bVwOwxkRaSQEn5ELlxo,2021-01-12,,,,-63,-10,
RW,Rwanda,Southern Province,Huye,,,,ChIJl6i1bVwOwxkRaSQEn5ELlxo,2021-01-13,,,,,-12,
RW,Rwanda,Southern Province,Huye,,,,ChIJl6i1bVwOwxkRaSQEn5ELlxo,2021-01-14,,,,-67,-18,
RW,Rwanda,Southern Province,Huye,,,,ChIJl6i1bVwOwxkRaSQEn5ELlxo,2021-01-15,,,,-68,-32,
RW,Rwanda,Southern Province,Huye,,,,ChIJl6i1bVwOwxkRaSQEn5ELlxo,2021-01-16,,,,,-38,
RW,Rwanda,Southern Province,Huye,,,,ChIJl6i1bVwOwxkRaSQEn5ELlxo,2021-01-18,,,,-56,-30,
RW,Rwanda,Southern Province,Huye,,,,ChIJl6i1bVwOwxkRaSQEn5ELlxo,2021-01-19,,,,-68,-26,
RW,Rwanda,Southern Province,Huye,,,,ChIJl6i1bVwOwxkRaSQEn5ELlxo,2021-01-20,,,,,-25,
RW,Rwanda,Southern Province,Huye,,,,ChIJl6i1bVwOwxkRaSQEn5ELlxo,2021-01-21,,,,-64,-28,
RW,Rwanda,Southern Province,Huye,,,,ChIJl6i1bVwOwxkRaSQEn5ELlxo,2021-01-22,,,,,-28,
RW,Rwanda,Southern Province,Huye,,,,ChIJl6i1bVwOwxkRaSQEn5ELlxo,2021-01-23,,,,,-29,
RW,Rwanda,Southern Province,Huye,,,,ChIJl6i1bVwOwxkRaSQEn5ELlxo,2021-01-25,,,,-64,-24,
RW,Rwanda,Southern Province,Huye,,,,ChIJl6i1bVwOwxkRaSQEn5ELlxo,2021-01-26,,,,-64,-27,
RW,Rwanda,Southern Province,Huye,,,,ChIJl6i1bVwOwxkRaSQEn5ELlxo,2021-01-27,,,,-64,-29,
RW,Rwanda,Southern Province,Huye,,,,ChIJl6i1bVwOwxkRaSQEn5ELlxo,2021-01-28,,,,-57,-21,
RW,Rwanda,Southern Province,Huye,,,,ChIJl6i1bVwOwxkRaSQEn5ELlxo,2021-01-29,,,,-66,-25,
RW,Rwanda,Southern Province,Huye,,,,ChIJl6i1bVwOwxkRaSQEn5ELlxo,2021-01-30,,,,,-36,
RW,Rwanda,Southern Province,Huye,,,,ChIJl6i1bVwOwxkRaSQEn5ELlxo,2021-02-01,,,,,-56,
RW,Rwanda,Southern Province,Huye,,,,ChIJl6i1bVwOwxkRaSQEn5ELlxo,2021-02-02,,,,,-21,
RW,Rwanda,Southern Province,Huye,,,,ChIJl6i1bVwOwxkRaSQEn5ELlxo,2021-02-03,,,,,-23,
RW,Rwanda,Southern Province,Huye,,,,ChIJl6i1bVwOwxkRaSQEn5ELlxo,2021-02-04,,,,,-28,
RW,Rwanda,Southern Province,Huye,,,,ChIJl6i1bVwOwxkRaSQEn5ELlxo,2021-02-05,,,,,-33,
RW,Rwanda,Southern Province,Huye,,,,ChIJl6i1bVwOwxkRaSQEn5ELlxo,2021-02-06,,,,,-27,
RW,Rwanda,Southern Province,Huye,,,,ChIJl6i1bVwOwxkRaSQEn5ELlxo,2021-02-08,,,,,-28,
RW,Rwanda,Southern Province,Huye,,,,ChIJl6i1bVwOwxkRaSQEn5ELlxo,2021-02-09,,,,,-29,
RW,Rwanda,Southern Province,Huye,,,,ChIJl6i1bVwOwxkRaSQEn5ELlxo,2021-02-10,,,,,-29,
RW,Rwanda,Southern Province,Huye,,,,ChIJl6i1bVwOwxkRaSQEn5ELlxo,2021-02-11,,,,,-26,
RW,Rwanda,Southern Province,Huye,,,,ChIJl6i1bVwOwxkRaSQEn5ELlxo,2021-02-12,,,,,-25,
RW,Rwanda,Southern Province,Huye,,,,ChIJl6i1bVwOwxkRaSQEn5ELlxo,2021-02-13,,,,,-27,
RW,Rwanda,Southern Province,Huye,,,,ChIJl6i1bVwOwxkRaSQEn5ELlxo,2021-02-14,,,,,-48,
RW,Rwanda,Southern Province,Huye,,,,ChIJl6i1bVwOwxkRaSQEn5ELlxo,2021-02-15,,,,,-27,
RW,Rwanda,Southern Province,Huye,,,,ChIJl6i1bVwOwxkRaSQEn5ELlxo,2021-02-16,,,,,-27,
RW,Rwanda,Southern Province,Huye,,,,ChIJl6i1bVwOwxkRaSQEn5ELlxo,2021-02-17,,,,,-23,
RW,Rwanda,Southern Province,Huye,,,,ChIJl6i1bVwOwxkRaSQEn5ELlxo,2021-02-18,,,,,-25,
RW,Rwanda,Southern Province,Huye,,,,ChIJl6i1bVwOwxkRaSQEn5ELlxo,2021-02-19,,,,,-27,
RW,Rwanda,Southern Province,Huye,,,,ChIJl6i1bVwOwxkRaSQEn5ELlxo,2021-02-20,,,,,-27,
RW,Rwanda,Southern Province,Huye,,,,ChIJl6i1bVwOwxkRaSQEn5ELlxo,2021-02-22,,,,,-24,
RW,Rwanda,Southern Province,Huye,,,,ChIJl6i1bVwOwxkRaSQEn5ELlxo,2021-02-23,,,,,-26,
RW,Rwanda,Southern Province,Huye,,,,ChIJl6i1bVwOwxkRaSQEn5ELlxo,2021-02-24,,,,,-23,
RW,Rwanda,Southern Province,Huye,,,,ChIJl6i1bVwOwxkRaSQEn5ELlxo,2021-02-25,,,,,-24,
RW,Rwanda,Southern Province,Huye,,,,ChIJl6i1bVwOwxkRaSQEn5ELlxo,2021-02-26,,,,,-26,
RW,Rwanda,Southern Province,Huye,,,,ChIJl6i1bVwOwxkRaSQEn5ELlxo,2021-03-01,,,,,-26,
RW,Rwanda,Southern Province,Huye,,,,ChIJl6i1bVwOwxkRaSQEn5ELlxo,2021-03-02,,,,,-22,
RW,Rwanda,Southern Province,Huye,,,,ChIJl6i1bVwOwxkRaSQEn5ELlxo,2021-03-03,,,,,-30,
RW,Rwanda,Southern Province,Huye,,,,ChIJl6i1bVwOwxkRaSQEn5ELlxo,2021-03-04,,,,-67,-22,
RW,Rwanda,Southern Province,Huye,,,,ChIJl6i1bVwOwxkRaSQEn5ELlxo,2021-03-05,,,,-65,-25,
RW,Rwanda,Southern Province,Huye,,,,ChIJl6i1bVwOwxkRaSQEn5ELlxo,2021-03-06,,,,,-30,
RW,Rwanda,Southern Province,Huye,,,,ChIJl6i1bVwOwxkRaSQEn5ELlxo,2021-03-08,,,,-64,-22,
RW,Rwanda,Southern Province,Huye,,,,ChIJl6i1bVwOwxkRaSQEn5ELlxo,2021-03-09,,,,,-26,
RW,Rwanda,Southern Province,Huye,,,,ChIJl6i1bVwOwxkRaSQEn5ELlxo,2021-03-10,,,,-56,-17,
RW,Rwanda,Southern Province,Huye,,,,ChIJl6i1bVwOwxkRaSQEn5ELlxo,2021-03-11,,,,-58,-18,
RW,Rwanda,Southern Province,Huye,,,,ChIJl6i1bVwOwxkRaSQEn5ELlxo,2021-03-12,,,,-67,-21,
RW,Rwanda,Southern Province,Huye,,,,ChIJl6i1bVwOwxkRaSQEn5ELlxo,2021-03-13,,,,-66,,
RW,Rwanda,Southern Province,Huye,,,,ChIJl6i1bVwOwxkRaSQEn5ELlxo,2021-03-15,,,,-62,-20,
RW,Rwanda,Southern Province,Huye,,,,ChIJl6i1bVwOwxkRaSQEn5ELlxo,2021-03-16,,,,-49,-18,
RW,Rwanda,Southern Province,Huye,,,,ChIJl6i1bVwOwxkRaSQEn5ELlxo,2021-03-17,,,,,-22,
RW,Rwanda,Southern Province,Huye,,,,ChIJl6i1bVwOwxkRaSQEn5ELlxo,2021-03-18,,,,,-24,
RW,Rwanda,Southern Province,Huye,,,,ChIJl6i1bVwOwxkRaSQEn5ELlxo,2021-03-19,,,,-34,-17,
RW,Rwanda,Southern Province,Huye,,,,ChIJl6i1bVwOwxkRaSQEn5ELlxo,2021-03-20,,,,,-30,
RW,Rwanda,Southern Province,Huye,,,,ChIJl6i1bVwOwxkRaSQEn5ELlxo,2021-03-22,,,,,-26,
RW,Rwanda,Southern Province,Huye,,,,ChIJl6i1bVwOwxkRaSQEn5ELlxo,2021-03-23,,,,-52,-25,
RW,Rwanda,Southern Province,Huye,,,,ChIJl6i1bVwOwxkRaSQEn5ELlxo,2021-03-24,,,,-48,-19,
RW,Rwanda,Southern Province,Huye,,,,ChIJl6i1bVwOwxkRaSQEn5ELlxo,2021-03-25,,,,,-17,
RW,Rwanda,Southern Province,Huye,,,,ChIJl6i1bVwOwxkRaSQEn5ELlxo,2021-03-26,,,,-35,-18,
RW,Rwanda,Southern Province,Huye,,,,ChIJl6i1bVwOwxkRaSQEn5ELlxo,2021-03-27,,,,-54,-32,
RW,Rwanda,Southern Province,Huye,,,,ChIJl6i1bVwOwxkRaSQEn5ELlxo,2021-03-28,,,,,-50,
RW,Rwanda,Southern Province,Huye,,,,ChIJl6i1bVwOwxkRaSQEn5ELlxo,2021-03-29,,,,,-19,
RW,Rwanda,Southern Province,Huye,,,,ChIJl6i1bVwOwxkRaSQEn5ELlxo,2021-03-30,,,,-37,-20,
RW,Rwanda,Southern Province,Huye,,,,ChIJl6i1bVwOwxkRaSQEn5ELlxo,2021-03-31,,,,,-21,
RW,Rwanda,Southern Province,Huye,,,,ChIJl6i1bVwOwxkRaSQEn5ELlxo,2021-04-01,,,,,-21,
RW,Rwanda,Southern Province,Huye,,,,ChIJl6i1bVwOwxkRaSQEn5ELlxo,2021-04-02,,,,,-50,
RW,Rwanda,Southern Province,Huye,,,,ChIJl6i1bVwOwxkRaSQEn5ELlxo,2021-04-03,,,,,-29,
RW,Rwanda,Southern Province,Huye,,,,ChIJl6i1bVwOwxkRaSQEn5ELlxo,2021-04-04,,,,,-51,
RW,Rwanda,Western Province,,,RW-04,,ChIJXYv3fhsd3RkR9XADsNpIi8A,2021-01-01,,,,-53,-63,
RW,Rwanda,Western Province,,,RW-04,,ChIJXYv3fhsd3RkR9XADsNpIi8A,2021-01-02,,,,,-19,
RW,Rwanda,Western Province,,,RW-04,,ChIJXYv3fhsd3RkR9XADsNpIi8A,2021-01-04,,,,,-40,
RW,Rwanda,Western Province,,,RW-04,,ChIJXYv3fhsd3RkR9XADsNpIi8A,2021-01-05,,,,,-13,
RW,Rwanda,Western Province,,,RW-04,,ChIJXYv3fhsd3RkR9XADsNpIi8A,2021-01-06,,,,,-9,
RW,Rwanda,Western Province,,,RW-04,,ChIJXYv3fhsd3RkR9XADsNpIi8A,2021-01-07,,,,,-8,
RW,Rwanda,Western Province,,,RW-04,,ChIJXYv3fhsd3RkR9XADsNpIi8A,2021-01-08,,,,,-6,
RW,Rwanda,Western Province,,,RW-04,,ChIJXYv3fhsd3RkR9XADsNpIi8A,2021-01-09,,,,,-12,
RW,Rwanda,Western Province,,,RW-04,,ChIJXYv3fhsd3RkR9XADsNpIi8A,2021-01-11,,,,,-11,
RW,Rwanda,Western Province,,,RW-04,,ChIJXYv3fhsd3RkR9XADsNpIi8A,2021-01-12,,,,,-16,
RW,Rwanda,Western Province,,,RW-04,,ChIJXYv3fhsd3RkR9XADsNpIi8A,2021-01-13,,,,,-16,
RW,Rwanda,Western Province,,,RW-04,,ChIJXYv3fhsd3RkR9XADsNpIi8A,2021-01-14,,,,,-21,
RW,Rwanda,Western Province,,,RW-04,,ChIJXYv3fhsd3RkR9XADsNpIi8A,2021-01-15,,,,-64,-27,
RW,Rwanda,Western Province,,,RW-04,,ChIJXYv3fhsd3RkR9XADsNpIi8A,2021-01-16,,,,,-16,
RW,Rwanda,Western Province,,,RW-04,,ChIJXYv3fhsd3RkR9XADsNpIi8A,2021-01-17,,,,,-27,
RW,Rwanda,Western Province,,,RW-04,,ChIJXYv3fhsd3RkR9XADsNpIi8A,2021-01-18,,,,,-26,
RW,Rwanda,Western Province,,,RW-04,,ChIJXYv3fhsd3RkR9XADsNpIi8A,2021-01-19,,,,-64,-32,
RW,Rwanda,Western Province,,,RW-04,,ChIJXYv3fhsd3RkR9XADsNpIi8A,2021-01-20,,,,-61,-29,
RW,Rwanda,Western Province,,,RW-04,,ChIJXYv3fhsd3RkR9XADsNpIi8A,2021-01-21,,,,,-29,
RW,Rwanda,Western Province,,,RW-04,,ChIJXYv3fhsd3RkR9XADsNpIi8A,2021-01-22,,,,-61,-26,
RW,Rwanda,Western Province,,,RW-04,,ChIJXYv3fhsd3RkR9XADsNpIi8A,2021-01-23,,,,,-17,
RW,Rwanda,Western Province,,,RW-04,,ChIJXYv3fhsd3RkR9XADsNpIi8A,2021-01-24,,,,,-27,
RW,Rwanda,Western Province,,,RW-04,,ChIJXYv3fhsd3RkR9XADsNpIi8A,2021-01-25,,,,,-24,
RW,Rwanda,Western Province,,,RW-04,,ChIJXYv3fhsd3RkR9XADsNpIi8A,2021-01-26,,,,,-25,
RW,Rwanda,Western Province,,,RW-04,,ChIJXYv3fhsd3RkR9XADsNpIi8A,2021-01-27,,,,,-27,
RW,Rwanda,Western Province,,,RW-04,,ChIJXYv3fhsd3RkR9XADsNpIi8A,2021-01-28,,,,,-21,
RW,Rwanda,Western Province,,,RW-04,,ChIJXYv3fhsd3RkR9XADsNpIi8A,2021-01-29,,,,-56,-27,
RW,Rwanda,Western Province,,,RW-04,,ChIJXYv3fhsd3RkR9XADsNpIi8A,2021-01-30,,,,,-18,
RW,Rwanda,Western Province,,,RW-04,,ChIJXYv3fhsd3RkR9XADsNpIi8A,2021-01-31,,,,,-27,
RW,Rwanda,Western Province,,,RW-04,,ChIJXYv3fhsd3RkR9XADsNpIi8A,2021-02-01,,,,,-45,
RW,Rwanda,Western Province,,,RW-04,,ChIJXYv3fhsd3RkR9XADsNpIi8A,2021-02-02,,,,-61,-24,
RW,Rwanda,Western Province,,,RW-04,,ChIJXYv3fhsd3RkR9XADsNpIi8A,2021-02-03,,,,,-27,
RW,Rwanda,Western Province,,,RW-04,,ChIJXYv3fhsd3RkR9XADsNpIi8A,2021-02-04,,,,,-29,
RW,Rwanda,Western Province,,,RW-04,,ChIJXYv3fhsd3RkR9XADsNpIi8A,2021-02-05,,,,-54,-26,
RW,Rwanda,Western Province,,,RW-04,,ChIJXYv3fhsd3RkR9XADsNpIi8A,2021-02-06,,,,,-21,
RW,Rwanda,Western Province,,,RW-04,,ChIJXYv3fhsd3RkR9XADsNpIi8A,2021-02-07,,,,,-30,
RW,Rwanda,Western Province,,,RW-04,,ChIJXYv3fhsd3RkR9XADsNpIi8A,2021-02-08,,,,,-29,
RW,Rwanda,Western Province,,,RW-04,,ChIJXYv3fhsd3RkR9XADsNpIi8A,2021-02-09,,,,,-29,
RW,Rwanda,Western Province,,,RW-04,,ChIJXYv3fhsd3RkR9XADsNpIi8A,2021-02-10,,,,,-30,
RW,Rwanda,Western Province,,,RW-04,,ChIJXYv3fhsd3RkR9XADsNpIi8A,2021-02-11,,,,,-28,
RW,Rwanda,Western Province,,,RW-04,,ChIJXYv3fhsd3RkR9XADsNpIi8A,2021-02-12,,,,-61,-25,
RW,Rwanda,Western Province,,,RW-04,,ChIJXYv3fhsd3RkR9XADsNpIi8A,2021-02-13,,,,,-23,
RW,Rwanda,Western Province,,,RW-04,,ChIJXYv3fhsd3RkR9XADsNpIi8A,2021-02-14,,,,,-31,
RW,Rwanda,Western Province,,,RW-04,,ChIJXYv3fhsd3RkR9XADsNpIi8A,2021-02-15,,,,,-33,
RW,Rwanda,Western Province,,,RW-04,,ChIJXYv3fhsd3RkR9XADsNpIi8A,2021-02-16,,,,,-32,
RW,Rwanda,Western Province,,,RW-04,,ChIJXYv3fhsd3RkR9XADsNpIi8A,2021-02-17,,,,-64,-26,
RW,Rwanda,Western Province,,,RW-04,,ChIJXYv3fhsd3RkR9XADsNpIi8A,2021-02-18,,,,,-27,
RW,Rwanda,Western Province,,,RW-04,,ChIJXYv3fhsd3RkR9XADsNpIi8A,2021-02-19,,,,-65,-23,
RW,Rwanda,Western Province,,,RW-04,,ChIJXYv3fhsd3RkR9XADsNpIi8A,2021-02-20,,,,,-17,
RW,Rwanda,Western Province,,,RW-04,,ChIJXYv3fhsd3RkR9XADsNpIi8A,2021-02-21,,,,,-28,
RW,Rwanda,Western Province,,,RW-04,,ChIJXYv3fhsd3RkR9XADsNpIi8A,2021-02-22,,,,-66,-28,
RW,Rwanda,Western Province,,,RW-04,,ChIJXYv3fhsd3RkR9XADsNpIi8A,2021-02-23,,,,,-27,
RW,Rwanda,Western Province,,,RW-04,,ChIJXYv3fhsd3RkR9XADsNpIi8A,2021-02-24,,,,,-26,
RW,Rwanda,Western Province,,,RW-04,,ChIJXYv3fhsd3RkR9XADsNpIi8A,2021-02-25,,,,,-29,
RW,Rwanda,Western Province,,,RW-04,,ChIJXYv3fhsd3RkR9XADsNpIi8A,2021-02-26,,,,-57,-26,
RW,Rwanda,Western Province,,,RW-04,,ChIJXYv3fhsd3RkR9XADsNpIi8A,2021-02-27,,,,,-21,
RW,Rwanda,Western Province,,,RW-04,,ChIJXYv3fhsd3RkR9XADsNpIi8A,2021-03-01,,,,,-23,
RW,Rwanda,Western Province,,,RW-04,,ChIJXYv3fhsd3RkR9XADsNpIi8A,2021-03-02,,,,,-28,
RW,Rwanda,Western Province,,,RW-04,,ChIJXYv3fhsd3RkR9XADsNpIi8A,2021-03-03,,,,,-23,
RW,Rwanda,Western Province,,,RW-04,,ChIJXYv3fhsd3RkR9XADsNpIi8A,2021-03-04,,,,,-24,
RW,Rwanda,Western Province,,,RW-04,,ChIJXYv3fhsd3RkR9XADsNpIi8A,2021-03-05,,,,-61,-27,
RW,Rwanda,Western Province,,,RW-04,,ChIJXYv3fhsd3RkR9XADsNpIi8A,2021-03-06,,,,,-11,
RW,Rwanda,Western Province,,,RW-04,,ChIJXYv3fhsd3RkR9XADsNpIi8A,2021-03-08,,,,,-28,
RW,Rwanda,Western Province,,,RW-04,,ChIJXYv3fhsd3RkR9XADsNpIi8A,2021-03-09,,,,,-26,
RW,Rwanda,Western Province,,,RW-04,,ChIJXYv3fhsd3RkR9XADsNpIi8A,2021-03-10,,,,,-23,
RW,Rwanda,Western Province,,,RW-04,,ChIJXYv3fhsd3RkR9XADsNpIi8A,2021-03-11,,,,,-20,
RW,Rwanda,Western Province,,,RW-04,,ChIJXYv3fhsd3RkR9XADsNpIi8A,2021-03-12,,,,,-23,
RW,Rwanda,Western Province,,,RW-04,,ChIJXYv3fhsd3RkR9XADsNpIi8A,2021-03-13,,,,,-14,
RW,Rwanda,Western Province,,,RW-04,,ChIJXYv3fhsd3RkR9XADsNpIi8A,2021-03-15,,,,,-20,
RW,Rwanda,Western Province,,,RW-04,,ChIJXYv3fhsd3RkR9XADsNpIi8A,2021-03-16,,,,,-22,
RW,Rwanda,Western Province,,,RW-04,,ChIJXYv3fhsd3RkR9XADsNpIi8A,2021-03-17,,,,,-24,
RW,Rwanda,Western Province,,,RW-04,,ChIJXYv3fhsd3RkR9XADsNpIi8A,2021-03-18,,,,,-18,
RW,Rwanda,Western Province,,,RW-04,,ChIJXYv3fhsd3RkR9XADsNpIi8A,2021-03-19,,,,,-21,
RW,Rwanda,Western Province,,,RW-04,,ChIJXYv3fhsd3RkR9XADsNpIi8A,2021-03-20,,,,,-18,
RW,Rwanda,Western Province,,,RW-04,,ChIJXYv3fhsd3RkR9XADsNpIi8A,2021-03-21,,,,,-25,
RW,Rwanda,Western Province,,,RW-04,,ChIJXYv3fhsd3RkR9XADsNpIi8A,2021-03-22,,,,,-18,
RW,Rwanda,Western Province,,,RW-04,,ChIJXYv3fhsd3RkR9XADsNpIi8A,2021-03-23,,,,,-16,
RW,Rwanda,Western Province,,,RW-04,,ChIJXYv3fhsd3RkR9XADsNpIi8A,2021-03-24,,,,,-19,
RW,Rwanda,Western Province,,,RW-04,,ChIJXYv3fhsd3RkR9XADsNpIi8A,2021-03-25,,,,,-14,
RW,Rwanda,Western Province,,,RW-04,,ChIJXYv3fhsd3RkR9XADsNpIi8A,2021-03-26,,,,,-15,
RW,Rwanda,Western Province,,,RW-04,,ChIJXYv3fhsd3RkR9XADsNpIi8A,2021-03-27,,,,,-15,
RW,Rwanda,Western Province,,,RW-04,,ChIJXYv3fhsd3RkR9XADsNpIi8A,2021-03-28,,,,,-28,
RW,Rwanda,Western Province,,,RW-04,,ChIJXYv3fhsd3RkR9XADsNpIi8A,2021-03-29,,,,,-18,
RW,Rwanda,Western Province,,,RW-04,,ChIJXYv3fhsd3RkR9XADsNpIi8A,2021-03-30,,,,,-17,
RW,Rwanda,Western Province,,,RW-04,,ChIJXYv3fhsd3RkR9XADsNpIi8A,2021-03-31,,,,,-23,
RW,Rwanda,Western Province,,,RW-04,,ChIJXYv3fhsd3RkR9XADsNpIi8A,2021-04-01,,,,,-18,
RW,Rwanda,Western Province,,,RW-04,,ChIJXYv3fhsd3RkR9XADsNpIi8A,2021-04-02,,,,,-41,
RW,Rwanda,Western Province,,,RW-04,,ChIJXYv3fhsd3RkR9XADsNpIi8A,2021-04-03,,,,,-19,
RW,Rwanda,Western Province,,,RW-04,,ChIJXYv3fhsd3RkR9XADsNpIi8A,2021-04-04,,,,,-30,
RW,Rwanda,Western Province,Rubavu,,,,ChIJkbeI674d3RkRFSWtm19FECc,2021-01-01,,,,-47,-59,
RW,Rwanda,Western Province,Rubavu,,,,ChIJkbeI674d3RkRFSWtm19FECc,2021-01-02,,,,-24,-13,
RW,Rwanda,Western Province,Rubavu,,,,ChIJkbeI674d3RkRFSWtm19FECc,2021-01-04,,,,-31,-33,
RW,Rwanda,Western Province,Rubavu,,,,ChIJkbeI674d3RkRFSWtm19FECc,2021-01-05,,,,-28,-8,
RW,Rwanda,Western Province,Rubavu,,,,ChIJkbeI674d3RkRFSWtm19FECc,2021-01-06,,,,-45,-7,
RW,Rwanda,Western Province,Rubavu,,,,ChIJkbeI674d3RkRFSWtm19FECc,2021-01-07,,,,-38,0,
RW,Rwanda,Western Province,Rubavu,,,,ChIJkbeI674d3RkRFSWtm19FECc,2021-01-08,,,,-35,-4,
RW,Rwanda,Western Province,Rubavu,,,,ChIJkbeI674d3RkRFSWtm19FECc,2021-01-09,,,,-30,-12,
RW,Rwanda,Western Province,Rubavu,,,,ChIJkbeI674d3RkRFSWtm19FECc,2021-01-10,,,,,-19,
RW,Rwanda,Western Province,Rubavu,,,,ChIJkbeI674d3RkRFSWtm19FECc,2021-01-11,,,,-36,-10,
RW,Rwanda,Western Province,Rubavu,,,,ChIJkbeI674d3RkRFSWtm19FECc,2021-01-12,,,,-44,-7,
RW,Rwanda,Western Province,Rubavu,,,,ChIJkbeI674d3RkRFSWtm19FECc,2021-01-13,,,,-42,-16,
RW,Rwanda,Western Province,Rubavu,,,,ChIJkbeI674d3RkRFSWtm19FECc,2021-01-14,,,,-50,-14,
RW,Rwanda,Western Province,Rubavu,,,,ChIJkbeI674d3RkRFSWtm19FECc,2021-01-15,,,,-57,-26,
RW,Rwanda,Western Province,Rubavu,,,,ChIJkbeI674d3RkRFSWtm19FECc,2021-01-16,,,,-42,-14,
RW,Rwanda,Western Province,Rubavu,,,,ChIJkbeI674d3RkRFSWtm19FECc,2021-01-17,,,,-36,-30,
RW,Rwanda,Western Province,Rubavu,,,,ChIJkbeI674d3RkRFSWtm19FECc,2021-01-18,,,,-52,-21,
RW,Rwanda,Western Province,Rubavu,,,,ChIJkbeI674d3RkRFSWtm19FECc,2021-01-19,,,,-54,-27,
RW,Rwanda,Western Province,Rubavu,,,,ChIJkbeI674d3RkRFSWtm19FECc,2021-01-20,,,,-56,-32,
RW,Rwanda,Western Province,Rubavu,,,,ChIJkbeI674d3RkRFSWtm19FECc,2021-01-21,,,,-54,-26,
RW,Rwanda,Western Province,Rubavu,,,,ChIJkbeI674d3RkRFSWtm19FECc,2021-01-22,,,,-57,-22,
RW,Rwanda,Western Province,Rubavu,,,,ChIJkbeI674d3RkRFSWtm19FECc,2021-01-23,,,,-48,-16,
RW,Rwanda,Western Province,Rubavu,,,,ChIJkbeI674d3RkRFSWtm19FECc,2021-01-24,,,,-40,-31,
RW,Rwanda,Western Province,Rubavu,,,,ChIJkbeI674d3RkRFSWtm19FECc,2021-01-25,,,,-51,-20,
RW,Rwanda,Western Province,Rubavu,,,,ChIJkbeI674d3RkRFSWtm19FECc,2021-01-26,,,,-45,-22,
RW,Rwanda,Western Province,Rubavu,,,,ChIJkbeI674d3RkRFSWtm19FECc,2021-01-27,,,,-56,-28,
RW,Rwanda,Western Province,Rubavu,,,,ChIJkbeI674d3RkRFSWtm19FECc,2021-01-28,,,,-49,-18,
RW,Rwanda,Western Province,Rubavu,,,,ChIJkbeI674d3RkRFSWtm19FECc,2021-01-29,,,,-51,-21,
RW,Rwanda,Western Province,Rubavu,,,,ChIJkbeI674d3RkRFSWtm19FECc,2021-01-30,,,,-52,-15,
RW,Rwanda,Western Province,Rubavu,,,,ChIJkbeI674d3RkRFSWtm19FECc,2021-01-31,,,,-47,-28,
RW,Rwanda,Western Province,Rubavu,,,,ChIJkbeI674d3RkRFSWtm19FECc,2021-02-01,,,,-57,-47,
RW,Rwanda,Western Province,Rubavu,,,,ChIJkbeI674d3RkRFSWtm19FECc,2021-02-02,,,,-56,-19,
RW,Rwanda,Western Province,Rubavu,,,,ChIJkbeI674d3RkRFSWtm19FECc,2021-02-03,,,,-54,-24,
RW,Rwanda,Western Province,Rubavu,,,,ChIJkbeI674d3RkRFSWtm19FECc,2021-02-04,,,,-41,-30,
RW,Rwanda,Western Province,Rubavu,,,,ChIJkbeI674d3RkRFSWtm19FECc,2021-02-05,,,,-46,-22,
RW,Rwanda,Western Province,Rubavu,,,,ChIJkbeI674d3RkRFSWtm19FECc,2021-02-06,,,,-41,-26,
RW,Rwanda,Western Province,Rubavu,,,,ChIJkbeI674d3RkRFSWtm19FECc,2021-02-07,,,,-37,-31,
RW,Rwanda,Western Province,Rubavu,,,,ChIJkbeI674d3RkRFSWtm19FECc,2021-02-08,,,,-50,-23,
RW,Rwanda,Western Province,Rubavu,,,,ChIJkbeI674d3RkRFSWtm19FECc,2021-02-09,,,,-42,-26,
RW,Rwanda,Western Province,Rubavu,,,,ChIJkbeI674d3RkRFSWtm19FECc,2021-02-10,,,,-42,-29,
RW,Rwanda,Western Province,Rubavu,,,,ChIJkbeI674d3RkRFSWtm19FECc,2021-02-11,,,,-48,-22,
RW,Rwanda,Western Province,Rubavu,,,,ChIJkbeI674d3RkRFSWtm19FECc,2021-02-12,,,,-54,-16,
RW,Rwanda,Western Province,Rubavu,,,,ChIJkbeI674d3RkRFSWtm19FECc,2021-02-13,,,,-43,-19,
RW,Rwanda,Western Province,Rubavu,,,,ChIJkbeI674d3RkRFSWtm19FECc,2021-02-14,,,,-32,-29,
RW,Rwanda,Western Province,Rubavu,,,,ChIJkbeI674d3RkRFSWtm19FECc,2021-02-15,,,,-45,-21,
RW,Rwanda,Western Province,Rubavu,,,,ChIJkbeI674d3RkRFSWtm19FECc,2021-02-16,,,,-51,-23,
RW,Rwanda,Western Province,Rubavu,,,,ChIJkbeI674d3RkRFSWtm19FECc,2021-02-17,,,,-54,-23,
RW,Rwanda,Western Province,Rubavu,,,,ChIJkbeI674d3RkRFSWtm19FECc,2021-02-18,,,,-46,-18,
RW,Rwanda,Western Province,Rubavu,,,,ChIJkbeI674d3RkRFSWtm19FECc,2021-02-19,,,,-54,-15,
RW,Rwanda,Western Province,Rubavu,,,,ChIJkbeI674d3RkRFSWtm19FECc,2021-02-20,,,,-43,-7,
RW,Rwanda,Western Province,Rubavu,,,,ChIJkbeI674d3RkRFSWtm19FECc,2021-02-21,,,,-33,-27,
RW,Rwanda,Western Province,Rubavu,,,,ChIJkbeI674d3RkRFSWtm19FECc,2021-02-22,,,,-53,-17,
RW,Rwanda,Western Province,Rubavu,,,,ChIJkbeI674d3RkRFSWtm19FECc,2021-02-23,,,,-45,-18,
RW,Rwanda,Western Province,Rubavu,,,,ChIJkbeI674d3RkRFSWtm19FECc,2021-02-24,,,,-47,-20,
RW,Rwanda,Western Province,Rubavu,,,,ChIJkbeI674d3RkRFSWtm19FECc,2021-02-25,,,,-41,-20,
RW,Rwanda,Western Province,Rubavu,,,,ChIJkbeI674d3RkRFSWtm19FECc,2021-02-26,,,,-48,-14,
RW,Rwanda,Western Province,Rubavu,,,,ChIJkbeI674d3RkRFSWtm19FECc,2021-02-27,,,,-34,-18,
RW,Rwanda,Western Province,Rubavu,,,,ChIJkbeI674d3RkRFSWtm19FECc,2021-02-28,,,,-39,-26,
RW,Rwanda,Western Province,Rubavu,,,,ChIJkbeI674d3RkRFSWtm19FECc,2021-03-01,,,,-57,-13,
RW,Rwanda,Western Province,Rubavu,,,,ChIJkbeI674d3RkRFSWtm19FECc,2021-03-02,,,,-51,-16,
RW,Rwanda,Western Province,Rubavu,,,,ChIJkbeI674d3RkRFSWtm19FECc,2021-03-03,,,,-45,-18,
RW,Rwanda,Western Province,Rubavu,,,,ChIJkbeI674d3RkRFSWtm19FECc,2021-03-04,,,,-40,-20,
RW,Rwanda,Western Province,Rubavu,,,,ChIJkbeI674d3RkRFSWtm19FECc,2021-03-05,,,,-45,-13,
RW,Rwanda,Western Province,Rubavu,,,,ChIJkbeI674d3RkRFSWtm19FECc,2021-03-06,,,,-31,-4,
RW,Rwanda,Western Province,Rubavu,,,,ChIJkbeI674d3RkRFSWtm19FECc,2021-03-07,,,,-39,-33,
RW,Rwanda,Western Province,Rubavu,,,,ChIJkbeI674d3RkRFSWtm19FECc,2021-03-08,,,,-34,-19,
RW,Rwanda,Western Province,Rubavu,,,,ChIJkbeI674d3RkRFSWtm19FECc,2021-03-09,,,,-46,-15,
RW,Rwanda,Western Province,Rubavu,,,,ChIJkbeI674d3RkRFSWtm19FECc,2021-03-10,,,,-45,-14,
RW,Rwanda,Western Province,Rubavu,,,,ChIJkbeI674d3RkRFSWtm19FECc,2021-03-11,,,,-41,-9,
RW,Rwanda,Western Province,Rubavu,,,,ChIJkbeI674d3RkRFSWtm19FECc,2021-03-12,,,,-49,-14,
RW,Rwanda,Western Province,Rubavu,,,,ChIJkbeI674d3RkRFSWtm19FECc,2021-03-13,,,,-41,-5,
RW,Rwanda,Western Province,Rubavu,,,,ChIJkbeI674d3RkRFSWtm19FECc,2021-03-14,,,,-35,-28,
RW,Rwanda,Western Province,Rubavu,,,,ChIJkbeI674d3RkRFSWtm19FECc,2021-03-15,,,,-47,-8,
RW,Rwanda,Western Province,Rubavu,,,,ChIJkbeI674d3RkRFSWtm19FECc,2021-03-16,,,,-40,-11,
RW,Rwanda,Western Province,Rubavu,,,,ChIJkbeI674d3RkRFSWtm19FECc,2021-03-17,,,,-36,-13,
RW,Rwanda,Western Province,Rubavu,,,,ChIJkbeI674d3RkRFSWtm19FECc,2021-03-18,,,,-34,-10,
RW,Rwanda,Western Province,Rubavu,,,,ChIJkbeI674d3RkRFSWtm19FECc,2021-03-19,,,,-30,-8,
RW,Rwanda,Western Province,Rubavu,,,,ChIJkbeI674d3RkRFSWtm19FECc,2021-03-20,,,,-13,-4,
RW,Rwanda,Western Province,Rubavu,,,,ChIJkbeI674d3RkRFSWtm19FECc,2021-03-22,,,,-26,-8,
RW,Rwanda,Western Province,Rubavu,,,,ChIJkbeI674d3RkRFSWtm19FECc,2021-03-23,,,,-34,-5,
RW,Rwanda,Western Province,Rubavu,,,,ChIJkbeI674d3RkRFSWtm19FECc,2021-03-24,,,,-18,-12,
RW,Rwanda,Western Province,Rubavu,,,,ChIJkbeI674d3RkRFSWtm19FECc,2021-03-25,,,,-9,-3,
RW,Rwanda,Western Province,Rubavu,,,,ChIJkbeI674d3RkRFSWtm19FECc,2021-03-26,,,,-5,0,
RW,Rwanda,Western Province,Rubavu,,,,ChIJkbeI674d3RkRFSWtm19FECc,2021-03-27,,,,0,1,
RW,Rwanda,Western Province,Rubavu,,,,ChIJkbeI674d3RkRFSWtm19FECc,2021-03-28,,,,,-18,
RW,Rwanda,Western Province,Rubavu,,,,ChIJkbeI674d3RkRFSWtm19FECc,2021-03-29,,,,3,-6,
RW,Rwanda,Western Province,Rubavu,,,,ChIJkbeI674d3RkRFSWtm19FECc,2021-03-30,,,,-11,-9,
RW,Rwanda,Western Province,Rubavu,,,,ChIJkbeI674d3RkRFSWtm19FECc,2021-03-31,,,,-5,-15,
RW,Rwanda,Western Province,Rubavu,,,,ChIJkbeI674d3RkRFSWtm19FECc,2021-04-01,,,,-2,-8,
RW,Rwanda,Western Province,Rubavu,,,,ChIJkbeI674d3RkRFSWtm19FECc,2021-04-02,,,,2,-27,
RW,Rwanda,Western Province,Rubavu,,,,ChIJkbeI674d3RkRFSWtm19FECc,2021-04-03,,,,,-10,
RW,Rwanda,Western Province,Rubavu,,,,ChIJkbeI674d3RkRFSWtm19FECc,2021-04-04,,,,,-27,
