country_region_code,country_region,sub_region_1,sub_region_2,metro_area,iso_3166_2_code,census_fips_code,place_id,date,retail_and_recreation_percent_change_from_baseline,grocery_and_pharmacy_percent_change_from_baseline,parks_percent_change_from_baseline,transit_stations_percent_change_from_baseline,workplaces_percent_change_from_baseline,residential_percent_change_from_baseline
BF,Burkina Faso,,,,,,ChIJm3Cm1SbKLQ4Rq22DRu0Kkyc,2021-01-01,7,47,54,-12,-66,17
BF,Burkina Faso,,,,,,ChIJm3Cm1SbKLQ4Rq22DRu0Kkyc,2021-01-02,6,63,53,17,-16,12
BF,Burkina Faso,,,,,,ChIJm3Cm1SbKLQ4Rq22DRu0Kkyc,2021-01-03,21,70,55,41,-3,3
BF,Burkina Faso,,,,,,ChIJm3Cm1SbKLQ4Rq22DRu0Kkyc,2021-01-04,8,72,49,39,-42,15
BF,Burkina Faso,,,,,,ChIJm3Cm1SbKLQ4Rq22DRu0Kkyc,2021-01-05,15,83,57,33,10,4
BF,Burkina Faso,,,,,,ChIJm3Cm1SbKLQ4Rq22DRu0Kkyc,2021-01-06,13,77,56,27,9,6
BF,Burkina Faso,,,,,,ChIJm3Cm1SbKLQ4Rq22DRu0Kkyc,2021-01-07,17,73,44,27,12,6
BF,Burkina Faso,,,,,,ChIJm3Cm1SbKLQ4Rq22DRu0Kkyc,2021-01-08,19,72,60,20,15,3
BF,Burkina Faso,,,,,,ChIJm3Cm1SbKLQ4Rq22DRu0Kkyc,2021-01-09,15,63,64,19,12,3
BF,Burkina Faso,,,,,,ChIJm3Cm1SbKLQ4Rq22DRu0Kkyc,2021-01-10,19,50,53,23,3,2
BF,Burkina Faso,,,,,,ChIJm3Cm1SbKLQ4Rq22DRu0Kkyc,2021-01-11,20,66,59,25,12,4
BF,Burkina Faso,,,,,,ChIJm3Cm1SbKLQ4Rq22DRu0Kkyc,2021-01-12,18,67,51,23,10,3
BF,Burkina Faso,,,,,,ChIJm3Cm1SbKLQ4Rq22DRu0Kkyc,2021-01-13,13,62,54,16,7,3
BF,Burkina Faso,,,,,,ChIJm3Cm1SbKLQ4Rq22DRu0Kkyc,2021-01-14,14,55,49,15,6,3
BF,Burkina Faso,,,,,,ChIJm3Cm1SbKLQ4Rq22DRu0Kkyc,2021-01-15,14,53,56,10,7,2
BF,Burkina Faso,,,,,,ChIJm3Cm1SbKLQ4Rq22DRu0Kkyc,2021-01-16,7,44,60,4,2,3
BF,Burkina Faso,,,,,,ChIJm3Cm1SbKLQ4Rq22DRu0Kkyc,2021-01-17,12,39,45,12,-4,4
BF,Burkina Faso,,,,,,ChIJm3Cm1SbKLQ4Rq22DRu0Kkyc,2021-01-18,13,56,49,13,5,5
BF,Burkina Faso,,,,,,ChIJm3Cm1SbKLQ4Rq22DRu0Kkyc,2021-01-19,12,54,46,12,5,4
BF,Burkina Faso,,,,,,ChIJm3Cm1SbKLQ4Rq22DRu0Kkyc,2021-01-20,10,55,56,11,4,5
BF,Burkina Faso,,,,,,ChIJm3Cm1SbKLQ4Rq22DRu0Kkyc,2021-01-21,14,55,45,15,7,4
BF,Burkina Faso,,,,,,ChIJm3Cm1SbKLQ4Rq22DRu0Kkyc,2021-01-22,17,58,63,11,11,4
BF,Burkina Faso,,,,,,ChIJm3Cm1SbKLQ4Rq22DRu0Kkyc,2021-01-23,14,53,72,10,8,4
BF,Burkina Faso,,,,,,ChIJm3Cm1SbKLQ4Rq22DRu0Kkyc,2021-01-24,16,43,56,14,0,4
BF,Burkina Faso,,,,,,ChIJm3Cm1SbKLQ4Rq22DRu0Kkyc,2021-01-25,18,62,66,18,10,4
BF,Burkina Faso,,,,,,ChIJm3Cm1SbKLQ4Rq22DRu0Kkyc,2021-01-26,17,64,57,18,10,4
BF,Burkina Faso,,,,,,ChIJm3Cm1SbKLQ4Rq22DRu0Kkyc,2021-01-27,16,62,68,14,9,5
BF,Burkina Faso,,,,,,ChIJm3Cm1SbKLQ4Rq22DRu0Kkyc,2021-01-28,19,60,52,20,9,3
BF,Burkina Faso,,,,,,ChIJm3Cm1SbKLQ4Rq22DRu0Kkyc,2021-01-29,23,69,54,17,10,-1
BF,Burkina Faso,,,,,,ChIJm3Cm1SbKLQ4Rq22DRu0Kkyc,2021-01-30,17,65,61,17,4,-3
BF,Burkina Faso,,,,,,ChIJm3Cm1SbKLQ4Rq22DRu0Kkyc,2021-01-31,18,58,41,22,-6,-3
BF,Burkina Faso,,,,,,ChIJm3Cm1SbKLQ4Rq22DRu0Kkyc,2021-02-01,16,70,49,19,8,-1
BF,Burkina Faso,,,,,,ChIJm3Cm1SbKLQ4Rq22DRu0Kkyc,2021-02-02,16,76,53,18,9,-2
BF,Burkina Faso,,,,,,ChIJm3Cm1SbKLQ4Rq22DRu0Kkyc,2021-02-03,12,71,61,10,4,0
BF,Burkina Faso,,,,,,ChIJm3Cm1SbKLQ4Rq22DRu0Kkyc,2021-02-04,12,69,47,12,4,-1
BF,Burkina Faso,,,,,,ChIJm3Cm1SbKLQ4Rq22DRu0Kkyc,2021-02-05,17,70,55,15,7,-3
BF,Burkina Faso,,,,,,ChIJm3Cm1SbKLQ4Rq22DRu0Kkyc,2021-02-06,12,61,69,15,2,-2
BF,Burkina Faso,,,,,,ChIJm3Cm1SbKLQ4Rq22DRu0Kkyc,2021-02-07,11,54,55,17,-13,-1
BF,Burkina Faso,,,,,,ChIJm3Cm1SbKLQ4Rq22DRu0Kkyc,2021-02-08,13,71,54,16,4,0
BF,Burkina Faso,,,,,,ChIJm3Cm1SbKLQ4Rq22DRu0Kkyc,2021-02-09,15,77,54,18,6,-1
BF,Burkina Faso,,,,,,ChIJm3Cm1SbKLQ4Rq22DRu0Kkyc,2021-02-10,11,71,52,15,4,-1
BF,Burkina Faso,,,,,,ChIJm3Cm1SbKLQ4Rq22DRu0Kkyc,2021-02-11,15,62,33,20,6,-1
BF,Burkina Faso,,,,,,ChIJm3Cm1SbKLQ4Rq22DRu0Kkyc,2021-02-12,17,63,42,14,7,-3
BF,Burkina Faso,,,,,,ChIJm3Cm1SbKLQ4Rq22DRu0Kkyc,2021-02-13,14,53,52,12,2,-2
BF,Burkina Faso,,,,,,ChIJm3Cm1SbKLQ4Rq22DRu0Kkyc,2021-02-14,24,51,50,17,-10,-4
BF,Burkina Faso,,,,,,ChIJm3Cm1SbKLQ4Rq22DRu0Kkyc,2021-02-15,14,63,36,12,3,-2
BF,Burkina Faso,,,,,,ChIJm3Cm1SbKLQ4Rq22DRu0Kkyc,2021-02-16,14,63,39,10,4,-2
BF,Burkina Faso,,,,,,ChIJm3Cm1SbKLQ4Rq22DRu0Kkyc,2021-02-17,8,61,39,7,3,-3
BF,Burkina Faso,,,,,,ChIJm3Cm1SbKLQ4Rq22DRu0Kkyc,2021-02-18,13,60,30,10,6,-1
BF,Burkina Faso,,,,,,ChIJm3Cm1SbKLQ4Rq22DRu0Kkyc,2021-02-19,12,62,41,8,9,-2
BF,Burkina Faso,,,,,,ChIJm3Cm1SbKLQ4Rq22DRu0Kkyc,2021-02-20,12,56,43,3,4,-2
BF,Burkina Faso,,,,,,ChIJm3Cm1SbKLQ4Rq22DRu0Kkyc,2021-02-21,13,46,37,5,-10,-1
BF,Burkina Faso,,,,,,ChIJm3Cm1SbKLQ4Rq22DRu0Kkyc,2021-02-22,14,67,40,7,6,-1
BF,Burkina Faso,,,,,,ChIJm3Cm1SbKLQ4Rq22DRu0Kkyc,2021-02-23,16,71,37,12,7,-2
BF,Burkina Faso,,,,,,ChIJm3Cm1SbKLQ4Rq22DRu0Kkyc,2021-02-24,14,67,45,12,5,-2
BF,Burkina Faso,,,,,,ChIJm3Cm1SbKLQ4Rq22DRu0Kkyc,2021-02-25,16,68,29,13,8,-2
BF,Burkina Faso,,,,,,ChIJm3Cm1SbKLQ4Rq22DRu0Kkyc,2021-02-26,18,69,44,16,11,-3
BF,Burkina Faso,,,,,,ChIJm3Cm1SbKLQ4Rq22DRu0Kkyc,2021-02-27,18,66,59,12,8,-3
BF,Burkina Faso,,,,,,ChIJm3Cm1SbKLQ4Rq22DRu0Kkyc,2021-02-28,20,55,52,17,-8,-4
BF,Burkina Faso,,,,,,ChIJm3Cm1SbKLQ4Rq22DRu0Kkyc,2021-03-01,20,74,50,19,8,-3
BF,Burkina Faso,,,,,,ChIJm3Cm1SbKLQ4Rq22DRu0Kkyc,2021-03-02,19,74,49,16,9,-3
BF,Burkina Faso,,,,,,ChIJm3Cm1SbKLQ4Rq22DRu0Kkyc,2021-03-03,16,71,48,13,6,-2
BF,Burkina Faso,,,,,,ChIJm3Cm1SbKLQ4Rq22DRu0Kkyc,2021-03-04,19,67,37,16,8,-3
BF,Burkina Faso,,,,,,ChIJm3Cm1SbKLQ4Rq22DRu0Kkyc,2021-03-05,22,72,50,20,11,-4
BF,Burkina Faso,,,,,,ChIJm3Cm1SbKLQ4Rq22DRu0Kkyc,2021-03-06,21,65,64,14,4,-4
BF,Burkina Faso,,,,,,ChIJm3Cm1SbKLQ4Rq22DRu0Kkyc,2021-03-07,28,55,60,17,-9,-4
BF,Burkina Faso,,,,,,ChIJm3Cm1SbKLQ4Rq22DRu0Kkyc,2021-03-08,20,55,51,13,-48,8
BF,Burkina Faso,,,,,,ChIJm3Cm1SbKLQ4Rq22DRu0Kkyc,2021-03-09,16,73,43,17,10,-4
BF,Burkina Faso,,,,,,ChIJm3Cm1SbKLQ4Rq22DRu0Kkyc,2021-03-10,14,72,49,13,7,-2
BF,Burkina Faso,,,,,,ChIJm3Cm1SbKLQ4Rq22DRu0Kkyc,2021-03-11,17,66,34,15,9,-2
BF,Burkina Faso,,,,,,ChIJm3Cm1SbKLQ4Rq22DRu0Kkyc,2021-03-12,17,69,40,16,12,-3
BF,Burkina Faso,,,,,,ChIJm3Cm1SbKLQ4Rq22DRu0Kkyc,2021-03-13,20,66,56,12,9,-3
BF,Burkina Faso,,,,,,ChIJm3Cm1SbKLQ4Rq22DRu0Kkyc,2021-03-14,20,54,47,20,-7,-3
BF,Burkina Faso,,,,,,ChIJm3Cm1SbKLQ4Rq22DRu0Kkyc,2021-03-15,18,77,45,24,9,-2
BF,Burkina Faso,,,,,,ChIJm3Cm1SbKLQ4Rq22DRu0Kkyc,2021-03-16,18,76,45,21,10,-3
BF,Burkina Faso,,,,,,ChIJm3Cm1SbKLQ4Rq22DRu0Kkyc,2021-03-17,15,70,52,21,8,-2
BF,Burkina Faso,,,,,,ChIJm3Cm1SbKLQ4Rq22DRu0Kkyc,2021-03-18,19,71,35,23,11,-2
BF,Burkina Faso,,,,,,ChIJm3Cm1SbKLQ4Rq22DRu0Kkyc,2021-03-19,21,74,44,20,14,-4
BF,Burkina Faso,,,,,,ChIJm3Cm1SbKLQ4Rq22DRu0Kkyc,2021-03-20,20,65,62,19,8,-4
BF,Burkina Faso,,,,,,ChIJm3Cm1SbKLQ4Rq22DRu0Kkyc,2021-03-21,19,54,51,22,-7,-3
BF,Burkina Faso,,,,,,ChIJm3Cm1SbKLQ4Rq22DRu0Kkyc,2021-03-22,18,74,47,20,10,-2
BF,Burkina Faso,,,,,,ChIJm3Cm1SbKLQ4Rq22DRu0Kkyc,2021-03-23,18,76,44,23,10,-3
BF,Burkina Faso,,,,,,ChIJm3Cm1SbKLQ4Rq22DRu0Kkyc,2021-03-24,19,79,59,25,7,-3
BF,Burkina Faso,,,,,,ChIJm3Cm1SbKLQ4Rq22DRu0Kkyc,2021-03-25,23,75,57,29,10,-3
BF,Burkina Faso,,,,,,ChIJm3Cm1SbKLQ4Rq22DRu0Kkyc,2021-03-26,25,80,67,29,12,-5
BF,Burkina Faso,,,,,,ChIJm3Cm1SbKLQ4Rq22DRu0Kkyc,2021-03-27,24,73,90,23,4,-5
BF,Burkina Faso,,,,,,ChIJm3Cm1SbKLQ4Rq22DRu0Kkyc,2021-03-28,25,60,76,35,-8,-5
BF,Burkina Faso,,,,,,ChIJm3Cm1SbKLQ4Rq22DRu0Kkyc,2021-03-29,24,84,54,32,9,-3
BF,Burkina Faso,,,,,,ChIJm3Cm1SbKLQ4Rq22DRu0Kkyc,2021-03-30,22,88,51,29,10,-2
BF,Burkina Faso,,,,,,ChIJm3Cm1SbKLQ4Rq22DRu0Kkyc,2021-03-31,20,87,55,27,7,-2
BF,Burkina Faso,,,,,,ChIJm3Cm1SbKLQ4Rq22DRu0Kkyc,2021-04-01,26,81,51,41,10,-3
BF,Burkina Faso,,,,,,ChIJm3Cm1SbKLQ4Rq22DRu0Kkyc,2021-04-02,30,90,57,43,12,-5
BF,Burkina Faso,,,,,,ChIJm3Cm1SbKLQ4Rq22DRu0Kkyc,2021-04-03,27,91,78,46,-1,-3
BF,Burkina Faso,,,,,,ChIJm3Cm1SbKLQ4Rq22DRu0Kkyc,2021-04-04,29,66,63,25,-19,-4
BF,Burkina Faso,Boucle du Mouhoun Region,,,BF-01,,ChIJ7yOi7H86MQ4RGtjZ6GP0AXI,2021-01-01,,,,,-56,
BF,Burkina Faso,Boucle du Mouhoun Region,,,BF-01,,ChIJ7yOi7H86MQ4RGtjZ6GP0AXI,2021-01-04,,,,,-45,
BF,Burkina Faso,Boucle du Mouhoun Region,,,BF-01,,ChIJ7yOi7H86MQ4RGtjZ6GP0AXI,2021-02-15,,,,,-34,
BF,Burkina Faso,Boucle du Mouhoun Region,,,BF-01,,ChIJ7yOi7H86MQ4RGtjZ6GP0AXI,2021-02-17,,,,,-34,
BF,Burkina Faso,Boucle du Mouhoun Region,,,BF-01,,ChIJ7yOi7H86MQ4RGtjZ6GP0AXI,2021-02-23,,,,,-37,
BF,Burkina Faso,Boucle du Mouhoun Region,,,BF-01,,ChIJ7yOi7H86MQ4RGtjZ6GP0AXI,2021-03-03,,,,,-39,
BF,Burkina Faso,Boucle du Mouhoun Region,,,BF-01,,ChIJ7yOi7H86MQ4RGtjZ6GP0AXI,2021-03-04,,,,,-36,
BF,Burkina Faso,Boucle du Mouhoun Region,,,BF-01,,ChIJ7yOi7H86MQ4RGtjZ6GP0AXI,2021-03-08,,,,,-50,
BF,Burkina Faso,Boucle du Mouhoun Region,,,BF-01,,ChIJ7yOi7H86MQ4RGtjZ6GP0AXI,2021-03-10,,,,,-34,
BF,Burkina Faso,Boucle du Mouhoun Region,,,BF-01,,ChIJ7yOi7H86MQ4RGtjZ6GP0AXI,2021-03-18,,,,,-35,
BF,Burkina Faso,Centre Region,,,BF-03,,ChIJ0yX8w7q-Lg4RZOb7BimB9qo,2021-01-01,5,52,,-13,-72,18
BF,Burkina Faso,Centre Region,,,BF-03,,ChIJ0yX8w7q-Lg4RZOb7BimB9qo,2021-01-02,7,64,,12,-16,13
BF,Burkina Faso,Centre Region,,,BF-03,,ChIJ0yX8w7q-Lg4RZOb7BimB9qo,2021-01-03,23,73,,36,3,3
BF,Burkina Faso,Centre Region,,,BF-03,,ChIJ0yX8w7q-Lg4RZOb7BimB9qo,2021-01-04,7,77,,31,-46,16
BF,Burkina Faso,Centre Region,,,BF-03,,ChIJ0yX8w7q-Lg4RZOb7BimB9qo,2021-01-05,17,89,,30,15,4
BF,Burkina Faso,Centre Region,,,BF-03,,ChIJ0yX8w7q-Lg4RZOb7BimB9qo,2021-01-06,16,82,,22,14,7
BF,Burkina Faso,Centre Region,,,BF-03,,ChIJ0yX8w7q-Lg4RZOb7BimB9qo,2021-01-07,16,82,,28,14,6
BF,Burkina Faso,Centre Region,,,BF-03,,ChIJ0yX8w7q-Lg4RZOb7BimB9qo,2021-01-08,19,78,,19,17,4
BF,Burkina Faso,Centre Region,,,BF-03,,ChIJ0yX8w7q-Lg4RZOb7BimB9qo,2021-01-09,18,67,,18,16,3
BF,Burkina Faso,Centre Region,,,BF-03,,ChIJ0yX8w7q-Lg4RZOb7BimB9qo,2021-01-10,20,55,,20,9,3
BF,Burkina Faso,Centre Region,,,BF-03,,ChIJ0yX8w7q-Lg4RZOb7BimB9qo,2021-01-11,22,73,,22,15,4
BF,Burkina Faso,Centre Region,,,BF-03,,ChIJ0yX8w7q-Lg4RZOb7BimB9qo,2021-01-12,20,73,,21,14,3
BF,Burkina Faso,Centre Region,,,BF-03,,ChIJ0yX8w7q-Lg4RZOb7BimB9qo,2021-01-13,15,68,,12,11,3
BF,Burkina Faso,Centre Region,,,BF-03,,ChIJ0yX8w7q-Lg4RZOb7BimB9qo,2021-01-14,13,63,,18,8,3
BF,Burkina Faso,Centre Region,,,BF-03,,ChIJ0yX8w7q-Lg4RZOb7BimB9qo,2021-01-15,13,60,,8,9,2
BF,Burkina Faso,Centre Region,,,BF-03,,ChIJ0yX8w7q-Lg4RZOb7BimB9qo,2021-01-16,9,48,,1,4,3
BF,Burkina Faso,Centre Region,,,BF-03,,ChIJ0yX8w7q-Lg4RZOb7BimB9qo,2021-01-17,13,47,65,10,1,4
BF,Burkina Faso,Centre Region,,,BF-03,,ChIJ0yX8w7q-Lg4RZOb7BimB9qo,2021-01-18,13,63,,12,6,4
BF,Burkina Faso,Centre Region,,,BF-03,,ChIJ0yX8w7q-Lg4RZOb7BimB9qo,2021-01-19,12,59,,12,7,3
BF,Burkina Faso,Centre Region,,,BF-03,,ChIJ0yX8w7q-Lg4RZOb7BimB9qo,2021-01-20,11,59,,6,8,5
BF,Burkina Faso,Centre Region,,,BF-03,,ChIJ0yX8w7q-Lg4RZOb7BimB9qo,2021-01-21,11,61,62,14,8,4
BF,Burkina Faso,Centre Region,,,BF-03,,ChIJ0yX8w7q-Lg4RZOb7BimB9qo,2021-01-22,15,63,,8,12,4
BF,Burkina Faso,Centre Region,,,BF-03,,ChIJ0yX8w7q-Lg4RZOb7BimB9qo,2021-01-23,15,56,,5,10,4
BF,Burkina Faso,Centre Region,,,BF-03,,ChIJ0yX8w7q-Lg4RZOb7BimB9qo,2021-01-24,15,47,,10,5,4
BF,Burkina Faso,Centre Region,,,BF-03,,ChIJ0yX8w7q-Lg4RZOb7BimB9qo,2021-01-25,17,69,,14,12,4
BF,Burkina Faso,Centre Region,,,BF-03,,ChIJ0yX8w7q-Lg4RZOb7BimB9qo,2021-01-26,18,69,,15,13,4
BF,Burkina Faso,Centre Region,,,BF-03,,ChIJ0yX8w7q-Lg4RZOb7BimB9qo,2021-01-27,17,67,,9,13,5
BF,Burkina Faso,Centre Region,,,BF-03,,ChIJ0yX8w7q-Lg4RZOb7BimB9qo,2021-01-28,18,68,,19,12,3
BF,Burkina Faso,Centre Region,,,BF-03,,ChIJ0yX8w7q-Lg4RZOb7BimB9qo,2021-01-29,22,79,,12,13,-1
BF,Burkina Faso,Centre Region,,,BF-03,,ChIJ0yX8w7q-Lg4RZOb7BimB9qo,2021-01-30,19,72,,12,8,-3
BF,Burkina Faso,Centre Region,,,BF-03,,ChIJ0yX8w7q-Lg4RZOb7BimB9qo,2021-01-31,19,68,,16,1,-3
BF,Burkina Faso,Centre Region,,,BF-03,,ChIJ0yX8w7q-Lg4RZOb7BimB9qo,2021-02-01,16,83,,14,11,-1
BF,Burkina Faso,Centre Region,,,BF-03,,ChIJ0yX8w7q-Lg4RZOb7BimB9qo,2021-02-02,18,86,,12,14,-2
BF,Burkina Faso,Centre Region,,,BF-03,,ChIJ0yX8w7q-Lg4RZOb7BimB9qo,2021-02-03,15,81,,1,9,0
BF,Burkina Faso,Centre Region,,,BF-03,,ChIJ0yX8w7q-Lg4RZOb7BimB9qo,2021-02-04,12,80,,10,8,-2
BF,Burkina Faso,Centre Region,,,BF-03,,ChIJ0yX8w7q-Lg4RZOb7BimB9qo,2021-02-05,18,79,,9,10,-3
BF,Burkina Faso,Centre Region,,,BF-03,,ChIJ0yX8w7q-Lg4RZOb7BimB9qo,2021-02-06,15,68,,9,6,-2
BF,Burkina Faso,Centre Region,,,BF-03,,ChIJ0yX8w7q-Lg4RZOb7BimB9qo,2021-02-07,13,64,,11,-5,-1
BF,Burkina Faso,Centre Region,,,BF-03,,ChIJ0yX8w7q-Lg4RZOb7BimB9qo,2021-02-08,15,82,,11,7,-1
BF,Burkina Faso,Centre Region,,,BF-03,,ChIJ0yX8w7q-Lg4RZOb7BimB9qo,2021-02-09,18,86,,15,11,-2
BF,Burkina Faso,Centre Region,,,BF-03,,ChIJ0yX8w7q-Lg4RZOb7BimB9qo,2021-02-10,14,80,,7,10,-1
BF,Burkina Faso,Centre Region,,,BF-03,,ChIJ0yX8w7q-Lg4RZOb7BimB9qo,2021-02-11,16,73,,17,10,-2
BF,Burkina Faso,Centre Region,,,BF-03,,ChIJ0yX8w7q-Lg4RZOb7BimB9qo,2021-02-12,19,73,,5,12,-3
BF,Burkina Faso,Centre Region,,,BF-03,,ChIJ0yX8w7q-Lg4RZOb7BimB9qo,2021-02-13,20,59,,4,8,-3
BF,Burkina Faso,Centre Region,,,BF-03,,ChIJ0yX8w7q-Lg4RZOb7BimB9qo,2021-02-14,29,60,,5,-3,-4
BF,Burkina Faso,Centre Region,,,BF-03,,ChIJ0yX8w7q-Lg4RZOb7BimB9qo,2021-02-15,17,74,,3,7,-3
BF,Burkina Faso,Centre Region,,,BF-03,,ChIJ0yX8w7q-Lg4RZOb7BimB9qo,2021-02-16,18,72,,1,9,-2
BF,Burkina Faso,Centre Region,,,BF-03,,ChIJ0yX8w7q-Lg4RZOb7BimB9qo,2021-02-17,11,67,,-1,8,-3
BF,Burkina Faso,Centre Region,,,BF-03,,ChIJ0yX8w7q-Lg4RZOb7BimB9qo,2021-02-18,13,71,,2,9,-1
BF,Burkina Faso,Centre Region,,,BF-03,,ChIJ0yX8w7q-Lg4RZOb7BimB9qo,2021-02-19,14,70,,2,12,-2
BF,Burkina Faso,Centre Region,,,BF-03,,ChIJ0yX8w7q-Lg4RZOb7BimB9qo,2021-02-20,17,63,,-5,10,-1
BF,Burkina Faso,Centre Region,,,BF-03,,ChIJ0yX8w7q-Lg4RZOb7BimB9qo,2021-02-21,17,54,,-3,-3,-2
BF,Burkina Faso,Centre Region,,,BF-03,,ChIJ0yX8w7q-Lg4RZOb7BimB9qo,2021-02-22,17,77,,1,10,-1
BF,Burkina Faso,Centre Region,,,BF-03,,ChIJ0yX8w7q-Lg4RZOb7BimB9qo,2021-02-23,20,78,,6,12,-2
BF,Burkina Faso,Centre Region,,,BF-03,,ChIJ0yX8w7q-Lg4RZOb7BimB9qo,2021-02-24,18,73,,3,10,-1
BF,Burkina Faso,Centre Region,,,BF-03,,ChIJ0yX8w7q-Lg4RZOb7BimB9qo,2021-02-25,17,76,,9,11,-2
BF,Burkina Faso,Centre Region,,,BF-03,,ChIJ0yX8w7q-Lg4RZOb7BimB9qo,2021-02-26,18,74,,7,14,-3
BF,Burkina Faso,Centre Region,,,BF-03,,ChIJ0yX8w7q-Lg4RZOb7BimB9qo,2021-02-27,24,71,,6,13,-3
BF,Burkina Faso,Centre Region,,,BF-03,,ChIJ0yX8w7q-Lg4RZOb7BimB9qo,2021-02-28,25,62,,9,-2,-4
BF,Burkina Faso,Centre Region,,,BF-03,,ChIJ0yX8w7q-Lg4RZOb7BimB9qo,2021-03-01,24,83,,10,12,-3
BF,Burkina Faso,Centre Region,,,BF-03,,ChIJ0yX8w7q-Lg4RZOb7BimB9qo,2021-03-02,23,81,,7,13,-4
BF,Burkina Faso,Centre Region,,,BF-03,,ChIJ0yX8w7q-Lg4RZOb7BimB9qo,2021-03-03,21,76,,3,12,-2
BF,Burkina Faso,Centre Region,,,BF-03,,ChIJ0yX8w7q-Lg4RZOb7BimB9qo,2021-03-04,19,76,,9,13,-2
BF,Burkina Faso,Centre Region,,,BF-03,,ChIJ0yX8w7q-Lg4RZOb7BimB9qo,2021-03-05,24,80,,9,15,-4
BF,Burkina Faso,Centre Region,,,BF-03,,ChIJ0yX8w7q-Lg4RZOb7BimB9qo,2021-03-06,27,69,,2,10,-4
BF,Burkina Faso,Centre Region,,,BF-03,,ChIJ0yX8w7q-Lg4RZOb7BimB9qo,2021-03-07,33,64,,6,-3,-5
BF,Burkina Faso,Centre Region,,,BF-03,,ChIJ0yX8w7q-Lg4RZOb7BimB9qo,2021-03-08,25,65,,2,-52,8
BF,Burkina Faso,Centre Region,,,BF-03,,ChIJ0yX8w7q-Lg4RZOb7BimB9qo,2021-03-09,22,81,,9,15,-5
BF,Burkina Faso,Centre Region,,,BF-03,,ChIJ0yX8w7q-Lg4RZOb7BimB9qo,2021-03-10,19,81,,3,12,-3
BF,Burkina Faso,Centre Region,,,BF-03,,ChIJ0yX8w7q-Lg4RZOb7BimB9qo,2021-03-11,19,77,,5,13,-2
BF,Burkina Faso,Centre Region,,,BF-03,,ChIJ0yX8w7q-Lg4RZOb7BimB9qo,2021-03-12,20,78,,2,15,-3
BF,Burkina Faso,Centre Region,,,BF-03,,ChIJ0yX8w7q-Lg4RZOb7BimB9qo,2021-03-13,26,72,,-1,15,-3
BF,Burkina Faso,Centre Region,,,BF-03,,ChIJ0yX8w7q-Lg4RZOb7BimB9qo,2021-03-14,23,61,,3,-1,-3
BF,Burkina Faso,Centre Region,,,BF-03,,ChIJ0yX8w7q-Lg4RZOb7BimB9qo,2021-03-15,22,88,,8,13,-2
BF,Burkina Faso,Centre Region,,,BF-03,,ChIJ0yX8w7q-Lg4RZOb7BimB9qo,2021-03-16,22,86,,6,15,-3
BF,Burkina Faso,Centre Region,,,BF-03,,ChIJ0yX8w7q-Lg4RZOb7BimB9qo,2021-03-17,21,78,,4,14,-2
BF,Burkina Faso,Centre Region,,,BF-03,,ChIJ0yX8w7q-Lg4RZOb7BimB9qo,2021-03-18,20,80,,9,15,-1
BF,Burkina Faso,Centre Region,,,BF-03,,ChIJ0yX8w7q-Lg4RZOb7BimB9qo,2021-03-19,23,80,,4,17,-4
BF,Burkina Faso,Centre Region,,,BF-03,,ChIJ0yX8w7q-Lg4RZOb7BimB9qo,2021-03-20,27,70,,3,14,-4
BF,Burkina Faso,Centre Region,,,BF-03,,ChIJ0yX8w7q-Lg4RZOb7BimB9qo,2021-03-21,26,63,,5,0,-3
BF,Burkina Faso,Centre Region,,,BF-03,,ChIJ0yX8w7q-Lg4RZOb7BimB9qo,2021-03-22,22,83,,6,14,-3
BF,Burkina Faso,Centre Region,,,BF-03,,ChIJ0yX8w7q-Lg4RZOb7BimB9qo,2021-03-23,23,83,,8,15,-3
BF,Burkina Faso,Centre Region,,,BF-03,,ChIJ0yX8w7q-Lg4RZOb7BimB9qo,2021-03-24,23,85,,6,13,-2
BF,Burkina Faso,Centre Region,,,BF-03,,ChIJ0yX8w7q-Lg4RZOb7BimB9qo,2021-03-25,23,83,,13,14,-3
BF,Burkina Faso,Centre Region,,,BF-03,,ChIJ0yX8w7q-Lg4RZOb7BimB9qo,2021-03-26,26,87,,11,15,-4
BF,Burkina Faso,Centre Region,,,BF-03,,ChIJ0yX8w7q-Lg4RZOb7BimB9qo,2021-03-27,28,78,,3,8,-5
BF,Burkina Faso,Centre Region,,,BF-03,,ChIJ0yX8w7q-Lg4RZOb7BimB9qo,2021-03-28,28,66,,12,-1,-5
BF,Burkina Faso,Centre Region,,,BF-03,,ChIJ0yX8w7q-Lg4RZOb7BimB9qo,2021-03-29,28,95,,14,13,-3
BF,Burkina Faso,Centre Region,,,BF-03,,ChIJ0yX8w7q-Lg4RZOb7BimB9qo,2021-03-30,26,95,,13,16,-3
BF,Burkina Faso,Centre Region,,,BF-03,,ChIJ0yX8w7q-Lg4RZOb7BimB9qo,2021-03-31,26,95,,10,12,-2
BF,Burkina Faso,Centre Region,,,BF-03,,ChIJ0yX8w7q-Lg4RZOb7BimB9qo,2021-04-01,28,89,,27,14,-3
BF,Burkina Faso,Centre Region,,,BF-03,,ChIJ0yX8w7q-Lg4RZOb7BimB9qo,2021-04-02,33,96,,28,15,-4
BF,Burkina Faso,Centre Region,,,BF-03,,ChIJ0yX8w7q-Lg4RZOb7BimB9qo,2021-04-03,34,96,,29,3,-3
BF,Burkina Faso,Centre Region,,,BF-03,,ChIJ0yX8w7q-Lg4RZOb7BimB9qo,2021-04-04,33,73,,6,-14,-4
BF,Burkina Faso,Centre-Est Region,,,BF-04,,ChIJtQR3Pj4NKg4R6vIf-cbz4vg,2021-01-01,,,,,-46,
BF,Burkina Faso,Centre-Est Region,,,BF-04,,ChIJtQR3Pj4NKg4R6vIf-cbz4vg,2021-01-04,,,,,-39,
BF,Burkina Faso,Centre-Est Region,,,BF-04,,ChIJtQR3Pj4NKg4R6vIf-cbz4vg,2021-01-05,,,,,-26,
BF,Burkina Faso,Centre-Est Region,,,BF-04,,ChIJtQR3Pj4NKg4R6vIf-cbz4vg,2021-01-06,,,,,-28,
BF,Burkina Faso,Centre-Est Region,,,BF-04,,ChIJtQR3Pj4NKg4R6vIf-cbz4vg,2021-01-07,,,,,-25,
BF,Burkina Faso,Centre-Est Region,,,BF-04,,ChIJtQR3Pj4NKg4R6vIf-cbz4vg,2021-01-08,,,,,-20,
BF,Burkina Faso,Centre-Est Region,,,BF-04,,ChIJtQR3Pj4NKg4R6vIf-cbz4vg,2021-01-11,,,,,-21,
BF,Burkina Faso,Centre-Est Region,,,BF-04,,ChIJtQR3Pj4NKg4R6vIf-cbz4vg,2021-01-12,,,,,-21,
BF,Burkina Faso,Centre-Est Region,,,BF-04,,ChIJtQR3Pj4NKg4R6vIf-cbz4vg,2021-01-13,,,,,-32,
BF,Burkina Faso,Centre-Est Region,,,BF-04,,ChIJtQR3Pj4NKg4R6vIf-cbz4vg,2021-01-14,,,,,-17,
BF,Burkina Faso,Centre-Est Region,,,BF-04,,ChIJtQR3Pj4NKg4R6vIf-cbz4vg,2021-01-15,,,,,-19,
BF,Burkina Faso,Centre-Est Region,,,BF-04,,ChIJtQR3Pj4NKg4R6vIf-cbz4vg,2021-01-16,,,,,-20,
BF,Burkina Faso,Centre-Est Region,,,BF-04,,ChIJtQR3Pj4NKg4R6vIf-cbz4vg,2021-01-18,,,,,-17,
BF,Burkina Faso,Centre-Est Region,,,BF-04,,ChIJtQR3Pj4NKg4R6vIf-cbz4vg,2021-01-19,,,,,-20,
BF,Burkina Faso,Centre-Est Region,,,BF-04,,ChIJtQR3Pj4NKg4R6vIf-cbz4vg,2021-01-20,,,,,-20,
BF,Burkina Faso,Centre-Est Region,,,BF-04,,ChIJtQR3Pj4NKg4R6vIf-cbz4vg,2021-01-21,,,,,-19,
BF,Burkina Faso,Centre-Est Region,,,BF-04,,ChIJtQR3Pj4NKg4R6vIf-cbz4vg,2021-01-22,,,,,-16,
BF,Burkina Faso,Centre-Est Region,,,BF-04,,ChIJtQR3Pj4NKg4R6vIf-cbz4vg,2021-01-25,,,,,-21,
BF,Burkina Faso,Centre-Est Region,,,BF-04,,ChIJtQR3Pj4NKg4R6vIf-cbz4vg,2021-01-26,,,,,-14,
BF,Burkina Faso,Centre-Est Region,,,BF-04,,ChIJtQR3Pj4NKg4R6vIf-cbz4vg,2021-01-27,,,,,-16,
BF,Burkina Faso,Centre-Est Region,,,BF-04,,ChIJtQR3Pj4NKg4R6vIf-cbz4vg,2021-01-28,,,,,-18,
BF,Burkina Faso,Centre-Est Region,,,BF-04,,ChIJtQR3Pj4NKg4R6vIf-cbz4vg,2021-01-29,,,,,-25,
BF,Burkina Faso,Centre-Est Region,,,BF-04,,ChIJtQR3Pj4NKg4R6vIf-cbz4vg,2021-01-30,,,,,-30,
BF,Burkina Faso,Centre-Est Region,,,BF-04,,ChIJtQR3Pj4NKg4R6vIf-cbz4vg,2021-02-01,,,,,-28,
BF,Burkina Faso,Centre-Est Region,,,BF-04,,ChIJtQR3Pj4NKg4R6vIf-cbz4vg,2021-02-02,,,,,-25,
BF,Burkina Faso,Centre-Est Region,,,BF-04,,ChIJtQR3Pj4NKg4R6vIf-cbz4vg,2021-02-03,,,,,-32,
BF,Burkina Faso,Centre-Est Region,,,BF-04,,ChIJtQR3Pj4NKg4R6vIf-cbz4vg,2021-02-04,,,,,-28,
BF,Burkina Faso,Centre-Est Region,,,BF-04,,ChIJtQR3Pj4NKg4R6vIf-cbz4vg,2021-02-05,,,,,-28,
BF,Burkina Faso,Centre-Est Region,,,BF-04,,ChIJtQR3Pj4NKg4R6vIf-cbz4vg,2021-02-06,,,,,-29,
BF,Burkina Faso,Centre-Est Region,,,BF-04,,ChIJtQR3Pj4NKg4R6vIf-cbz4vg,2021-02-07,,,,,-41,
BF,Burkina Faso,Centre-Est Region,,,BF-04,,ChIJtQR3Pj4NKg4R6vIf-cbz4vg,2021-02-08,,,,,-36,
BF,Burkina Faso,Centre-Est Region,,,BF-04,,ChIJtQR3Pj4NKg4R6vIf-cbz4vg,2021-02-09,,,,,-28,
BF,Burkina Faso,Centre-Est Region,,,BF-04,,ChIJtQR3Pj4NKg4R6vIf-cbz4vg,2021-02-10,,,,,-34,
BF,Burkina Faso,Centre-Est Region,,,BF-04,,ChIJtQR3Pj4NKg4R6vIf-cbz4vg,2021-02-11,,,,,-28,
BF,Burkina Faso,Centre-Est Region,,,BF-04,,ChIJtQR3Pj4NKg4R6vIf-cbz4vg,2021-02-12,,,,,-34,
BF,Burkina Faso,Centre-Est Region,,,BF-04,,ChIJtQR3Pj4NKg4R6vIf-cbz4vg,2021-02-13,,,,,-37,
BF,Burkina Faso,Centre-Est Region,,,BF-04,,ChIJtQR3Pj4NKg4R6vIf-cbz4vg,2021-02-14,,,,,-41,
BF,Burkina Faso,Centre-Est Region,,,BF-04,,ChIJtQR3Pj4NKg4R6vIf-cbz4vg,2021-02-15,,,,,-37,
BF,Burkina Faso,Centre-Est Region,,,BF-04,,ChIJtQR3Pj4NKg4R6vIf-cbz4vg,2021-02-16,,,,,-35,
BF,Burkina Faso,Centre-Est Region,,,BF-04,,ChIJtQR3Pj4NKg4R6vIf-cbz4vg,2021-02-17,,,,,-37,
BF,Burkina Faso,Centre-Est Region,,,BF-04,,ChIJtQR3Pj4NKg4R6vIf-cbz4vg,2021-02-18,,,,,-35,
BF,Burkina Faso,Centre-Est Region,,,BF-04,,ChIJtQR3Pj4NKg4R6vIf-cbz4vg,2021-02-19,,,,,-38,
BF,Burkina Faso,Centre-Est Region,,,BF-04,,ChIJtQR3Pj4NKg4R6vIf-cbz4vg,2021-02-20,,,,,-38,
BF,Burkina Faso,Centre-Est Region,,,BF-04,,ChIJtQR3Pj4NKg4R6vIf-cbz4vg,2021-02-21,,,,,-41,
BF,Burkina Faso,Centre-Est Region,,,BF-04,,ChIJtQR3Pj4NKg4R6vIf-cbz4vg,2021-02-22,,,,,-35,
BF,Burkina Faso,Centre-Est Region,,,BF-04,,ChIJtQR3Pj4NKg4R6vIf-cbz4vg,2021-02-23,,,,,-30,
BF,Burkina Faso,Centre-Est Region,,,BF-04,,ChIJtQR3Pj4NKg4R6vIf-cbz4vg,2021-02-24,,,,,-36,
BF,Burkina Faso,Centre-Est Region,,,BF-04,,ChIJtQR3Pj4NKg4R6vIf-cbz4vg,2021-02-25,,,,,-37,
BF,Burkina Faso,Centre-Est Region,,,BF-04,,ChIJtQR3Pj4NKg4R6vIf-cbz4vg,2021-02-26,,,,,-33,
BF,Burkina Faso,Centre-Est Region,,,BF-04,,ChIJtQR3Pj4NKg4R6vIf-cbz4vg,2021-02-27,,,,,-34,
BF,Burkina Faso,Centre-Est Region,,,BF-04,,ChIJtQR3Pj4NKg4R6vIf-cbz4vg,2021-03-01,,,,,-38,
BF,Burkina Faso,Centre-Est Region,,,BF-04,,ChIJtQR3Pj4NKg4R6vIf-cbz4vg,2021-03-02,,,,,-39,
BF,Burkina Faso,Centre-Est Region,,,BF-04,,ChIJtQR3Pj4NKg4R6vIf-cbz4vg,2021-03-03,,,,,-40,
BF,Burkina Faso,Centre-Est Region,,,BF-04,,ChIJtQR3Pj4NKg4R6vIf-cbz4vg,2021-03-04,,,,,-37,
BF,Burkina Faso,Centre-Est Region,,,BF-04,,ChIJtQR3Pj4NKg4R6vIf-cbz4vg,2021-03-05,,,,,-37,
BF,Burkina Faso,Centre-Est Region,,,BF-04,,ChIJtQR3Pj4NKg4R6vIf-cbz4vg,2021-03-06,,,,,-37,
BF,Burkina Faso,Centre-Est Region,,,BF-04,,ChIJtQR3Pj4NKg4R6vIf-cbz4vg,2021-03-08,,,,,-54,
BF,Burkina Faso,Centre-Est Region,,,BF-04,,ChIJtQR3Pj4NKg4R6vIf-cbz4vg,2021-03-09,,,,,-33,
BF,Burkina Faso,Centre-Est Region,,,BF-04,,ChIJtQR3Pj4NKg4R6vIf-cbz4vg,2021-03-10,,,,,-35,
BF,Burkina Faso,Centre-Est Region,,,BF-04,,ChIJtQR3Pj4NKg4R6vIf-cbz4vg,2021-03-11,,,,,-34,
BF,Burkina Faso,Centre-Est Region,,,BF-04,,ChIJtQR3Pj4NKg4R6vIf-cbz4vg,2021-03-12,,,,,-32,
BF,Burkina Faso,Centre-Est Region,,,BF-04,,ChIJtQR3Pj4NKg4R6vIf-cbz4vg,2021-03-13,,,,,-34,
BF,Burkina Faso,Centre-Est Region,,,BF-04,,ChIJtQR3Pj4NKg4R6vIf-cbz4vg,2021-03-15,,,,,-39,
BF,Burkina Faso,Centre-Est Region,,,BF-04,,ChIJtQR3Pj4NKg4R6vIf-cbz4vg,2021-03-16,,,,,-40,
BF,Burkina Faso,Centre-Est Region,,,BF-04,,ChIJtQR3Pj4NKg4R6vIf-cbz4vg,2021-03-17,,,,,-35,
BF,Burkina Faso,Centre-Est Region,,,BF-04,,ChIJtQR3Pj4NKg4R6vIf-cbz4vg,2021-03-18,,,,,-38,
BF,Burkina Faso,Centre-Est Region,,,BF-04,,ChIJtQR3Pj4NKg4R6vIf-cbz4vg,2021-03-19,,,,,-29,
BF,Burkina Faso,Centre-Est Region,,,BF-04,,ChIJtQR3Pj4NKg4R6vIf-cbz4vg,2021-03-20,,,,,-35,
BF,Burkina Faso,Centre-Est Region,,,BF-04,,ChIJtQR3Pj4NKg4R6vIf-cbz4vg,2021-03-22,,,,,-35,
BF,Burkina Faso,Centre-Est Region,,,BF-04,,ChIJtQR3Pj4NKg4R6vIf-cbz4vg,2021-03-23,,,,,-31,
BF,Burkina Faso,Centre-Est Region,,,BF-04,,ChIJtQR3Pj4NKg4R6vIf-cbz4vg,2021-03-24,,,,,-39,
BF,Burkina Faso,Centre-Est Region,,,BF-04,,ChIJtQR3Pj4NKg4R6vIf-cbz4vg,2021-03-25,,,,,-35,
BF,Burkina Faso,Centre-Est Region,,,BF-04,,ChIJtQR3Pj4NKg4R6vIf-cbz4vg,2021-03-26,,,,,-30,
BF,Burkina Faso,Centre-Est Region,,,BF-04,,ChIJtQR3Pj4NKg4R6vIf-cbz4vg,2021-03-27,,,,,-27,
BF,Burkina Faso,Centre-Est Region,,,BF-04,,ChIJtQR3Pj4NKg4R6vIf-cbz4vg,2021-03-28,,,,,-40,
BF,Burkina Faso,Centre-Est Region,,,BF-04,,ChIJtQR3Pj4NKg4R6vIf-cbz4vg,2021-03-29,,,,,-31,
BF,Burkina Faso,Centre-Est Region,,,BF-04,,ChIJtQR3Pj4NKg4R6vIf-cbz4vg,2021-03-30,,,,,-31,
BF,Burkina Faso,Centre-Est Region,,,BF-04,,ChIJtQR3Pj4NKg4R6vIf-cbz4vg,2021-03-31,,,,,-31,
BF,Burkina Faso,Centre-Est Region,,,BF-04,,ChIJtQR3Pj4NKg4R6vIf-cbz4vg,2021-04-01,,,,,-32,
BF,Burkina Faso,Centre-Est Region,,,BF-04,,ChIJtQR3Pj4NKg4R6vIf-cbz4vg,2021-04-02,,,,,-30,
BF,Burkina Faso,Centre-Est Region,,,BF-04,,ChIJtQR3Pj4NKg4R6vIf-cbz4vg,2021-04-03,,,,,-36,
BF,Burkina Faso,Centre-Est Region,,,BF-04,,ChIJtQR3Pj4NKg4R6vIf-cbz4vg,2021-04-04,,,,,-43,
BF,Burkina Faso,Centre-Nord Region,,,BF-05,,ChIJE0A1GCe4KA4RWHRuu5efjCg,2021-03-08,,,,,-44,
BF,Burkina Faso,Centre-Ouest Region,,,BF-06,,ChIJI065StTdLQ4R4WyQ4d-wKxs,2021-01-01,,,,,-52,
BF,Burkina Faso,Centre-Ouest Region,,,BF-06,,ChIJI065StTdLQ4R4WyQ4d-wKxs,2021-01-04,,,,,-34,
BF,Burkina Faso,Centre-Ouest Region,,,BF-06,,ChIJI065StTdLQ4R4WyQ4d-wKxs,2021-01-05,,,,,-8,
BF,Burkina Faso,Centre-Ouest Region,,,BF-06,,ChIJI065StTdLQ4R4WyQ4d-wKxs,2021-01-06,,,,,5,
BF,Burkina Faso,Centre-Ouest Region,,,BF-06,,ChIJI065StTdLQ4R4WyQ4d-wKxs,2021-01-07,,,,,4,
BF,Burkina Faso,Centre-Ouest Region,,,BF-06,,ChIJI065StTdLQ4R4WyQ4d-wKxs,2021-01-08,,,,,12,
BF,Burkina Faso,Centre-Ouest Region,,,BF-06,,ChIJI065StTdLQ4R4WyQ4d-wKxs,2021-01-11,,,,,4,
BF,Burkina Faso,Centre-Ouest Region,,,BF-06,,ChIJI065StTdLQ4R4WyQ4d-wKxs,2021-01-12,,,,,3,
BF,Burkina Faso,Centre-Ouest Region,,,BF-06,,ChIJI065StTdLQ4R4WyQ4d-wKxs,2021-01-13,,,,,10,
BF,Burkina Faso,Centre-Ouest Region,,,BF-06,,ChIJI065StTdLQ4R4WyQ4d-wKxs,2021-01-14,,,,,-1,
BF,Burkina Faso,Centre-Ouest Region,,,BF-06,,ChIJI065StTdLQ4R4WyQ4d-wKxs,2021-01-15,,,,,-1,
BF,Burkina Faso,Centre-Ouest Region,,,BF-06,,ChIJI065StTdLQ4R4WyQ4d-wKxs,2021-01-18,,,,,3,
BF,Burkina Faso,Centre-Ouest Region,,,BF-06,,ChIJI065StTdLQ4R4WyQ4d-wKxs,2021-01-19,,,,,4,
BF,Burkina Faso,Centre-Ouest Region,,,BF-06,,ChIJI065StTdLQ4R4WyQ4d-wKxs,2021-01-20,,,,,3,
BF,Burkina Faso,Centre-Ouest Region,,,BF-06,,ChIJI065StTdLQ4R4WyQ4d-wKxs,2021-01-21,,,,,3,
BF,Burkina Faso,Centre-Ouest Region,,,BF-06,,ChIJI065StTdLQ4R4WyQ4d-wKxs,2021-01-22,,,,,9,
BF,Burkina Faso,Centre-Ouest Region,,,BF-06,,ChIJI065StTdLQ4R4WyQ4d-wKxs,2021-01-25,,,,,10,
BF,Burkina Faso,Centre-Ouest Region,,,BF-06,,ChIJI065StTdLQ4R4WyQ4d-wKxs,2021-01-26,,,,,-3,
BF,Burkina Faso,Centre-Ouest Region,,,BF-06,,ChIJI065StTdLQ4R4WyQ4d-wKxs,2021-01-27,,,,,9,
BF,Burkina Faso,Centre-Ouest Region,,,BF-06,,ChIJI065StTdLQ4R4WyQ4d-wKxs,2021-01-28,,,,,9,
BF,Burkina Faso,Centre-Ouest Region,,,BF-06,,ChIJI065StTdLQ4R4WyQ4d-wKxs,2021-01-29,,,,,1,
BF,Burkina Faso,Centre-Ouest Region,,,BF-06,,ChIJI065StTdLQ4R4WyQ4d-wKxs,2021-02-01,,,,,3,
BF,Burkina Faso,Centre-Ouest Region,,,BF-06,,ChIJI065StTdLQ4R4WyQ4d-wKxs,2021-02-02,,,,,-4,
BF,Burkina Faso,Centre-Ouest Region,,,BF-06,,ChIJI065StTdLQ4R4WyQ4d-wKxs,2021-02-03,,,,,4,
BF,Burkina Faso,Centre-Ouest Region,,,BF-06,,ChIJI065StTdLQ4R4WyQ4d-wKxs,2021-02-04,,,,,-2,
BF,Burkina Faso,Centre-Ouest Region,,,BF-06,,ChIJI065StTdLQ4R4WyQ4d-wKxs,2021-02-05,,,,,4,
BF,Burkina Faso,Centre-Ouest Region,,,BF-06,,ChIJI065StTdLQ4R4WyQ4d-wKxs,2021-02-08,,,,,-5,
BF,Burkina Faso,Centre-Ouest Region,,,BF-06,,ChIJI065StTdLQ4R4WyQ4d-wKxs,2021-02-09,,,,,-6,
BF,Burkina Faso,Centre-Ouest Region,,,BF-06,,ChIJI065StTdLQ4R4WyQ4d-wKxs,2021-02-10,,,,,-1,
BF,Burkina Faso,Centre-Ouest Region,,,BF-06,,ChIJI065StTdLQ4R4WyQ4d-wKxs,2021-02-11,,,,,-3,
BF,Burkina Faso,Centre-Ouest Region,,,BF-06,,ChIJI065StTdLQ4R4WyQ4d-wKxs,2021-02-12,,,,,-4,
BF,Burkina Faso,Centre-Ouest Region,,,BF-06,,ChIJI065StTdLQ4R4WyQ4d-wKxs,2021-02-15,,,,,0,
BF,Burkina Faso,Centre-Ouest Region,,,BF-06,,ChIJI065StTdLQ4R4WyQ4d-wKxs,2021-02-16,,,,,-10,
BF,Burkina Faso,Centre-Ouest Region,,,BF-06,,ChIJI065StTdLQ4R4WyQ4d-wKxs,2021-02-17,,,,,3,
BF,Burkina Faso,Centre-Ouest Region,,,BF-06,,ChIJI065StTdLQ4R4WyQ4d-wKxs,2021-02-18,,,,,-1,
BF,Burkina Faso,Centre-Ouest Region,,,BF-06,,ChIJI065StTdLQ4R4WyQ4d-wKxs,2021-02-19,,,,,2,
BF,Burkina Faso,Centre-Ouest Region,,,BF-06,,ChIJI065StTdLQ4R4WyQ4d-wKxs,2021-02-22,,,,,1,
BF,Burkina Faso,Centre-Ouest Region,,,BF-06,,ChIJI065StTdLQ4R4WyQ4d-wKxs,2021-02-23,,,,,-7,
BF,Burkina Faso,Centre-Ouest Region,,,BF-06,,ChIJI065StTdLQ4R4WyQ4d-wKxs,2021-02-24,,,,,1,
BF,Burkina Faso,Centre-Ouest Region,,,BF-06,,ChIJI065StTdLQ4R4WyQ4d-wKxs,2021-02-25,,,,,-6,
BF,Burkina Faso,Centre-Ouest Region,,,BF-06,,ChIJI065StTdLQ4R4WyQ4d-wKxs,2021-02-26,,,,,-4,
BF,Burkina Faso,Centre-Ouest Region,,,BF-06,,ChIJI065StTdLQ4R4WyQ4d-wKxs,2021-03-01,,,,,11,
BF,Burkina Faso,Centre-Ouest Region,,,BF-06,,ChIJI065StTdLQ4R4WyQ4d-wKxs,2021-03-02,,,,,0,
BF,Burkina Faso,Centre-Ouest Region,,,BF-06,,ChIJI065StTdLQ4R4WyQ4d-wKxs,2021-03-03,,,,,5,
BF,Burkina Faso,Centre-Ouest Region,,,BF-06,,ChIJI065StTdLQ4R4WyQ4d-wKxs,2021-03-04,,,,,-6,
BF,Burkina Faso,Centre-Ouest Region,,,BF-06,,ChIJI065StTdLQ4R4WyQ4d-wKxs,2021-03-05,,,,,-5,
BF,Burkina Faso,Centre-Ouest Region,,,BF-06,,ChIJI065StTdLQ4R4WyQ4d-wKxs,2021-03-08,,,,,-33,
BF,Burkina Faso,Centre-Ouest Region,,,BF-06,,ChIJI065StTdLQ4R4WyQ4d-wKxs,2021-03-09,,,,,-4,
BF,Burkina Faso,Centre-Ouest Region,,,BF-06,,ChIJI065StTdLQ4R4WyQ4d-wKxs,2021-03-10,,,,,3,
BF,Burkina Faso,Centre-Ouest Region,,,BF-06,,ChIJI065StTdLQ4R4WyQ4d-wKxs,2021-03-11,,,,,3,
BF,Burkina Faso,Centre-Ouest Region,,,BF-06,,ChIJI065StTdLQ4R4WyQ4d-wKxs,2021-03-12,,,,,6,
BF,Burkina Faso,Centre-Ouest Region,,,BF-06,,ChIJI065StTdLQ4R4WyQ4d-wKxs,2021-03-15,,,,,-1,
BF,Burkina Faso,Centre-Ouest Region,,,BF-06,,ChIJI065StTdLQ4R4WyQ4d-wKxs,2021-03-16,,,,,-7,
BF,Burkina Faso,Centre-Ouest Region,,,BF-06,,ChIJI065StTdLQ4R4WyQ4d-wKxs,2021-03-17,,,,,5,
BF,Burkina Faso,Centre-Ouest Region,,,BF-06,,ChIJI065StTdLQ4R4WyQ4d-wKxs,2021-03-18,,,,,-1,
BF,Burkina Faso,Centre-Ouest Region,,,BF-06,,ChIJI065StTdLQ4R4WyQ4d-wKxs,2021-03-19,,,,,5,
BF,Burkina Faso,Centre-Ouest Region,,,BF-06,,ChIJI065StTdLQ4R4WyQ4d-wKxs,2021-03-22,,,,,6,
BF,Burkina Faso,Centre-Ouest Region,,,BF-06,,ChIJI065StTdLQ4R4WyQ4d-wKxs,2021-03-23,,,,,-8,
BF,Burkina Faso,Centre-Ouest Region,,,BF-06,,ChIJI065StTdLQ4R4WyQ4d-wKxs,2021-03-24,,,,,0,
BF,Burkina Faso,Centre-Ouest Region,,,BF-06,,ChIJI065StTdLQ4R4WyQ4d-wKxs,2021-03-25,,,,,-3,
BF,Burkina Faso,Centre-Ouest Region,,,BF-06,,ChIJI065StTdLQ4R4WyQ4d-wKxs,2021-03-26,,,,,-5,
BF,Burkina Faso,Centre-Ouest Region,,,BF-06,,ChIJI065StTdLQ4R4WyQ4d-wKxs,2021-03-29,,,,,1,
BF,Burkina Faso,Centre-Ouest Region,,,BF-06,,ChIJI065StTdLQ4R4WyQ4d-wKxs,2021-03-30,,,,,-5,
BF,Burkina Faso,Centre-Ouest Region,,,BF-06,,ChIJI065StTdLQ4R4WyQ4d-wKxs,2021-03-31,,,,,8,
BF,Burkina Faso,Centre-Ouest Region,,,BF-06,,ChIJI065StTdLQ4R4WyQ4d-wKxs,2021-04-01,,,,,-1,
BF,Burkina Faso,Centre-Ouest Region,,,BF-06,,ChIJI065StTdLQ4R4WyQ4d-wKxs,2021-04-02,,,,,0,
BF,Burkina Faso,Hauts-Bassins Region,,,BF-09,,ChIJwbK8rllXNA4Rj0mf7N5Tros,2021-01-01,9,37,,-19,-57,11
BF,Burkina Faso,Hauts-Bassins Region,,,BF-09,,ChIJwbK8rllXNA4Rj0mf7N5Tros,2021-01-02,14,69,,11,-15,
BF,Burkina Faso,Hauts-Bassins Region,,,BF-09,,ChIJwbK8rllXNA4Rj0mf7N5Tros,2021-01-03,20,70,,22,-5,
BF,Burkina Faso,Hauts-Bassins Region,,,BF-09,,ChIJwbK8rllXNA4Rj0mf7N5Tros,2021-01-04,10,64,,31,-32,10
BF,Burkina Faso,Hauts-Bassins Region,,,BF-09,,ChIJwbK8rllXNA4Rj0mf7N5Tros,2021-01-05,10,75,,26,2,0
BF,Burkina Faso,Hauts-Bassins Region,,,BF-09,,ChIJwbK8rllXNA4Rj0mf7N5Tros,2021-01-06,8,68,,29,6,-1
BF,Burkina Faso,Hauts-Bassins Region,,,BF-09,,ChIJwbK8rllXNA4Rj0mf7N5Tros,2021-01-07,13,60,,15,8,1
BF,Burkina Faso,Hauts-Bassins Region,,,BF-09,,ChIJwbK8rllXNA4Rj0mf7N5Tros,2021-01-08,13,64,,12,14,0
BF,Burkina Faso,Hauts-Bassins Region,,,BF-09,,ChIJwbK8rllXNA4Rj0mf7N5Tros,2021-01-09,11,54,,6,5,-2
BF,Burkina Faso,Hauts-Bassins Region,,,BF-09,,ChIJwbK8rllXNA4Rj0mf7N5Tros,2021-01-10,20,44,,4,3,
BF,Burkina Faso,Hauts-Bassins Region,,,BF-09,,ChIJwbK8rllXNA4Rj0mf7N5Tros,2021-01-11,18,56,,24,7,1
BF,Burkina Faso,Hauts-Bassins Region,,,BF-09,,ChIJwbK8rllXNA4Rj0mf7N5Tros,2021-01-12,8,58,,18,4,2
BF,Burkina Faso,Hauts-Bassins Region,,,BF-09,,ChIJwbK8rllXNA4Rj0mf7N5Tros,2021-01-13,8,50,,14,4,-3
BF,Burkina Faso,Hauts-Bassins Region,,,BF-09,,ChIJwbK8rllXNA4Rj0mf7N5Tros,2021-01-14,4,39,,2,2,0
BF,Burkina Faso,Hauts-Bassins Region,,,BF-09,,ChIJwbK8rllXNA4Rj0mf7N5Tros,2021-01-15,4,38,,1,5,0
BF,Burkina Faso,Hauts-Bassins Region,,,BF-09,,ChIJwbK8rllXNA4Rj0mf7N5Tros,2021-01-16,6,41,,-8,-1,0
BF,Burkina Faso,Hauts-Bassins Region,,,BF-09,,ChIJwbK8rllXNA4Rj0mf7N5Tros,2021-01-17,7,23,,-8,-5,
BF,Burkina Faso,Hauts-Bassins Region,,,BF-09,,ChIJwbK8rllXNA4Rj0mf7N5Tros,2021-01-18,9,42,,8,0,3
BF,Burkina Faso,Hauts-Bassins Region,,,BF-09,,ChIJwbK8rllXNA4Rj0mf7N5Tros,2021-01-19,2,41,,3,-2,3
BF,Burkina Faso,Hauts-Bassins Region,,,BF-09,,ChIJwbK8rllXNA4Rj0mf7N5Tros,2021-01-20,5,46,,13,0,4
BF,Burkina Faso,Hauts-Bassins Region,,,BF-09,,ChIJwbK8rllXNA4Rj0mf7N5Tros,2021-01-21,6,45,,5,5,2
BF,Burkina Faso,Hauts-Bassins Region,,,BF-09,,ChIJwbK8rllXNA4Rj0mf7N5Tros,2021-01-22,10,46,,13,7,3
BF,Burkina Faso,Hauts-Bassins Region,,,BF-09,,ChIJwbK8rllXNA4Rj0mf7N5Tros,2021-01-23,15,48,,8,6,3
BF,Burkina Faso,Hauts-Bassins Region,,,BF-09,,ChIJwbK8rllXNA4Rj0mf7N5Tros,2021-01-24,10,36,,-7,-1,
BF,Burkina Faso,Hauts-Bassins Region,,,BF-09,,ChIJwbK8rllXNA4Rj0mf7N5Tros,2021-01-25,12,50,,17,6,3
BF,Burkina Faso,Hauts-Bassins Region,,,BF-09,,ChIJwbK8rllXNA4Rj0mf7N5Tros,2021-01-26,7,49,,10,5,4
BF,Burkina Faso,Hauts-Bassins Region,,,BF-09,,ChIJwbK8rllXNA4Rj0mf7N5Tros,2021-01-27,11,49,,18,5,2
BF,Burkina Faso,Hauts-Bassins Region,,,BF-09,,ChIJwbK8rllXNA4Rj0mf7N5Tros,2021-01-28,13,43,,16,3,-1
BF,Burkina Faso,Hauts-Bassins Region,,,BF-09,,ChIJwbK8rllXNA4Rj0mf7N5Tros,2021-01-29,16,51,,20,5,-2
BF,Burkina Faso,Hauts-Bassins Region,,,BF-09,,ChIJwbK8rllXNA4Rj0mf7N5Tros,2021-01-30,17,46,,12,-1,-7
BF,Burkina Faso,Hauts-Bassins Region,,,BF-09,,ChIJwbK8rllXNA4Rj0mf7N5Tros,2021-01-31,18,34,,13,-11,
BF,Burkina Faso,Hauts-Bassins Region,,,BF-09,,ChIJwbK8rllXNA4Rj0mf7N5Tros,2021-02-01,15,44,,27,2,-4
BF,Burkina Faso,Hauts-Bassins Region,,,BF-09,,ChIJwbK8rllXNA4Rj0mf7N5Tros,2021-02-02,7,55,,23,1,-2
BF,Burkina Faso,Hauts-Bassins Region,,,BF-09,,ChIJwbK8rllXNA4Rj0mf7N5Tros,2021-02-03,4,52,,24,-2,-2
BF,Burkina Faso,Hauts-Bassins Region,,,BF-09,,ChIJwbK8rllXNA4Rj0mf7N5Tros,2021-02-04,5,47,,17,-3,-4
BF,Burkina Faso,Hauts-Bassins Region,,,BF-09,,ChIJwbK8rllXNA4Rj0mf7N5Tros,2021-02-05,9,55,,29,-2,-5
BF,Burkina Faso,Hauts-Bassins Region,,,BF-09,,ChIJwbK8rllXNA4Rj0mf7N5Tros,2021-02-06,7,47,,13,-5,-5
BF,Burkina Faso,Hauts-Bassins Region,,,BF-09,,ChIJwbK8rllXNA4Rj0mf7N5Tros,2021-02-07,4,33,,16,-16,
BF,Burkina Faso,Hauts-Bassins Region,,,BF-09,,ChIJwbK8rllXNA4Rj0mf7N5Tros,2021-02-08,6,49,,23,-5,-3
BF,Burkina Faso,Hauts-Bassins Region,,,BF-09,,ChIJwbK8rllXNA4Rj0mf7N5Tros,2021-02-09,7,57,,23,-5,-1
BF,Burkina Faso,Hauts-Bassins Region,,,BF-09,,ChIJwbK8rllXNA4Rj0mf7N5Tros,2021-02-10,8,51,,34,-5,-5
BF,Burkina Faso,Hauts-Bassins Region,,,BF-09,,ChIJwbK8rllXNA4Rj0mf7N5Tros,2021-02-11,6,45,,31,-3,-2
BF,Burkina Faso,Hauts-Bassins Region,,,BF-09,,ChIJwbK8rllXNA4Rj0mf7N5Tros,2021-02-12,2,41,,37,0,-4
BF,Burkina Faso,Hauts-Bassins Region,,,BF-09,,ChIJwbK8rllXNA4Rj0mf7N5Tros,2021-02-13,2,40,,24,-4,-3
BF,Burkina Faso,Hauts-Bassins Region,,,BF-09,,ChIJwbK8rllXNA4Rj0mf7N5Tros,2021-02-14,17,27,,32,-12,
BF,Burkina Faso,Hauts-Bassins Region,,,BF-09,,ChIJwbK8rllXNA4Rj0mf7N5Tros,2021-02-15,5,43,,37,-6,-5
BF,Burkina Faso,Hauts-Bassins Region,,,BF-09,,ChIJwbK8rllXNA4Rj0mf7N5Tros,2021-02-16,2,40,,33,-5,-3
BF,Burkina Faso,Hauts-Bassins Region,,,BF-09,,ChIJwbK8rllXNA4Rj0mf7N5Tros,2021-02-17,-1,48,,33,-5,-7
BF,Burkina Faso,Hauts-Bassins Region,,,BF-09,,ChIJwbK8rllXNA4Rj0mf7N5Tros,2021-02-18,4,45,,29,-1,-4
BF,Burkina Faso,Hauts-Bassins Region,,,BF-09,,ChIJwbK8rllXNA4Rj0mf7N5Tros,2021-02-19,2,45,,22,5,-7
BF,Burkina Faso,Hauts-Bassins Region,,,BF-09,,ChIJwbK8rllXNA4Rj0mf7N5Tros,2021-02-20,8,44,,9,-3,-8
BF,Burkina Faso,Hauts-Bassins Region,,,BF-09,,ChIJwbK8rllXNA4Rj0mf7N5Tros,2021-02-21,2,25,,3,-16,
BF,Burkina Faso,Hauts-Bassins Region,,,BF-09,,ChIJwbK8rllXNA4Rj0mf7N5Tros,2021-02-22,4,48,,15,-1,-3
BF,Burkina Faso,Hauts-Bassins Region,,,BF-09,,ChIJwbK8rllXNA4Rj0mf7N5Tros,2021-02-23,3,57,,17,-2,-4
BF,Burkina Faso,Hauts-Bassins Region,,,BF-09,,ChIJwbK8rllXNA4Rj0mf7N5Tros,2021-02-24,4,53,,16,-3,-5
BF,Burkina Faso,Hauts-Bassins Region,,,BF-09,,ChIJwbK8rllXNA4Rj0mf7N5Tros,2021-02-25,3,53,,7,1,-6
BF,Burkina Faso,Hauts-Bassins Region,,,BF-09,,ChIJwbK8rllXNA4Rj0mf7N5Tros,2021-02-26,8,61,,21,4,-7
BF,Burkina Faso,Hauts-Bassins Region,,,BF-09,,ChIJwbK8rllXNA4Rj0mf7N5Tros,2021-02-27,10,54,,6,2,-5
BF,Burkina Faso,Hauts-Bassins Region,,,BF-09,,ChIJwbK8rllXNA4Rj0mf7N5Tros,2021-02-28,15,41,,8,-11,
BF,Burkina Faso,Hauts-Bassins Region,,,BF-09,,ChIJwbK8rllXNA4Rj0mf7N5Tros,2021-03-01,8,57,,28,2,-3
BF,Burkina Faso,Hauts-Bassins Region,,,BF-09,,ChIJwbK8rllXNA4Rj0mf7N5Tros,2021-03-02,7,57,,12,1,-3
BF,Burkina Faso,Hauts-Bassins Region,,,BF-09,,ChIJwbK8rllXNA4Rj0mf7N5Tros,2021-03-03,8,61,,16,-4,-5
BF,Burkina Faso,Hauts-Bassins Region,,,BF-09,,ChIJwbK8rllXNA4Rj0mf7N5Tros,2021-03-04,12,50,,16,-3,-7
BF,Burkina Faso,Hauts-Bassins Region,,,BF-09,,ChIJwbK8rllXNA4Rj0mf7N5Tros,2021-03-05,13,54,,29,2,-6
BF,Burkina Faso,Hauts-Bassins Region,,,BF-09,,ChIJwbK8rllXNA4Rj0mf7N5Tros,2021-03-06,16,58,,17,-3,-6
BF,Burkina Faso,Hauts-Bassins Region,,,BF-09,,ChIJwbK8rllXNA4Rj0mf7N5Tros,2021-03-07,24,37,,19,-12,
BF,Burkina Faso,Hauts-Bassins Region,,,BF-09,,ChIJwbK8rllXNA4Rj0mf7N5Tros,2021-03-08,12,35,,20,-42,3
BF,Burkina Faso,Hauts-Bassins Region,,,BF-09,,ChIJwbK8rllXNA4Rj0mf7N5Tros,2021-03-09,6,61,,19,1,-5
BF,Burkina Faso,Hauts-Bassins Region,,,BF-09,,ChIJwbK8rllXNA4Rj0mf7N5Tros,2021-03-10,7,55,,21,-1,-7
BF,Burkina Faso,Hauts-Bassins Region,,,BF-09,,ChIJwbK8rllXNA4Rj0mf7N5Tros,2021-03-11,7,48,,33,3,-5
BF,Burkina Faso,Hauts-Bassins Region,,,BF-09,,ChIJwbK8rllXNA4Rj0mf7N5Tros,2021-03-12,5,52,,62,5,-4
BF,Burkina Faso,Hauts-Bassins Region,,,BF-09,,ChIJwbK8rllXNA4Rj0mf7N5Tros,2021-03-13,17,54,,41,3,-5
BF,Burkina Faso,Hauts-Bassins Region,,,BF-09,,ChIJwbK8rllXNA4Rj0mf7N5Tros,2021-03-14,20,37,,,-7,
BF,Burkina Faso,Hauts-Bassins Region,,,BF-09,,ChIJwbK8rllXNA4Rj0mf7N5Tros,2021-03-15,7,57,,65,2,-5
BF,Burkina Faso,Hauts-Bassins Region,,,BF-09,,ChIJwbK8rllXNA4Rj0mf7N5Tros,2021-03-16,7,56,,63,2,-4
BF,Burkina Faso,Hauts-Bassins Region,,,BF-09,,ChIJwbK8rllXNA4Rj0mf7N5Tros,2021-03-17,6,53,,61,0,-5
BF,Burkina Faso,Hauts-Bassins Region,,,BF-09,,ChIJwbK8rllXNA4Rj0mf7N5Tros,2021-03-18,12,57,,62,4,-5
BF,Burkina Faso,Hauts-Bassins Region,,,BF-09,,ChIJwbK8rllXNA4Rj0mf7N5Tros,2021-03-19,12,62,,72,8,-6
BF,Burkina Faso,Hauts-Bassins Region,,,BF-09,,ChIJwbK8rllXNA4Rj0mf7N5Tros,2021-03-20,16,59,,52,2,-7
BF,Burkina Faso,Hauts-Bassins Region,,,BF-09,,ChIJwbK8rllXNA4Rj0mf7N5Tros,2021-03-21,8,35,,,-11,
BF,Burkina Faso,Hauts-Bassins Region,,,BF-09,,ChIJwbK8rllXNA4Rj0mf7N5Tros,2021-03-22,10,65,,66,2,-6
BF,Burkina Faso,Hauts-Bassins Region,,,BF-09,,ChIJwbK8rllXNA4Rj0mf7N5Tros,2021-03-23,6,67,,65,0,-5
BF,Burkina Faso,Hauts-Bassins Region,,,BF-09,,ChIJwbK8rllXNA4Rj0mf7N5Tros,2021-03-24,11,69,,,-2,-6
BF,Burkina Faso,Hauts-Bassins Region,,,BF-09,,ChIJwbK8rllXNA4Rj0mf7N5Tros,2021-03-25,12,64,,62,1,-8
BF,Burkina Faso,Hauts-Bassins Region,,,BF-09,,ChIJwbK8rllXNA4Rj0mf7N5Tros,2021-03-26,13,70,,73,5,-9
BF,Burkina Faso,Hauts-Bassins Region,,,BF-09,,ChIJwbK8rllXNA4Rj0mf7N5Tros,2021-03-27,17,67,,55,0,-8
BF,Burkina Faso,Hauts-Bassins Region,,,BF-09,,ChIJwbK8rllXNA4Rj0mf7N5Tros,2021-03-28,20,52,,,-14,
BF,Burkina Faso,Hauts-Bassins Region,,,BF-09,,ChIJwbK8rllXNA4Rj0mf7N5Tros,2021-03-29,18,67,,,2,-7
BF,Burkina Faso,Hauts-Bassins Region,,,BF-09,,ChIJwbK8rllXNA4Rj0mf7N5Tros,2021-03-30,12,80,,66,2,-4
BF,Burkina Faso,Hauts-Bassins Region,,,BF-09,,ChIJwbK8rllXNA4Rj0mf7N5Tros,2021-03-31,9,72,,,-1,-7
BF,Burkina Faso,Hauts-Bassins Region,,,BF-09,,ChIJwbK8rllXNA4Rj0mf7N5Tros,2021-04-01,15,75,,66,4,-7
BF,Burkina Faso,Hauts-Bassins Region,,,BF-09,,ChIJwbK8rllXNA4Rj0mf7N5Tros,2021-04-02,16,85,,77,7,-7
BF,Burkina Faso,Hauts-Bassins Region,,,BF-09,,ChIJwbK8rllXNA4Rj0mf7N5Tros,2021-04-03,20,87,,68,-4,-7
BF,Burkina Faso,Hauts-Bassins Region,,,BF-09,,ChIJwbK8rllXNA4Rj0mf7N5Tros,2021-04-04,26,61,,,-18,
BF,Burkina Faso,Nord Region,,,BF-10,,ChIJtdzcWU_xLw4R2WBsvsmWAxI,2021-01-01,,,,,-42,
BF,Burkina Faso,Nord Region,,,BF-10,,ChIJtdzcWU_xLw4R2WBsvsmWAxI,2021-03-08,,,,,-42,
