country_region_code,country_region,sub_region_1,sub_region_2,metro_area,iso_3166_2_code,census_fips_code,place_id,date,retail_and_recreation_percent_change_from_baseline,grocery_and_pharmacy_percent_change_from_baseline,parks_percent_change_from_baseline,transit_stations_percent_change_from_baseline,workplaces_percent_change_from_baseline,residential_percent_change_from_baseline
KW,Kuwait,,,,,,ChIJoVHqvj82xT8R0u3Yks1rcnQ,2021-01-01,-21,-11,-15,-16,-20,6
KW,Kuwait,,,,,,ChIJoVHqvj82xT8R0u3Yks1rcnQ,2021-01-02,-18,-7,-9,-6,-29,8
KW,Kuwait,,,,,,ChIJoVHqvj82xT8R0u3Yks1rcnQ,2021-01-03,-19,-10,-11,-7,-42,12
KW,Kuwait,,,,,,ChIJoVHqvj82xT8R0u3Yks1rcnQ,2021-01-04,-22,-11,-18,2,-20,9
KW,Kuwait,,,,,,ChIJoVHqvj82xT8R0u3Yks1rcnQ,2021-01-05,-20,-11,-23,0,-20,9
KW,Kuwait,,,,,,ChIJoVHqvj82xT8R0u3Yks1rcnQ,2021-01-06,-20,-11,-16,0,-19,9
KW,Kuwait,,,,,,ChIJoVHqvj82xT8R0u3Yks1rcnQ,2021-01-07,-21,-11,-20,-7,-20,9
KW,Kuwait,,,,,,ChIJoVHqvj82xT8R0u3Yks1rcnQ,2021-01-08,-22,-11,-19,-9,-18,7
KW,Kuwait,,,,,,ChIJoVHqvj82xT8R0u3Yks1rcnQ,2021-01-09,-20,-12,-22,-5,-18,6
KW,Kuwait,,,,,,ChIJoVHqvj82xT8R0u3Yks1rcnQ,2021-01-10,-20,-13,-28,-3,-18,7
KW,Kuwait,,,,,,ChIJoVHqvj82xT8R0u3Yks1rcnQ,2021-01-11,-21,-11,-23,2,-21,8
KW,Kuwait,,,,,,ChIJoVHqvj82xT8R0u3Yks1rcnQ,2021-01-12,-21,-14,-32,-4,-21,8
KW,Kuwait,,,,,,ChIJoVHqvj82xT8R0u3Yks1rcnQ,2021-01-13,-23,-15,-24,-7,-21,7
KW,Kuwait,,,,,,ChIJoVHqvj82xT8R0u3Yks1rcnQ,2021-01-14,-25,-19,-29,-16,-24,7
KW,Kuwait,,,,,,ChIJoVHqvj82xT8R0u3Yks1rcnQ,2021-01-15,-28,-21,-26,-20,-27,5
KW,Kuwait,,,,,,ChIJoVHqvj82xT8R0u3Yks1rcnQ,2021-01-16,-26,-21,-28,-16,-27,4
KW,Kuwait,,,,,,ChIJoVHqvj82xT8R0u3Yks1rcnQ,2021-01-17,-27,-22,-33,-17,-25,6
KW,Kuwait,,,,,,ChIJoVHqvj82xT8R0u3Yks1rcnQ,2021-01-18,-27,-21,-26,-9,-27,7
KW,Kuwait,,,,,,ChIJoVHqvj82xT8R0u3Yks1rcnQ,2021-01-19,-25,-22,-33,-13,-26,7
KW,Kuwait,,,,,,ChIJoVHqvj82xT8R0u3Yks1rcnQ,2021-01-20,-26,-22,-27,-14,-26,7
KW,Kuwait,,,,,,ChIJoVHqvj82xT8R0u3Yks1rcnQ,2021-01-21,-26,-21,-34,-17,-26,8
KW,Kuwait,,,,,,ChIJoVHqvj82xT8R0u3Yks1rcnQ,2021-01-22,-29,-22,-36,-23,-26,7
KW,Kuwait,,,,,,ChIJoVHqvj82xT8R0u3Yks1rcnQ,2021-01-23,-25,-19,-30,-13,-25,6
KW,Kuwait,,,,,,ChIJoVHqvj82xT8R0u3Yks1rcnQ,2021-01-24,-25,-20,-33,-13,-24,7
KW,Kuwait,,,,,,ChIJoVHqvj82xT8R0u3Yks1rcnQ,2021-01-25,-24,-17,-26,-6,-26,7
KW,Kuwait,,,,,,ChIJoVHqvj82xT8R0u3Yks1rcnQ,2021-01-26,-21,-17,-32,-9,-26,6
KW,Kuwait,,,,,,ChIJoVHqvj82xT8R0u3Yks1rcnQ,2021-01-27,-23,-18,-24,-12,-26,7
KW,Kuwait,,,,,,ChIJoVHqvj82xT8R0u3Yks1rcnQ,2021-01-28,-23,-17,-28,-16,-26,7
KW,Kuwait,,,,,,ChIJoVHqvj82xT8R0u3Yks1rcnQ,2021-01-29,-24,-16,-26,-19,-25,5
KW,Kuwait,,,,,,ChIJoVHqvj82xT8R0u3Yks1rcnQ,2021-01-30,-21,-12,-21,-14,-24,4
KW,Kuwait,,,,,,ChIJoVHqvj82xT8R0u3Yks1rcnQ,2021-01-31,-21,-14,-26,-13,-24,5
KW,Kuwait,,,,,,ChIJoVHqvj82xT8R0u3Yks1rcnQ,2021-02-01,-22,-12,-18,-9,-26,5
KW,Kuwait,,,,,,ChIJoVHqvj82xT8R0u3Yks1rcnQ,2021-02-02,-21,-13,-25,-12,-26,6
KW,Kuwait,,,,,,ChIJoVHqvj82xT8R0u3Yks1rcnQ,2021-02-03,-23,-15,-19,-14,-26,7
KW,Kuwait,,,,,,ChIJoVHqvj82xT8R0u3Yks1rcnQ,2021-02-04,-23,-14,-26,-19,-26,7
KW,Kuwait,,,,,,ChIJoVHqvj82xT8R0u3Yks1rcnQ,2021-02-05,-25,-14,-25,-23,-25,6
KW,Kuwait,,,,,,ChIJoVHqvj82xT8R0u3Yks1rcnQ,2021-02-06,-24,-15,-29,-20,-25,5
KW,Kuwait,,,,,,ChIJoVHqvj82xT8R0u3Yks1rcnQ,2021-02-07,-30,-20,-28,-22,-25,8
KW,Kuwait,,,,,,ChIJoVHqvj82xT8R0u3Yks1rcnQ,2021-02-08,-29,-16,-24,-12,-28,8
KW,Kuwait,,,,,,ChIJoVHqvj82xT8R0u3Yks1rcnQ,2021-02-09,-26,-16,-30,-17,-28,8
KW,Kuwait,,,,,,ChIJoVHqvj82xT8R0u3Yks1rcnQ,2021-02-10,-27,-16,-20,-19,-27,8
KW,Kuwait,,,,,,ChIJoVHqvj82xT8R0u3Yks1rcnQ,2021-02-11,-29,-17,-25,-23,-27,9
KW,Kuwait,,,,,,ChIJoVHqvj82xT8R0u3Yks1rcnQ,2021-02-12,-30,-18,-24,-29,-28,8
KW,Kuwait,,,,,,ChIJoVHqvj82xT8R0u3Yks1rcnQ,2021-02-13,-25,-15,-20,-22,-27,5
KW,Kuwait,,,,,,ChIJoVHqvj82xT8R0u3Yks1rcnQ,2021-02-14,-25,-16,-23,-23,-25,7
KW,Kuwait,,,,,,ChIJoVHqvj82xT8R0u3Yks1rcnQ,2021-02-15,-27,-16,-21,-15,-28,7
KW,Kuwait,,,,,,ChIJoVHqvj82xT8R0u3Yks1rcnQ,2021-02-16,-26,-17,-28,-20,-28,8
KW,Kuwait,,,,,,ChIJoVHqvj82xT8R0u3Yks1rcnQ,2021-02-17,-28,-18,-25,-21,-27,8
KW,Kuwait,,,,,,ChIJoVHqvj82xT8R0u3Yks1rcnQ,2021-02-18,-29,-19,-31,-25,-27,9
KW,Kuwait,,,,,,ChIJoVHqvj82xT8R0u3Yks1rcnQ,2021-02-19,-30,-18,-26,-29,-26,7
KW,Kuwait,,,,,,ChIJoVHqvj82xT8R0u3Yks1rcnQ,2021-02-20,-26,-15,-20,-21,-25,5
KW,Kuwait,,,,,,ChIJoVHqvj82xT8R0u3Yks1rcnQ,2021-02-21,-25,-15,-25,-21,-25,6
KW,Kuwait,,,,,,ChIJoVHqvj82xT8R0u3Yks1rcnQ,2021-02-22,-24,-13,-19,-15,-27,7
KW,Kuwait,,,,,,ChIJoVHqvj82xT8R0u3Yks1rcnQ,2021-02-23,-23,-15,-28,-19,-27,7
KW,Kuwait,,,,,,ChIJoVHqvj82xT8R0u3Yks1rcnQ,2021-02-24,-25,-10,-19,-16,-27,6
KW,Kuwait,,,,,,ChIJoVHqvj82xT8R0u3Yks1rcnQ,2021-02-25,-33,-14,-26,-37,-61,20
KW,Kuwait,,,,,,ChIJoVHqvj82xT8R0u3Yks1rcnQ,2021-02-26,-34,-15,-32,-29,-30,8
KW,Kuwait,,,,,,ChIJoVHqvj82xT8R0u3Yks1rcnQ,2021-02-27,-27,-11,-24,-23,-38,8
KW,Kuwait,,,,,,ChIJoVHqvj82xT8R0u3Yks1rcnQ,2021-02-28,-26,-14,-24,-25,-43,11
KW,Kuwait,,,,,,ChIJoVHqvj82xT8R0u3Yks1rcnQ,2021-03-01,-29,-13,-23,-12,-27,8
KW,Kuwait,,,,,,ChIJoVHqvj82xT8R0u3Yks1rcnQ,2021-03-02,-26,-13,-28,-16,-27,8
KW,Kuwait,,,,,,ChIJoVHqvj82xT8R0u3Yks1rcnQ,2021-03-03,-28,-14,-19,-16,-27,8
KW,Kuwait,,,,,,ChIJoVHqvj82xT8R0u3Yks1rcnQ,2021-03-04,-30,-13,-24,-21,-27,9
KW,Kuwait,,,,,,ChIJoVHqvj82xT8R0u3Yks1rcnQ,2021-03-05,-30,-11,-25,-23,-26,7
KW,Kuwait,,,,,,ChIJoVHqvj82xT8R0u3Yks1rcnQ,2021-03-06,-23,-6,-17,-15,-26,5
KW,Kuwait,,,,,,ChIJoVHqvj82xT8R0u3Yks1rcnQ,2021-03-07,-43,-32,-44,-28,-30,13
KW,Kuwait,,,,,,ChIJoVHqvj82xT8R0u3Yks1rcnQ,2021-03-08,-44,-26,-41,-23,-33,15
KW,Kuwait,,,,,,ChIJoVHqvj82xT8R0u3Yks1rcnQ,2021-03-09,-42,-26,-44,-26,-33,15
KW,Kuwait,,,,,,ChIJoVHqvj82xT8R0u3Yks1rcnQ,2021-03-10,-42,-25,-39,-27,-32,15
KW,Kuwait,,,,,,ChIJoVHqvj82xT8R0u3Yks1rcnQ,2021-03-11,-43,-23,-41,-41,-59,24
KW,Kuwait,,,,,,ChIJoVHqvj82xT8R0u3Yks1rcnQ,2021-03-12,-48,-28,-50,-40,-33,15
KW,Kuwait,,,,,,ChIJoVHqvj82xT8R0u3Yks1rcnQ,2021-03-13,-40,-24,-42,-30,-31,12
KW,Kuwait,,,,,,ChIJoVHqvj82xT8R0u3Yks1rcnQ,2021-03-14,-40,-26,-39,-28,-30,14
KW,Kuwait,,,,,,ChIJoVHqvj82xT8R0u3Yks1rcnQ,2021-03-15,-42,-25,-39,-22,-33,15
KW,Kuwait,,,,,,ChIJoVHqvj82xT8R0u3Yks1rcnQ,2021-03-16,-42,-26,-46,-27,-33,15
KW,Kuwait,,,,,,ChIJoVHqvj82xT8R0u3Yks1rcnQ,2021-03-17,-42,-26,-39,-29,-32,15
KW,Kuwait,,,,,,ChIJoVHqvj82xT8R0u3Yks1rcnQ,2021-03-18,-45,-27,-44,-32,-32,16
KW,Kuwait,,,,,,ChIJoVHqvj82xT8R0u3Yks1rcnQ,2021-03-19,-43,-21,-44,-35,-30,12
KW,Kuwait,,,,,,ChIJoVHqvj82xT8R0u3Yks1rcnQ,2021-03-20,-38,-20,-37,-28,-30,11
KW,Kuwait,,,,,,ChIJoVHqvj82xT8R0u3Yks1rcnQ,2021-03-21,-39,-24,-38,-28,-30,13
KW,Kuwait,,,,,,ChIJoVHqvj82xT8R0u3Yks1rcnQ,2021-03-22,-41,-23,-39,-22,-32,14
KW,Kuwait,,,,,,ChIJoVHqvj82xT8R0u3Yks1rcnQ,2021-03-23,-37,-20,-40,-23,-31,13
KW,Kuwait,,,,,,ChIJoVHqvj82xT8R0u3Yks1rcnQ,2021-03-24,-39,-22,-38,-27,-31,14
KW,Kuwait,,,,,,ChIJoVHqvj82xT8R0u3Yks1rcnQ,2021-03-25,-40,-20,-40,-30,-30,14
KW,Kuwait,,,,,,ChIJoVHqvj82xT8R0u3Yks1rcnQ,2021-03-26,-38,-16,-38,-31,-28,11
KW,Kuwait,,,,,,ChIJoVHqvj82xT8R0u3Yks1rcnQ,2021-03-27,-35,-17,-34,-27,-29,8
KW,Kuwait,,,,,,ChIJoVHqvj82xT8R0u3Yks1rcnQ,2021-03-28,-36,-20,-37,-28,-29,12
KW,Kuwait,,,,,,ChIJoVHqvj82xT8R0u3Yks1rcnQ,2021-03-29,-37,-18,-34,-21,-31,13
KW,Kuwait,,,,,,ChIJoVHqvj82xT8R0u3Yks1rcnQ,2021-03-30,-35,-19,-39,-23,-31,13
KW,Kuwait,,,,,,ChIJoVHqvj82xT8R0u3Yks1rcnQ,2021-03-31,-36,-19,-33,-24,-30,13
KW,Kuwait,,,,,,ChIJoVHqvj82xT8R0u3Yks1rcnQ,2021-04-01,-39,-20,-38,-28,-30,13
KW,Kuwait,,,,,,ChIJoVHqvj82xT8R0u3Yks1rcnQ,2021-04-02,-37,-15,-36,-29,-28,10
KW,Kuwait,,,,,,ChIJoVHqvj82xT8R0u3Yks1rcnQ,2021-04-03,-32,-13,-32,-24,-28,9
KW,Kuwait,,,,,,ChIJoVHqvj82xT8R0u3Yks1rcnQ,2021-04-04,-34,-17,-33,-25,-29,12
KW,Kuwait,,,Kuwait City Metropolitan Area,,,ChIJOWmmJq2Qzz8RNA2xf3QpbNo,2021-01-01,-21,-12,-19,-17,-20,6
KW,Kuwait,,,Kuwait City Metropolitan Area,,,ChIJOWmmJq2Qzz8RNA2xf3QpbNo,2021-01-02,-18,-9,-14,-8,-29,7
KW,Kuwait,,,Kuwait City Metropolitan Area,,,ChIJOWmmJq2Qzz8RNA2xf3QpbNo,2021-01-03,-19,-9,-11,-5,-43,12
KW,Kuwait,,,Kuwait City Metropolitan Area,,,ChIJOWmmJq2Qzz8RNA2xf3QpbNo,2021-01-04,-23,-11,-23,1,-20,8
KW,Kuwait,,,Kuwait City Metropolitan Area,,,ChIJOWmmJq2Qzz8RNA2xf3QpbNo,2021-01-05,-20,-11,-21,0,-20,9
KW,Kuwait,,,Kuwait City Metropolitan Area,,,ChIJOWmmJq2Qzz8RNA2xf3QpbNo,2021-01-06,-20,-11,-21,-1,-20,9
KW,Kuwait,,,Kuwait City Metropolitan Area,,,ChIJOWmmJq2Qzz8RNA2xf3QpbNo,2021-01-07,-21,-11,-23,-5,-20,9
KW,Kuwait,,,Kuwait City Metropolitan Area,,,ChIJOWmmJq2Qzz8RNA2xf3QpbNo,2021-01-08,-22,-11,-22,-10,-18,7
KW,Kuwait,,,Kuwait City Metropolitan Area,,,ChIJOWmmJq2Qzz8RNA2xf3QpbNo,2021-01-09,-20,-12,-25,-7,-19,5
KW,Kuwait,,,Kuwait City Metropolitan Area,,,ChIJOWmmJq2Qzz8RNA2xf3QpbNo,2021-01-10,-20,-11,-27,-1,-19,7
KW,Kuwait,,,Kuwait City Metropolitan Area,,,ChIJOWmmJq2Qzz8RNA2xf3QpbNo,2021-01-11,-22,-11,-29,1,-20,8
KW,Kuwait,,,Kuwait City Metropolitan Area,,,ChIJOWmmJq2Qzz8RNA2xf3QpbNo,2021-01-12,-21,-14,-30,-5,-21,8
KW,Kuwait,,,Kuwait City Metropolitan Area,,,ChIJOWmmJq2Qzz8RNA2xf3QpbNo,2021-01-13,-23,-15,-29,-8,-22,7
KW,Kuwait,,,Kuwait City Metropolitan Area,,,ChIJOWmmJq2Qzz8RNA2xf3QpbNo,2021-01-14,-25,-19,-32,-14,-24,7
KW,Kuwait,,,Kuwait City Metropolitan Area,,,ChIJOWmmJq2Qzz8RNA2xf3QpbNo,2021-01-15,-28,-22,-30,-20,-27,5
KW,Kuwait,,,Kuwait City Metropolitan Area,,,ChIJOWmmJq2Qzz8RNA2xf3QpbNo,2021-01-16,-27,-22,-31,-18,-27,4
KW,Kuwait,,,Kuwait City Metropolitan Area,,,ChIJOWmmJq2Qzz8RNA2xf3QpbNo,2021-01-17,-27,-20,-32,-15,-25,6
KW,Kuwait,,,Kuwait City Metropolitan Area,,,ChIJOWmmJq2Qzz8RNA2xf3QpbNo,2021-01-18,-27,-21,-31,-10,-27,6
KW,Kuwait,,,Kuwait City Metropolitan Area,,,ChIJOWmmJq2Qzz8RNA2xf3QpbNo,2021-01-19,-26,-22,-32,-14,-26,6
KW,Kuwait,,,Kuwait City Metropolitan Area,,,ChIJOWmmJq2Qzz8RNA2xf3QpbNo,2021-01-20,-26,-22,-32,-14,-26,7
KW,Kuwait,,,Kuwait City Metropolitan Area,,,ChIJOWmmJq2Qzz8RNA2xf3QpbNo,2021-01-21,-27,-22,-36,-15,-26,8
KW,Kuwait,,,Kuwait City Metropolitan Area,,,ChIJOWmmJq2Qzz8RNA2xf3QpbNo,2021-01-22,-29,-23,-39,-24,-26,7
KW,Kuwait,,,Kuwait City Metropolitan Area,,,ChIJOWmmJq2Qzz8RNA2xf3QpbNo,2021-01-23,-25,-20,-33,-16,-25,5
KW,Kuwait,,,Kuwait City Metropolitan Area,,,ChIJOWmmJq2Qzz8RNA2xf3QpbNo,2021-01-24,-25,-18,-32,-11,-25,6
KW,Kuwait,,,Kuwait City Metropolitan Area,,,ChIJOWmmJq2Qzz8RNA2xf3QpbNo,2021-01-25,-25,-17,-32,-6,-26,7
KW,Kuwait,,,Kuwait City Metropolitan Area,,,ChIJOWmmJq2Qzz8RNA2xf3QpbNo,2021-01-26,-22,-18,-31,-10,-26,6
KW,Kuwait,,,Kuwait City Metropolitan Area,,,ChIJOWmmJq2Qzz8RNA2xf3QpbNo,2021-01-27,-23,-18,-30,-12,-26,7
KW,Kuwait,,,Kuwait City Metropolitan Area,,,ChIJOWmmJq2Qzz8RNA2xf3QpbNo,2021-01-28,-23,-17,-31,-14,-25,7
KW,Kuwait,,,Kuwait City Metropolitan Area,,,ChIJOWmmJq2Qzz8RNA2xf3QpbNo,2021-01-29,-24,-16,-30,-20,-25,5
KW,Kuwait,,,Kuwait City Metropolitan Area,,,ChIJOWmmJq2Qzz8RNA2xf3QpbNo,2021-01-30,-21,-13,-25,-16,-24,3
KW,Kuwait,,,Kuwait City Metropolitan Area,,,ChIJOWmmJq2Qzz8RNA2xf3QpbNo,2021-01-31,-21,-11,-25,-11,-24,5
KW,Kuwait,,,Kuwait City Metropolitan Area,,,ChIJOWmmJq2Qzz8RNA2xf3QpbNo,2021-02-01,-23,-13,-25,-10,-26,5
KW,Kuwait,,,Kuwait City Metropolitan Area,,,ChIJOWmmJq2Qzz8RNA2xf3QpbNo,2021-02-02,-21,-14,-24,-13,-26,5
KW,Kuwait,,,Kuwait City Metropolitan Area,,,ChIJOWmmJq2Qzz8RNA2xf3QpbNo,2021-02-03,-23,-15,-25,-14,-26,6
KW,Kuwait,,,Kuwait City Metropolitan Area,,,ChIJOWmmJq2Qzz8RNA2xf3QpbNo,2021-02-04,-24,-14,-29,-18,-26,7
KW,Kuwait,,,Kuwait City Metropolitan Area,,,ChIJOWmmJq2Qzz8RNA2xf3QpbNo,2021-02-05,-25,-14,-30,-24,-25,6
KW,Kuwait,,,Kuwait City Metropolitan Area,,,ChIJOWmmJq2Qzz8RNA2xf3QpbNo,2021-02-06,-24,-16,-33,-23,-25,5
KW,Kuwait,,,Kuwait City Metropolitan Area,,,ChIJOWmmJq2Qzz8RNA2xf3QpbNo,2021-02-07,-30,-18,-28,-20,-26,7
KW,Kuwait,,,Kuwait City Metropolitan Area,,,ChIJOWmmJq2Qzz8RNA2xf3QpbNo,2021-02-08,-30,-16,-30,-13,-28,8
KW,Kuwait,,,Kuwait City Metropolitan Area,,,ChIJOWmmJq2Qzz8RNA2xf3QpbNo,2021-02-09,-27,-17,-29,-18,-27,8
KW,Kuwait,,,Kuwait City Metropolitan Area,,,ChIJOWmmJq2Qzz8RNA2xf3QpbNo,2021-02-10,-27,-16,-26,-19,-27,8
KW,Kuwait,,,Kuwait City Metropolitan Area,,,ChIJOWmmJq2Qzz8RNA2xf3QpbNo,2021-02-11,-29,-18,-28,-22,-27,9
KW,Kuwait,,,Kuwait City Metropolitan Area,,,ChIJOWmmJq2Qzz8RNA2xf3QpbNo,2021-02-12,-30,-18,-28,-30,-27,8
KW,Kuwait,,,Kuwait City Metropolitan Area,,,ChIJOWmmJq2Qzz8RNA2xf3QpbNo,2021-02-13,-25,-16,-24,-24,-27,5
KW,Kuwait,,,Kuwait City Metropolitan Area,,,ChIJOWmmJq2Qzz8RNA2xf3QpbNo,2021-02-14,-25,-14,-22,-21,-26,6
KW,Kuwait,,,Kuwait City Metropolitan Area,,,ChIJOWmmJq2Qzz8RNA2xf3QpbNo,2021-02-15,-28,-16,-27,-16,-28,7
KW,Kuwait,,,Kuwait City Metropolitan Area,,,ChIJOWmmJq2Qzz8RNA2xf3QpbNo,2021-02-16,-27,-18,-26,-20,-28,8
KW,Kuwait,,,Kuwait City Metropolitan Area,,,ChIJOWmmJq2Qzz8RNA2xf3QpbNo,2021-02-17,-28,-18,-30,-22,-27,8
KW,Kuwait,,,Kuwait City Metropolitan Area,,,ChIJOWmmJq2Qzz8RNA2xf3QpbNo,2021-02-18,-30,-19,-34,-23,-27,9
KW,Kuwait,,,Kuwait City Metropolitan Area,,,ChIJOWmmJq2Qzz8RNA2xf3QpbNo,2021-02-19,-30,-18,-30,-29,-25,7
KW,Kuwait,,,Kuwait City Metropolitan Area,,,ChIJOWmmJq2Qzz8RNA2xf3QpbNo,2021-02-20,-26,-15,-24,-23,-25,5
KW,Kuwait,,,Kuwait City Metropolitan Area,,,ChIJOWmmJq2Qzz8RNA2xf3QpbNo,2021-02-21,-25,-13,-24,-19,-25,6
KW,Kuwait,,,Kuwait City Metropolitan Area,,,ChIJOWmmJq2Qzz8RNA2xf3QpbNo,2021-02-22,-25,-13,-26,-17,-27,6
KW,Kuwait,,,Kuwait City Metropolitan Area,,,ChIJOWmmJq2Qzz8RNA2xf3QpbNo,2021-02-23,-24,-15,-26,-19,-27,7
KW,Kuwait,,,Kuwait City Metropolitan Area,,,ChIJOWmmJq2Qzz8RNA2xf3QpbNo,2021-02-24,-25,-10,-26,-18,-28,6
KW,Kuwait,,,Kuwait City Metropolitan Area,,,ChIJOWmmJq2Qzz8RNA2xf3QpbNo,2021-02-25,-34,-15,-32,-35,-61,20
KW,Kuwait,,,Kuwait City Metropolitan Area,,,ChIJOWmmJq2Qzz8RNA2xf3QpbNo,2021-02-26,-34,-16,-37,-29,-30,8
KW,Kuwait,,,Kuwait City Metropolitan Area,,,ChIJOWmmJq2Qzz8RNA2xf3QpbNo,2021-02-27,-28,-12,-28,-25,-38,8
KW,Kuwait,,,Kuwait City Metropolitan Area,,,ChIJOWmmJq2Qzz8RNA2xf3QpbNo,2021-02-28,-27,-11,-24,-23,-44,10
KW,Kuwait,,,Kuwait City Metropolitan Area,,,ChIJOWmmJq2Qzz8RNA2xf3QpbNo,2021-03-01,-30,-13,-29,-14,-27,7
KW,Kuwait,,,Kuwait City Metropolitan Area,,,ChIJOWmmJq2Qzz8RNA2xf3QpbNo,2021-03-02,-27,-13,-25,-16,-27,8
KW,Kuwait,,,Kuwait City Metropolitan Area,,,ChIJOWmmJq2Qzz8RNA2xf3QpbNo,2021-03-03,-28,-14,-24,-17,-27,8
KW,Kuwait,,,Kuwait City Metropolitan Area,,,ChIJOWmmJq2Qzz8RNA2xf3QpbNo,2021-03-04,-30,-13,-27,-19,-27,9
KW,Kuwait,,,Kuwait City Metropolitan Area,,,ChIJOWmmJq2Qzz8RNA2xf3QpbNo,2021-03-05,-29,-11,-29,-23,-26,7
KW,Kuwait,,,Kuwait City Metropolitan Area,,,ChIJOWmmJq2Qzz8RNA2xf3QpbNo,2021-03-06,-23,-6,-20,-17,-26,4
KW,Kuwait,,,Kuwait City Metropolitan Area,,,ChIJOWmmJq2Qzz8RNA2xf3QpbNo,2021-03-07,-43,-30,-44,-27,-30,13
KW,Kuwait,,,Kuwait City Metropolitan Area,,,ChIJOWmmJq2Qzz8RNA2xf3QpbNo,2021-03-08,-45,-26,-47,-24,-33,15
KW,Kuwait,,,Kuwait City Metropolitan Area,,,ChIJOWmmJq2Qzz8RNA2xf3QpbNo,2021-03-09,-43,-26,-43,-26,-32,15
KW,Kuwait,,,Kuwait City Metropolitan Area,,,ChIJOWmmJq2Qzz8RNA2xf3QpbNo,2021-03-10,-43,-25,-45,-28,-33,14
KW,Kuwait,,,Kuwait City Metropolitan Area,,,ChIJOWmmJq2Qzz8RNA2xf3QpbNo,2021-03-11,-43,-23,-44,-39,-59,24
KW,Kuwait,,,Kuwait City Metropolitan Area,,,ChIJOWmmJq2Qzz8RNA2xf3QpbNo,2021-03-12,-49,-28,-53,-40,-33,15
KW,Kuwait,,,Kuwait City Metropolitan Area,,,ChIJOWmmJq2Qzz8RNA2xf3QpbNo,2021-03-13,-41,-25,-45,-32,-31,12
KW,Kuwait,,,Kuwait City Metropolitan Area,,,ChIJOWmmJq2Qzz8RNA2xf3QpbNo,2021-03-14,-41,-23,-39,-27,-31,14
KW,Kuwait,,,Kuwait City Metropolitan Area,,,ChIJOWmmJq2Qzz8RNA2xf3QpbNo,2021-03-15,-43,-25,-44,-23,-32,15
KW,Kuwait,,,Kuwait City Metropolitan Area,,,ChIJOWmmJq2Qzz8RNA2xf3QpbNo,2021-03-16,-43,-26,-45,-27,-33,15
KW,Kuwait,,,Kuwait City Metropolitan Area,,,ChIJOWmmJq2Qzz8RNA2xf3QpbNo,2021-03-17,-43,-26,-44,-29,-32,15
KW,Kuwait,,,Kuwait City Metropolitan Area,,,ChIJOWmmJq2Qzz8RNA2xf3QpbNo,2021-03-18,-45,-27,-48,-30,-31,16
KW,Kuwait,,,Kuwait City Metropolitan Area,,,ChIJOWmmJq2Qzz8RNA2xf3QpbNo,2021-03-19,-43,-21,-47,-35,-29,13
KW,Kuwait,,,Kuwait City Metropolitan Area,,,ChIJOWmmJq2Qzz8RNA2xf3QpbNo,2021-03-20,-38,-20,-40,-30,-31,10
KW,Kuwait,,,Kuwait City Metropolitan Area,,,ChIJOWmmJq2Qzz8RNA2xf3QpbNo,2021-03-21,-40,-21,-38,-26,-30,13
KW,Kuwait,,,Kuwait City Metropolitan Area,,,ChIJOWmmJq2Qzz8RNA2xf3QpbNo,2021-03-22,-42,-23,-45,-24,-32,14
KW,Kuwait,,,Kuwait City Metropolitan Area,,,ChIJOWmmJq2Qzz8RNA2xf3QpbNo,2021-03-23,-38,-20,-39,-24,-31,13
KW,Kuwait,,,Kuwait City Metropolitan Area,,,ChIJOWmmJq2Qzz8RNA2xf3QpbNo,2021-03-24,-40,-22,-43,-28,-31,14
KW,Kuwait,,,Kuwait City Metropolitan Area,,,ChIJOWmmJq2Qzz8RNA2xf3QpbNo,2021-03-25,-40,-21,-43,-28,-30,14
KW,Kuwait,,,Kuwait City Metropolitan Area,,,ChIJOWmmJq2Qzz8RNA2xf3QpbNo,2021-03-26,-38,-16,-41,-31,-28,11
KW,Kuwait,,,Kuwait City Metropolitan Area,,,ChIJOWmmJq2Qzz8RNA2xf3QpbNo,2021-03-27,-35,-18,-37,-29,-29,8
KW,Kuwait,,,Kuwait City Metropolitan Area,,,ChIJOWmmJq2Qzz8RNA2xf3QpbNo,2021-03-28,-36,-18,-36,-26,-29,11
KW,Kuwait,,,Kuwait City Metropolitan Area,,,ChIJOWmmJq2Qzz8RNA2xf3QpbNo,2021-03-29,-37,-18,-39,-22,-31,12
KW,Kuwait,,,Kuwait City Metropolitan Area,,,ChIJOWmmJq2Qzz8RNA2xf3QpbNo,2021-03-30,-36,-19,-38,-24,-30,12
KW,Kuwait,,,Kuwait City Metropolitan Area,,,ChIJOWmmJq2Qzz8RNA2xf3QpbNo,2021-03-31,-36,-18,-38,-25,-31,13
KW,Kuwait,,,Kuwait City Metropolitan Area,,,ChIJOWmmJq2Qzz8RNA2xf3QpbNo,2021-04-01,-40,-21,-42,-26,-29,13
KW,Kuwait,,,Kuwait City Metropolitan Area,,,ChIJOWmmJq2Qzz8RNA2xf3QpbNo,2021-04-02,-37,-15,-39,-29,-27,10
KW,Kuwait,,,Kuwait City Metropolitan Area,,,ChIJOWmmJq2Qzz8RNA2xf3QpbNo,2021-04-03,-32,-13,-35,-26,-28,8
KW,Kuwait,,,Kuwait City Metropolitan Area,,,ChIJOWmmJq2Qzz8RNA2xf3QpbNo,2021-04-04,-34,-15,-33,-24,-29,11
KW,Kuwait,Al Ahmadi Governorate,,,KW-AH,,ChIJm7GOze2nzz8RPDjGMoytp6c,2021-01-01,-24,-20,-37,12,-28,7
KW,Kuwait,Al Ahmadi Governorate,,,KW-AH,,ChIJm7GOze2nzz8RPDjGMoytp6c,2021-01-02,-18,-11,-32,19,-36,10
KW,Kuwait,Al Ahmadi Governorate,,,KW-AH,,ChIJm7GOze2nzz8RPDjGMoytp6c,2021-01-03,-21,-11,-38,9,-47,15
KW,Kuwait,Al Ahmadi Governorate,,,KW-AH,,ChIJm7GOze2nzz8RPDjGMoytp6c,2021-01-04,-28,-21,-41,17,-27,9
KW,Kuwait,Al Ahmadi Governorate,,,KW-AH,,ChIJm7GOze2nzz8RPDjGMoytp6c,2021-01-05,-26,-18,-38,15,-27,9
KW,Kuwait,Al Ahmadi Governorate,,,KW-AH,,ChIJm7GOze2nzz8RPDjGMoytp6c,2021-01-06,-25,-17,-35,28,-27,9
KW,Kuwait,Al Ahmadi Governorate,,,KW-AH,,ChIJm7GOze2nzz8RPDjGMoytp6c,2021-01-07,-28,-18,-38,19,-25,9
KW,Kuwait,Al Ahmadi Governorate,,,KW-AH,,ChIJm7GOze2nzz8RPDjGMoytp6c,2021-01-08,-27,-21,-40,15,-25,7
KW,Kuwait,Al Ahmadi Governorate,,,KW-AH,,ChIJm7GOze2nzz8RPDjGMoytp6c,2021-01-09,-24,-18,-41,17,-27,7
KW,Kuwait,Al Ahmadi Governorate,,,KW-AH,,ChIJm7GOze2nzz8RPDjGMoytp6c,2021-01-10,-25,-17,-47,15,-27,7
KW,Kuwait,Al Ahmadi Governorate,,,KW-AH,,ChIJm7GOze2nzz8RPDjGMoytp6c,2021-01-11,-27,-22,-45,22,-28,8
KW,Kuwait,Al Ahmadi Governorate,,,KW-AH,,ChIJm7GOze2nzz8RPDjGMoytp6c,2021-01-12,-26,-22,-45,15,-28,8
KW,Kuwait,Al Ahmadi Governorate,,,KW-AH,,ChIJm7GOze2nzz8RPDjGMoytp6c,2021-01-13,-28,-24,-43,15,-29,7
KW,Kuwait,Al Ahmadi Governorate,,,KW-AH,,ChIJm7GOze2nzz8RPDjGMoytp6c,2021-01-14,-33,-28,-45,7,-31,7
KW,Kuwait,Al Ahmadi Governorate,,,KW-AH,,ChIJm7GOze2nzz8RPDjGMoytp6c,2021-01-15,-34,-32,-45,3,-35,5
KW,Kuwait,Al Ahmadi Governorate,,,KW-AH,,ChIJm7GOze2nzz8RPDjGMoytp6c,2021-01-16,-32,-28,-45,5,-36,5
KW,Kuwait,Al Ahmadi Governorate,,,KW-AH,,ChIJm7GOze2nzz8RPDjGMoytp6c,2021-01-17,-33,-28,-49,-1,-34,6
KW,Kuwait,Al Ahmadi Governorate,,,KW-AH,,ChIJm7GOze2nzz8RPDjGMoytp6c,2021-01-18,-34,-31,-45,8,-34,7
KW,Kuwait,Al Ahmadi Governorate,,,KW-AH,,ChIJm7GOze2nzz8RPDjGMoytp6c,2021-01-19,-32,-29,-45,7,-34,7
KW,Kuwait,Al Ahmadi Governorate,,,KW-AH,,ChIJm7GOze2nzz8RPDjGMoytp6c,2021-01-20,-32,-30,-43,7,-34,7
KW,Kuwait,Al Ahmadi Governorate,,,KW-AH,,ChIJm7GOze2nzz8RPDjGMoytp6c,2021-01-21,-35,-30,-49,1,-32,8
KW,Kuwait,Al Ahmadi Governorate,,,KW-AH,,ChIJm7GOze2nzz8RPDjGMoytp6c,2021-01-22,-36,-33,-50,-7,-33,7
KW,Kuwait,Al Ahmadi Governorate,,,KW-AH,,ChIJm7GOze2nzz8RPDjGMoytp6c,2021-01-23,-30,-27,-47,12,-34,7
KW,Kuwait,Al Ahmadi Governorate,,,KW-AH,,ChIJm7GOze2nzz8RPDjGMoytp6c,2021-01-24,-31,-25,-50,4,-33,7
KW,Kuwait,Al Ahmadi Governorate,,,KW-AH,,ChIJm7GOze2nzz8RPDjGMoytp6c,2021-01-25,-30,-27,-46,11,-34,7
KW,Kuwait,Al Ahmadi Governorate,,,KW-AH,,ChIJm7GOze2nzz8RPDjGMoytp6c,2021-01-26,-27,-24,-46,9,-34,7
KW,Kuwait,Al Ahmadi Governorate,,,KW-AH,,ChIJm7GOze2nzz8RPDjGMoytp6c,2021-01-27,-28,-26,-40,13,-33,7
KW,Kuwait,Al Ahmadi Governorate,,,KW-AH,,ChIJm7GOze2nzz8RPDjGMoytp6c,2021-01-28,-30,-25,-45,8,-31,7
KW,Kuwait,Al Ahmadi Governorate,,,KW-AH,,ChIJm7GOze2nzz8RPDjGMoytp6c,2021-01-29,-31,-27,-43,9,-33,5
KW,Kuwait,Al Ahmadi Governorate,,,KW-AH,,ChIJm7GOze2nzz8RPDjGMoytp6c,2021-01-30,-27,-19,-39,11,-32,4
KW,Kuwait,Al Ahmadi Governorate,,,KW-AH,,ChIJm7GOze2nzz8RPDjGMoytp6c,2021-01-31,-28,-18,-45,2,-33,5
KW,Kuwait,Al Ahmadi Governorate,,,KW-AH,,ChIJm7GOze2nzz8RPDjGMoytp6c,2021-02-01,-29,-23,-38,6,-33,5
KW,Kuwait,Al Ahmadi Governorate,,,KW-AH,,ChIJm7GOze2nzz8RPDjGMoytp6c,2021-02-02,-26,-20,-37,11,-33,6
KW,Kuwait,Al Ahmadi Governorate,,,KW-AH,,ChIJm7GOze2nzz8RPDjGMoytp6c,2021-02-03,-29,-24,-36,9,-33,7
KW,Kuwait,Al Ahmadi Governorate,,,KW-AH,,ChIJm7GOze2nzz8RPDjGMoytp6c,2021-02-04,-31,-21,-43,1,-32,7
KW,Kuwait,Al Ahmadi Governorate,,,KW-AH,,ChIJm7GOze2nzz8RPDjGMoytp6c,2021-02-05,-31,-25,-43,2,-33,6
KW,Kuwait,Al Ahmadi Governorate,,,KW-AH,,ChIJm7GOze2nzz8RPDjGMoytp6c,2021-02-06,-29,-23,-47,2,-33,6
KW,Kuwait,Al Ahmadi Governorate,,,KW-AH,,ChIJm7GOze2nzz8RPDjGMoytp6c,2021-02-07,-34,-24,-47,-5,-33,7
KW,Kuwait,Al Ahmadi Governorate,,,KW-AH,,ChIJm7GOze2nzz8RPDjGMoytp6c,2021-02-08,-34,-26,-44,5,-34,8
KW,Kuwait,Al Ahmadi Governorate,,,KW-AH,,ChIJm7GOze2nzz8RPDjGMoytp6c,2021-02-09,-31,-24,-41,-1,-34,8
KW,Kuwait,Al Ahmadi Governorate,,,KW-AH,,ChIJm7GOze2nzz8RPDjGMoytp6c,2021-02-10,-32,-24,-39,0,-34,8
KW,Kuwait,Al Ahmadi Governorate,,,KW-AH,,ChIJm7GOze2nzz8RPDjGMoytp6c,2021-02-11,-35,-25,-40,-3,-33,9
KW,Kuwait,Al Ahmadi Governorate,,,KW-AH,,ChIJm7GOze2nzz8RPDjGMoytp6c,2021-02-12,-36,-29,-44,-6,-34,8
KW,Kuwait,Al Ahmadi Governorate,,,KW-AH,,ChIJm7GOze2nzz8RPDjGMoytp6c,2021-02-13,-30,-23,-39,3,-35,6
KW,Kuwait,Al Ahmadi Governorate,,,KW-AH,,ChIJm7GOze2nzz8RPDjGMoytp6c,2021-02-14,-29,-21,-44,-8,-34,7
KW,Kuwait,Al Ahmadi Governorate,,,KW-AH,,ChIJm7GOze2nzz8RPDjGMoytp6c,2021-02-15,-33,-27,-39,-3,-36,7
KW,Kuwait,Al Ahmadi Governorate,,,KW-AH,,ChIJm7GOze2nzz8RPDjGMoytp6c,2021-02-16,-31,-26,-38,-6,-36,8
KW,Kuwait,Al Ahmadi Governorate,,,KW-AH,,ChIJm7GOze2nzz8RPDjGMoytp6c,2021-02-17,-33,-28,-39,-3,-35,8
KW,Kuwait,Al Ahmadi Governorate,,,KW-AH,,ChIJm7GOze2nzz8RPDjGMoytp6c,2021-02-18,-36,-28,-45,-6,-34,9
KW,Kuwait,Al Ahmadi Governorate,,,KW-AH,,ChIJm7GOze2nzz8RPDjGMoytp6c,2021-02-19,-36,-29,-44,-4,-34,7
KW,Kuwait,Al Ahmadi Governorate,,,KW-AH,,ChIJm7GOze2nzz8RPDjGMoytp6c,2021-02-20,-30,-22,-39,-1,-35,6
KW,Kuwait,Al Ahmadi Governorate,,,KW-AH,,ChIJm7GOze2nzz8RPDjGMoytp6c,2021-02-21,-30,-21,-45,-1,-34,6
KW,Kuwait,Al Ahmadi Governorate,,,KW-AH,,ChIJm7GOze2nzz8RPDjGMoytp6c,2021-02-22,-31,-25,-38,4,-35,7
KW,Kuwait,Al Ahmadi Governorate,,,KW-AH,,ChIJm7GOze2nzz8RPDjGMoytp6c,2021-02-23,-28,-24,-40,-1,-35,7
KW,Kuwait,Al Ahmadi Governorate,,,KW-AH,,ChIJm7GOze2nzz8RPDjGMoytp6c,2021-02-24,-27,-18,-34,0,-35,6
KW,Kuwait,Al Ahmadi Governorate,,,KW-AH,,ChIJm7GOze2nzz8RPDjGMoytp6c,2021-02-25,-32,-16,-37,-15,-62,22
KW,Kuwait,Al Ahmadi Governorate,,,KW-AH,,ChIJm7GOze2nzz8RPDjGMoytp6c,2021-02-26,-35,-24,-41,1,-38,8
KW,Kuwait,Al Ahmadi Governorate,,,KW-AH,,ChIJm7GOze2nzz8RPDjGMoytp6c,2021-02-27,-27,-14,-37,1,-47,10
KW,Kuwait,Al Ahmadi Governorate,,,KW-AH,,ChIJm7GOze2nzz8RPDjGMoytp6c,2021-02-28,-29,-16,-41,-4,-48,11
KW,Kuwait,Al Ahmadi Governorate,,,KW-AH,,ChIJm7GOze2nzz8RPDjGMoytp6c,2021-03-01,-34,-25,-40,5,-35,7
KW,Kuwait,Al Ahmadi Governorate,,,KW-AH,,ChIJm7GOze2nzz8RPDjGMoytp6c,2021-03-02,-30,-21,-37,4,-35,8
KW,Kuwait,Al Ahmadi Governorate,,,KW-AH,,ChIJm7GOze2nzz8RPDjGMoytp6c,2021-03-03,-32,-24,-35,6,-36,8
KW,Kuwait,Al Ahmadi Governorate,,,KW-AH,,ChIJm7GOze2nzz8RPDjGMoytp6c,2021-03-04,-35,-22,-40,0,-34,9
KW,Kuwait,Al Ahmadi Governorate,,,KW-AH,,ChIJm7GOze2nzz8RPDjGMoytp6c,2021-03-05,-35,-22,-46,-1,-34,7
KW,Kuwait,Al Ahmadi Governorate,,,KW-AH,,ChIJm7GOze2nzz8RPDjGMoytp6c,2021-03-06,-27,-13,-39,11,-36,6
KW,Kuwait,Al Ahmadi Governorate,,,KW-AH,,ChIJm7GOze2nzz8RPDjGMoytp6c,2021-03-07,-48,-36,-55,-18,-38,13
KW,Kuwait,Al Ahmadi Governorate,,,KW-AH,,ChIJm7GOze2nzz8RPDjGMoytp6c,2021-03-08,-48,-37,-51,-11,-40,14
KW,Kuwait,Al Ahmadi Governorate,,,KW-AH,,ChIJm7GOze2nzz8RPDjGMoytp6c,2021-03-09,-45,-34,-47,-11,-39,14
KW,Kuwait,Al Ahmadi Governorate,,,KW-AH,,ChIJm7GOze2nzz8RPDjGMoytp6c,2021-03-10,-44,-32,-44,-12,-40,14
KW,Kuwait,Al Ahmadi Governorate,,,KW-AH,,ChIJm7GOze2nzz8RPDjGMoytp6c,2021-03-11,-44,-25,-47,-21,-62,26
KW,Kuwait,Al Ahmadi Governorate,,,KW-AH,,ChIJm7GOze2nzz8RPDjGMoytp6c,2021-03-12,-51,-37,-56,-20,-39,14
KW,Kuwait,Al Ahmadi Governorate,,,KW-AH,,ChIJm7GOze2nzz8RPDjGMoytp6c,2021-03-13,-43,-30,-50,-12,-40,12
KW,Kuwait,Al Ahmadi Governorate,,,KW-AH,,ChIJm7GOze2nzz8RPDjGMoytp6c,2021-03-14,-44,-30,-51,-15,-39,13
KW,Kuwait,Al Ahmadi Governorate,,,KW-AH,,ChIJm7GOze2nzz8RPDjGMoytp6c,2021-03-15,-47,-34,-48,-10,-40,14
KW,Kuwait,Al Ahmadi Governorate,,,KW-AH,,ChIJm7GOze2nzz8RPDjGMoytp6c,2021-03-16,-45,-32,-47,-13,-40,14
KW,Kuwait,Al Ahmadi Governorate,,,KW-AH,,ChIJm7GOze2nzz8RPDjGMoytp6c,2021-03-17,-45,-34,-45,-15,-39,15
KW,Kuwait,Al Ahmadi Governorate,,,KW-AH,,ChIJm7GOze2nzz8RPDjGMoytp6c,2021-03-18,-50,-35,-48,-15,-38,15
KW,Kuwait,Al Ahmadi Governorate,,,KW-AH,,ChIJm7GOze2nzz8RPDjGMoytp6c,2021-03-19,-47,-31,-50,-14,-38,12
KW,Kuwait,Al Ahmadi Governorate,,,KW-AH,,ChIJm7GOze2nzz8RPDjGMoytp6c,2021-03-20,-41,-26,-46,-10,-39,11
KW,Kuwait,Al Ahmadi Governorate,,,KW-AH,,ChIJm7GOze2nzz8RPDjGMoytp6c,2021-03-21,-44,-28,-50,-13,-38,13
KW,Kuwait,Al Ahmadi Governorate,,,KW-AH,,ChIJm7GOze2nzz8RPDjGMoytp6c,2021-03-22,-46,-33,-47,-9,-39,13
KW,Kuwait,Al Ahmadi Governorate,,,KW-AH,,ChIJm7GOze2nzz8RPDjGMoytp6c,2021-03-23,-41,-28,-42,-7,-37,12
KW,Kuwait,Al Ahmadi Governorate,,,KW-AH,,ChIJm7GOze2nzz8RPDjGMoytp6c,2021-03-24,-44,-29,-44,-11,-38,13
KW,Kuwait,Al Ahmadi Governorate,,,KW-AH,,ChIJm7GOze2nzz8RPDjGMoytp6c,2021-03-25,-46,-28,-44,-15,-36,13
KW,Kuwait,Al Ahmadi Governorate,,,KW-AH,,ChIJm7GOze2nzz8RPDjGMoytp6c,2021-03-26,-44,-28,-48,-10,-37,10
KW,Kuwait,Al Ahmadi Governorate,,,KW-AH,,ChIJm7GOze2nzz8RPDjGMoytp6c,2021-03-27,-39,-25,-45,-7,-38,8
KW,Kuwait,Al Ahmadi Governorate,,,KW-AH,,ChIJm7GOze2nzz8RPDjGMoytp6c,2021-03-28,-41,-25,-50,-16,-38,11
KW,Kuwait,Al Ahmadi Governorate,,,KW-AH,,ChIJm7GOze2nzz8RPDjGMoytp6c,2021-03-29,-42,-28,-44,-7,-38,12
KW,Kuwait,Al Ahmadi Governorate,,,KW-AH,,ChIJm7GOze2nzz8RPDjGMoytp6c,2021-03-30,-41,-27,-42,-9,-38,12
KW,Kuwait,Al Ahmadi Governorate,,,KW-AH,,ChIJm7GOze2nzz8RPDjGMoytp6c,2021-03-31,-40,-28,-41,-7,-38,12
KW,Kuwait,Al Ahmadi Governorate,,,KW-AH,,ChIJm7GOze2nzz8RPDjGMoytp6c,2021-04-01,-45,-28,-44,-8,-36,13
KW,Kuwait,Al Ahmadi Governorate,,,KW-AH,,ChIJm7GOze2nzz8RPDjGMoytp6c,2021-04-02,-42,-27,-44,-1,-36,9
KW,Kuwait,Al Ahmadi Governorate,,,KW-AH,,ChIJm7GOze2nzz8RPDjGMoytp6c,2021-04-03,-36,-21,-44,-6,-37,9
KW,Kuwait,Al Ahmadi Governorate,,,KW-AH,,ChIJm7GOze2nzz8RPDjGMoytp6c,2021-04-04,-38,-22,-47,-10,-37,11
KW,Kuwait,Al Asimah Governate,,,KW-KU,,ChIJvY9dS9mNzz8RNv9jCvsjXeY,2021-01-01,-13,-25,24,16,-13,5
KW,Kuwait,Al Asimah Governate,,,KW-KU,,ChIJvY9dS9mNzz8RNv9jCvsjXeY,2021-01-02,-13,-20,24,25,-18,5
KW,Kuwait,Al Asimah Governate,,,KW-KU,,ChIJvY9dS9mNzz8RNv9jCvsjXeY,2021-01-03,-11,-20,19,11,-39,7
KW,Kuwait,Al Asimah Governate,,,KW-KU,,ChIJvY9dS9mNzz8RNv9jCvsjXeY,2021-01-04,-16,-20,10,32,-15,7
KW,Kuwait,Al Asimah Governate,,,KW-KU,,ChIJvY9dS9mNzz8RNv9jCvsjXeY,2021-01-05,-11,-18,15,32,-17,8
KW,Kuwait,Al Asimah Governate,,,KW-KU,,ChIJvY9dS9mNzz8RNv9jCvsjXeY,2021-01-06,-14,-19,16,23,-17,8
KW,Kuwait,Al Asimah Governate,,,KW-KU,,ChIJvY9dS9mNzz8RNv9jCvsjXeY,2021-01-07,-14,-19,13,20,-14,8
KW,Kuwait,Al Asimah Governate,,,KW-KU,,ChIJvY9dS9mNzz8RNv9jCvsjXeY,2021-01-08,-17,-24,15,8,-12,7
KW,Kuwait,Al Asimah Governate,,,KW-KU,,ChIJvY9dS9mNzz8RNv9jCvsjXeY,2021-01-09,-15,-23,10,28,-12,5
KW,Kuwait,Al Asimah Governate,,,KW-KU,,ChIJvY9dS9mNzz8RNv9jCvsjXeY,2021-01-10,-14,-21,-1,22,-17,7
KW,Kuwait,Al Asimah Governate,,,KW-KU,,ChIJvY9dS9mNzz8RNv9jCvsjXeY,2021-01-11,-16,-20,6,31,-17,8
KW,Kuwait,Al Asimah Governate,,,KW-KU,,ChIJvY9dS9mNzz8RNv9jCvsjXeY,2021-01-12,-14,-20,4,22,-17,7
KW,Kuwait,Al Asimah Governate,,,KW-KU,,ChIJvY9dS9mNzz8RNv9jCvsjXeY,2021-01-13,-17,-21,6,19,-18,6
KW,Kuwait,Al Asimah Governate,,,KW-KU,,ChIJvY9dS9mNzz8RNv9jCvsjXeY,2021-01-14,-18,-26,-1,17,-20,5
KW,Kuwait,Al Asimah Governate,,,KW-KU,,ChIJvY9dS9mNzz8RNv9jCvsjXeY,2021-01-15,-23,-34,4,0,-20,4
KW,Kuwait,Al Asimah Governate,,,KW-KU,,ChIJvY9dS9mNzz8RNv9jCvsjXeY,2021-01-16,-21,-31,-1,22,-19,3
KW,Kuwait,Al Asimah Governate,,,KW-KU,,ChIJvY9dS9mNzz8RNv9jCvsjXeY,2021-01-17,-21,-30,-10,12,-23,5
KW,Kuwait,Al Asimah Governate,,,KW-KU,,ChIJvY9dS9mNzz8RNv9jCvsjXeY,2021-01-18,-22,-30,3,21,-23,6
KW,Kuwait,Al Asimah Governate,,,KW-KU,,ChIJvY9dS9mNzz8RNv9jCvsjXeY,2021-01-19,-19,-28,-2,15,-23,5
KW,Kuwait,Al Asimah Governate,,,KW-KU,,ChIJvY9dS9mNzz8RNv9jCvsjXeY,2021-01-20,-21,-28,-3,17,-22,6
KW,Kuwait,Al Asimah Governate,,,KW-KU,,ChIJvY9dS9mNzz8RNv9jCvsjXeY,2021-01-21,-18,-28,-8,18,-21,6
KW,Kuwait,Al Asimah Governate,,,KW-KU,,ChIJvY9dS9mNzz8RNv9jCvsjXeY,2021-01-22,-24,-34,-17,-6,-20,7
KW,Kuwait,Al Asimah Governate,,,KW-KU,,ChIJvY9dS9mNzz8RNv9jCvsjXeY,2021-01-23,-19,-28,-6,23,-18,5
KW,Kuwait,Al Asimah Governate,,,KW-KU,,ChIJvY9dS9mNzz8RNv9jCvsjXeY,2021-01-24,-18,-28,-10,16,-22,6
KW,Kuwait,Al Asimah Governate,,,KW-KU,,ChIJvY9dS9mNzz8RNv9jCvsjXeY,2021-01-25,-19,-25,-1,29,-22,6
KW,Kuwait,Al Asimah Governate,,,KW-KU,,ChIJvY9dS9mNzz8RNv9jCvsjXeY,2021-01-26,-15,-23,0,23,-23,6
KW,Kuwait,Al Asimah Governate,,,KW-KU,,ChIJvY9dS9mNzz8RNv9jCvsjXeY,2021-01-27,-17,-23,2,20,-22,6
KW,Kuwait,Al Asimah Governate,,,KW-KU,,ChIJvY9dS9mNzz8RNv9jCvsjXeY,2021-01-28,-16,-24,-1,16,-20,6
KW,Kuwait,Al Asimah Governate,,,KW-KU,,ChIJvY9dS9mNzz8RNv9jCvsjXeY,2021-01-29,-18,-29,0,-1,-18,5
KW,Kuwait,Al Asimah Governate,,,KW-KU,,ChIJvY9dS9mNzz8RNv9jCvsjXeY,2021-01-30,-15,-23,6,21,-17,3
KW,Kuwait,Al Asimah Governate,,,KW-KU,,ChIJvY9dS9mNzz8RNv9jCvsjXeY,2021-01-31,-14,-21,0,9,-22,4
KW,Kuwait,Al Asimah Governate,,,KW-KU,,ChIJvY9dS9mNzz8RNv9jCvsjXeY,2021-02-01,-16,-22,10,21,-22,5
KW,Kuwait,Al Asimah Governate,,,KW-KU,,ChIJvY9dS9mNzz8RNv9jCvsjXeY,2021-02-02,-15,-20,11,14,-22,5
KW,Kuwait,Al Asimah Governate,,,KW-KU,,ChIJvY9dS9mNzz8RNv9jCvsjXeY,2021-02-03,-17,-22,11,16,-22,6
KW,Kuwait,Al Asimah Governate,,,KW-KU,,ChIJvY9dS9mNzz8RNv9jCvsjXeY,2021-02-04,-17,-21,6,8,-20,6
KW,Kuwait,Al Asimah Governate,,,KW-KU,,ChIJvY9dS9mNzz8RNv9jCvsjXeY,2021-02-05,-21,-28,2,-5,-18,6
KW,Kuwait,Al Asimah Governate,,,KW-KU,,ChIJvY9dS9mNzz8RNv9jCvsjXeY,2021-02-06,-19,-26,-3,9,-17,4
KW,Kuwait,Al Asimah Governate,,,KW-KU,,ChIJvY9dS9mNzz8RNv9jCvsjXeY,2021-02-07,-26,-26,-5,-3,-24,7
KW,Kuwait,Al Asimah Governate,,,KW-KU,,ChIJvY9dS9mNzz8RNv9jCvsjXeY,2021-02-08,-26,-25,2,15,-25,7
KW,Kuwait,Al Asimah Governate,,,KW-KU,,ChIJvY9dS9mNzz8RNv9jCvsjXeY,2021-02-09,-21,-22,3,8,-24,7
KW,Kuwait,Al Asimah Governate,,,KW-KU,,ChIJvY9dS9mNzz8RNv9jCvsjXeY,2021-02-10,-23,-21,7,7,-23,7
KW,Kuwait,Al Asimah Governate,,,KW-KU,,ChIJvY9dS9mNzz8RNv9jCvsjXeY,2021-02-11,-23,-23,4,-1,-23,7
KW,Kuwait,Al Asimah Governate,,,KW-KU,,ChIJvY9dS9mNzz8RNv9jCvsjXeY,2021-02-12,-28,-31,3,-22,-20,7
KW,Kuwait,Al Asimah Governate,,,KW-KU,,ChIJvY9dS9mNzz8RNv9jCvsjXeY,2021-02-13,-20,-24,6,4,-20,4
KW,Kuwait,Al Asimah Governate,,,KW-KU,,ChIJvY9dS9mNzz8RNv9jCvsjXeY,2021-02-14,-20,-23,0,-7,-25,6
KW,Kuwait,Al Asimah Governate,,,KW-KU,,ChIJvY9dS9mNzz8RNv9jCvsjXeY,2021-02-15,-24,-24,3,7,-25,7
KW,Kuwait,Al Asimah Governate,,,KW-KU,,ChIJvY9dS9mNzz8RNv9jCvsjXeY,2021-02-16,-21,-24,1,2,-25,7
KW,Kuwait,Al Asimah Governate,,,KW-KU,,ChIJvY9dS9mNzz8RNv9jCvsjXeY,2021-02-17,-24,-23,-3,-1,-25,8
KW,Kuwait,Al Asimah Governate,,,KW-KU,,ChIJvY9dS9mNzz8RNv9jCvsjXeY,2021-02-18,-24,-24,-6,-1,-23,8
KW,Kuwait,Al Asimah Governate,,,KW-KU,,ChIJvY9dS9mNzz8RNv9jCvsjXeY,2021-02-19,-29,-30,-2,-21,-20,8
KW,Kuwait,Al Asimah Governate,,,KW-KU,,ChIJvY9dS9mNzz8RNv9jCvsjXeY,2021-02-20,-23,-24,6,5,-19,4
KW,Kuwait,Al Asimah Governate,,,KW-KU,,ChIJvY9dS9mNzz8RNv9jCvsjXeY,2021-02-21,-20,-20,0,-3,-23,5
KW,Kuwait,Al Asimah Governate,,,KW-KU,,ChIJvY9dS9mNzz8RNv9jCvsjXeY,2021-02-22,-21,-19,6,9,-23,6
KW,Kuwait,Al Asimah Governate,,,KW-KU,,ChIJvY9dS9mNzz8RNv9jCvsjXeY,2021-02-23,-16,-20,7,5,-24,6
KW,Kuwait,Al Asimah Governate,,,KW-KU,,ChIJvY9dS9mNzz8RNv9jCvsjXeY,2021-02-24,-23,-15,4,6,-23,5
KW,Kuwait,Al Asimah Governate,,,KW-KU,,ChIJvY9dS9mNzz8RNv9jCvsjXeY,2021-02-25,-39,-23,-12,-20,-54,14
KW,Kuwait,Al Asimah Governate,,,KW-KU,,ChIJvY9dS9mNzz8RNv9jCvsjXeY,2021-02-26,-38,-30,-25,-22,-24,8
KW,Kuwait,Al Asimah Governate,,,KW-KU,,ChIJvY9dS9mNzz8RNv9jCvsjXeY,2021-02-27,-29,-23,-11,0,-27,5
KW,Kuwait,Al Asimah Governate,,,KW-KU,,ChIJvY9dS9mNzz8RNv9jCvsjXeY,2021-02-28,-24,-21,-9,-12,-42,6
KW,Kuwait,Al Asimah Governate,,,KW-KU,,ChIJvY9dS9mNzz8RNv9jCvsjXeY,2021-03-01,-28,-22,-6,16,-23,7
KW,Kuwait,Al Asimah Governate,,,KW-KU,,ChIJvY9dS9mNzz8RNv9jCvsjXeY,2021-03-02,-22,-16,-1,14,-24,7
KW,Kuwait,Al Asimah Governate,,,KW-KU,,ChIJvY9dS9mNzz8RNv9jCvsjXeY,2021-03-03,-25,-18,5,10,-24,8
KW,Kuwait,Al Asimah Governate,,,KW-KU,,ChIJvY9dS9mNzz8RNv9jCvsjXeY,2021-03-04,-27,-18,-2,5,-23,8
KW,Kuwait,Al Asimah Governate,,,KW-KU,,ChIJvY9dS9mNzz8RNv9jCvsjXeY,2021-03-05,-29,-22,-6,-7,-19,8
KW,Kuwait,Al Asimah Governate,,,KW-KU,,ChIJvY9dS9mNzz8RNv9jCvsjXeY,2021-03-06,-20,-14,12,19,-19,4
KW,Kuwait,Al Asimah Governate,,,KW-KU,,ChIJvY9dS9mNzz8RNv9jCvsjXeY,2021-03-07,-40,-36,-28,-6,-29,12
KW,Kuwait,Al Asimah Governate,,,KW-KU,,ChIJvY9dS9mNzz8RNv9jCvsjXeY,2021-03-08,-44,-35,-25,-3,-30,14
KW,Kuwait,Al Asimah Governate,,,KW-KU,,ChIJvY9dS9mNzz8RNv9jCvsjXeY,2021-03-09,-41,-32,-24,-5,-30,14
KW,Kuwait,Al Asimah Governate,,,KW-KU,,ChIJvY9dS9mNzz8RNv9jCvsjXeY,2021-03-10,-42,-31,-25,-7,-29,12
KW,Kuwait,Al Asimah Governate,,,KW-KU,,ChIJvY9dS9mNzz8RNv9jCvsjXeY,2021-03-11,-45,-32,-30,-25,-50,18
KW,Kuwait,Al Asimah Governate,,,KW-KU,,ChIJvY9dS9mNzz8RNv9jCvsjXeY,2021-03-12,-53,-42,-48,-41,-27,15
KW,Kuwait,Al Asimah Governate,,,KW-KU,,ChIJvY9dS9mNzz8RNv9jCvsjXeY,2021-03-13,-41,-35,-33,-8,-24,10
KW,Kuwait,Al Asimah Governate,,,KW-KU,,ChIJvY9dS9mNzz8RNv9jCvsjXeY,2021-03-14,-38,-32,-22,-10,-29,12
KW,Kuwait,Al Asimah Governate,,,KW-KU,,ChIJvY9dS9mNzz8RNv9jCvsjXeY,2021-03-15,-42,-33,-23,1,-30,14
KW,Kuwait,Al Asimah Governate,,,KW-KU,,ChIJvY9dS9mNzz8RNv9jCvsjXeY,2021-03-16,-40,-31,-25,-8,-30,14
KW,Kuwait,Al Asimah Governate,,,KW-KU,,ChIJvY9dS9mNzz8RNv9jCvsjXeY,2021-03-17,-42,-31,-26,-9,-30,14
KW,Kuwait,Al Asimah Governate,,,KW-KU,,ChIJvY9dS9mNzz8RNv9jCvsjXeY,2021-03-18,-43,-33,-33,-12,-28,14
KW,Kuwait,Al Asimah Governate,,,KW-KU,,ChIJvY9dS9mNzz8RNv9jCvsjXeY,2021-03-19,-46,-36,-39,-32,-24,13
KW,Kuwait,Al Asimah Governate,,,KW-KU,,ChIJvY9dS9mNzz8RNv9jCvsjXeY,2021-03-20,-38,-31,-25,-7,-24,10
KW,Kuwait,Al Asimah Governate,,,KW-KU,,ChIJvY9dS9mNzz8RNv9jCvsjXeY,2021-03-21,-37,-30,-25,-11,-29,12
KW,Kuwait,Al Asimah Governate,,,KW-KU,,ChIJvY9dS9mNzz8RNv9jCvsjXeY,2021-03-22,-41,-31,-27,-4,-30,13
KW,Kuwait,Al Asimah Governate,,,KW-KU,,ChIJvY9dS9mNzz8RNv9jCvsjXeY,2021-03-23,-35,-28,-24,-4,-28,12
KW,Kuwait,Al Asimah Governate,,,KW-KU,,ChIJvY9dS9mNzz8RNv9jCvsjXeY,2021-03-24,-38,-29,-31,-8,-29,13
KW,Kuwait,Al Asimah Governate,,,KW-KU,,ChIJvY9dS9mNzz8RNv9jCvsjXeY,2021-03-25,-38,-28,-30,-8,-26,13
KW,Kuwait,Al Asimah Governate,,,KW-KU,,ChIJvY9dS9mNzz8RNv9jCvsjXeY,2021-03-26,-38,-29,-34,-25,-22,12
KW,Kuwait,Al Asimah Governate,,,KW-KU,,ChIJvY9dS9mNzz8RNv9jCvsjXeY,2021-03-27,-34,-28,-23,-6,-24,7
KW,Kuwait,Al Asimah Governate,,,KW-KU,,ChIJvY9dS9mNzz8RNv9jCvsjXeY,2021-03-28,-33,-26,-24,-9,-28,11
KW,Kuwait,Al Asimah Governate,,,KW-KU,,ChIJvY9dS9mNzz8RNv9jCvsjXeY,2021-03-29,-35,-26,-24,0,-29,12
KW,Kuwait,Al Asimah Governate,,,KW-KU,,ChIJvY9dS9mNzz8RNv9jCvsjXeY,2021-03-30,-33,-25,-23,-2,-28,12
KW,Kuwait,Al Asimah Governate,,,KW-KU,,ChIJvY9dS9mNzz8RNv9jCvsjXeY,2021-03-31,-34,-24,-19,-5,-28,12
KW,Kuwait,Al Asimah Governate,,,KW-KU,,ChIJvY9dS9mNzz8RNv9jCvsjXeY,2021-04-01,-37,-26,-25,-7,-25,12
KW,Kuwait,Al Asimah Governate,,,KW-KU,,ChIJvY9dS9mNzz8RNv9jCvsjXeY,2021-04-02,-38,-26,-29,-24,-20,11
KW,Kuwait,Al Asimah Governate,,,KW-KU,,ChIJvY9dS9mNzz8RNv9jCvsjXeY,2021-04-03,-31,-23,-19,2,-23,8
KW,Kuwait,Al Asimah Governate,,,KW-KU,,ChIJvY9dS9mNzz8RNv9jCvsjXeY,2021-04-04,-32,-23,-17,-9,-27,11
KW,Kuwait,Al Farwaniyah Governorate,,,KW-FA,,ChIJXUiYX6Gazz8R4R7AzvKiGrg,2021-01-01,-34,-16,-36,-56,-23,6
KW,Kuwait,Al Farwaniyah Governorate,,,KW-FA,,ChIJXUiYX6Gazz8R4R7AzvKiGrg,2021-01-02,-28,-7,-30,-40,-33,10
KW,Kuwait,Al Farwaniyah Governorate,,,KW-FA,,ChIJXUiYX6Gazz8R4R7AzvKiGrg,2021-01-03,-30,-6,-33,-34,-41,14
KW,Kuwait,Al Farwaniyah Governorate,,,KW-FA,,ChIJXUiYX6Gazz8R4R7AzvKiGrg,2021-01-04,-32,-16,-36,-26,-19,8
KW,Kuwait,Al Farwaniyah Governorate,,,KW-FA,,ChIJXUiYX6Gazz8R4R7AzvKiGrg,2021-01-05,-31,-13,-32,-28,-21,7
KW,Kuwait,Al Farwaniyah Governorate,,,KW-FA,,ChIJXUiYX6Gazz8R4R7AzvKiGrg,2021-01-06,-29,-12,-41,-28,-20,8
KW,Kuwait,Al Farwaniyah Governorate,,,KW-FA,,ChIJXUiYX6Gazz8R4R7AzvKiGrg,2021-01-07,-30,-16,-44,-35,-19,9
KW,Kuwait,Al Farwaniyah Governorate,,,KW-FA,,ChIJXUiYX6Gazz8R4R7AzvKiGrg,2021-01-08,-32,-15,-43,-45,-21,6
KW,Kuwait,Al Farwaniyah Governorate,,,KW-FA,,ChIJXUiYX6Gazz8R4R7AzvKiGrg,2021-01-09,-28,-12,-45,-41,-20,6
KW,Kuwait,Al Farwaniyah Governorate,,,KW-FA,,ChIJXUiYX6Gazz8R4R7AzvKiGrg,2021-01-10,-26,-9,-50,-33,-21,6
KW,Kuwait,Al Farwaniyah Governorate,,,KW-FA,,ChIJXUiYX6Gazz8R4R7AzvKiGrg,2021-01-11,-30,-17,-48,-29,-19,7
KW,Kuwait,Al Farwaniyah Governorate,,,KW-FA,,ChIJXUiYX6Gazz8R4R7AzvKiGrg,2021-01-12,-30,-16,-48,-33,-21,7
KW,Kuwait,Al Farwaniyah Governorate,,,KW-FA,,ChIJXUiYX6Gazz8R4R7AzvKiGrg,2021-01-13,-33,-19,-49,-37,-22,6
KW,Kuwait,Al Farwaniyah Governorate,,,KW-FA,,ChIJXUiYX6Gazz8R4R7AzvKiGrg,2021-01-14,-34,-25,-53,-45,-24,6
KW,Kuwait,Al Farwaniyah Governorate,,,KW-FA,,ChIJXUiYX6Gazz8R4R7AzvKiGrg,2021-01-15,-38,-27,-49,-54,-30,4
KW,Kuwait,Al Farwaniyah Governorate,,,KW-FA,,ChIJXUiYX6Gazz8R4R7AzvKiGrg,2021-01-16,-34,-23,-55,-51,-29,4
KW,Kuwait,Al Farwaniyah Governorate,,,KW-FA,,ChIJXUiYX6Gazz8R4R7AzvKiGrg,2021-01-17,-34,-19,-54,-45,-28,5
KW,Kuwait,Al Farwaniyah Governorate,,,KW-FA,,ChIJXUiYX6Gazz8R4R7AzvKiGrg,2021-01-18,-36,-27,-54,-39,-27,6
KW,Kuwait,Al Farwaniyah Governorate,,,KW-FA,,ChIJXUiYX6Gazz8R4R7AzvKiGrg,2021-01-19,-35,-25,-51,-43,-28,6
KW,Kuwait,Al Farwaniyah Governorate,,,KW-FA,,ChIJXUiYX6Gazz8R4R7AzvKiGrg,2021-01-20,-35,-24,-51,-43,-28,7
KW,Kuwait,Al Farwaniyah Governorate,,,KW-FA,,ChIJXUiYX6Gazz8R4R7AzvKiGrg,2021-01-21,-35,-28,-56,-45,-27,8
KW,Kuwait,Al Farwaniyah Governorate,,,KW-FA,,ChIJXUiYX6Gazz8R4R7AzvKiGrg,2021-01-22,-38,-28,-55,-54,-31,6
KW,Kuwait,Al Farwaniyah Governorate,,,KW-FA,,ChIJXUiYX6Gazz8R4R7AzvKiGrg,2021-01-23,-31,-20,-51,-49,-28,6
KW,Kuwait,Al Farwaniyah Governorate,,,KW-FA,,ChIJXUiYX6Gazz8R4R7AzvKiGrg,2021-01-24,-31,-17,-55,-41,-27,6
KW,Kuwait,Al Farwaniyah Governorate,,,KW-FA,,ChIJXUiYX6Gazz8R4R7AzvKiGrg,2021-01-25,-32,-23,-51,-37,-26,6
KW,Kuwait,Al Farwaniyah Governorate,,,KW-FA,,ChIJXUiYX6Gazz8R4R7AzvKiGrg,2021-01-26,-30,-21,-48,-40,-28,5
KW,Kuwait,Al Farwaniyah Governorate,,,KW-FA,,ChIJXUiYX6Gazz8R4R7AzvKiGrg,2021-01-27,-32,-21,-46,-42,-28,6
KW,Kuwait,Al Farwaniyah Governorate,,,KW-FA,,ChIJXUiYX6Gazz8R4R7AzvKiGrg,2021-01-28,-31,-22,-47,-44,-26,6
KW,Kuwait,Al Farwaniyah Governorate,,,KW-FA,,ChIJXUiYX6Gazz8R4R7AzvKiGrg,2021-01-29,-34,-21,-45,-54,-29,3
KW,Kuwait,Al Farwaniyah Governorate,,,KW-FA,,ChIJXUiYX6Gazz8R4R7AzvKiGrg,2021-01-30,-29,-14,-43,-49,-27,3
KW,Kuwait,Al Farwaniyah Governorate,,,KW-FA,,ChIJXUiYX6Gazz8R4R7AzvKiGrg,2021-01-31,-29,-10,-46,-41,-27,4
KW,Kuwait,Al Farwaniyah Governorate,,,KW-FA,,ChIJXUiYX6Gazz8R4R7AzvKiGrg,2021-02-01,-30,-18,-39,-38,-27,5
KW,Kuwait,Al Farwaniyah Governorate,,,KW-FA,,ChIJXUiYX6Gazz8R4R7AzvKiGrg,2021-02-02,-30,-17,-38,-40,-28,4
KW,Kuwait,Al Farwaniyah Governorate,,,KW-FA,,ChIJXUiYX6Gazz8R4R7AzvKiGrg,2021-02-03,-31,-18,-44,-40,-28,6
KW,Kuwait,Al Farwaniyah Governorate,,,KW-FA,,ChIJXUiYX6Gazz8R4R7AzvKiGrg,2021-02-04,-32,-20,-49,-44,-27,7
KW,Kuwait,Al Farwaniyah Governorate,,,KW-FA,,ChIJXUiYX6Gazz8R4R7AzvKiGrg,2021-02-05,-34,-18,-49,-54,-29,5
KW,Kuwait,Al Farwaniyah Governorate,,,KW-FA,,ChIJXUiYX6Gazz8R4R7AzvKiGrg,2021-02-06,-32,-18,-50,-51,-27,5
KW,Kuwait,Al Farwaniyah Governorate,,,KW-FA,,ChIJXUiYX6Gazz8R4R7AzvKiGrg,2021-02-07,-36,-17,-47,-45,-28,7
KW,Kuwait,Al Farwaniyah Governorate,,,KW-FA,,ChIJXUiYX6Gazz8R4R7AzvKiGrg,2021-02-08,-37,-22,-47,-39,-28,7
KW,Kuwait,Al Farwaniyah Governorate,,,KW-FA,,ChIJXUiYX6Gazz8R4R7AzvKiGrg,2021-02-09,-37,-20,-44,-43,-29,7
KW,Kuwait,Al Farwaniyah Governorate,,,KW-FA,,ChIJXUiYX6Gazz8R4R7AzvKiGrg,2021-02-10,-37,-20,-44,-44,-28,7
KW,Kuwait,Al Farwaniyah Governorate,,,KW-FA,,ChIJXUiYX6Gazz8R4R7AzvKiGrg,2021-02-11,-37,-25,-46,-47,-27,9
KW,Kuwait,Al Farwaniyah Governorate,,,KW-FA,,ChIJXUiYX6Gazz8R4R7AzvKiGrg,2021-02-12,-39,-23,-41,-58,-29,7
KW,Kuwait,Al Farwaniyah Governorate,,,KW-FA,,ChIJXUiYX6Gazz8R4R7AzvKiGrg,2021-02-13,-32,-17,-38,-54,-28,5
KW,Kuwait,Al Farwaniyah Governorate,,,KW-FA,,ChIJXUiYX6Gazz8R4R7AzvKiGrg,2021-02-14,-32,-14,-41,-47,-28,6
KW,Kuwait,Al Farwaniyah Governorate,,,KW-FA,,ChIJXUiYX6Gazz8R4R7AzvKiGrg,2021-02-15,-35,-23,-42,-41,-28,6
KW,Kuwait,Al Farwaniyah Governorate,,,KW-FA,,ChIJXUiYX6Gazz8R4R7AzvKiGrg,2021-02-16,-35,-21,-38,-44,-29,6
KW,Kuwait,Al Farwaniyah Governorate,,,KW-FA,,ChIJXUiYX6Gazz8R4R7AzvKiGrg,2021-02-17,-37,-22,-44,-45,-28,7
KW,Kuwait,Al Farwaniyah Governorate,,,KW-FA,,ChIJXUiYX6Gazz8R4R7AzvKiGrg,2021-02-18,-37,-27,-48,-48,-26,9
KW,Kuwait,Al Farwaniyah Governorate,,,KW-FA,,ChIJXUiYX6Gazz8R4R7AzvKiGrg,2021-02-19,-39,-24,-43,-57,-28,6
KW,Kuwait,Al Farwaniyah Governorate,,,KW-FA,,ChIJXUiYX6Gazz8R4R7AzvKiGrg,2021-02-20,-32,-17,-39,-52,-26,5
KW,Kuwait,Al Farwaniyah Governorate,,,KW-FA,,ChIJXUiYX6Gazz8R4R7AzvKiGrg,2021-02-21,-32,-13,-42,-46,-27,5
KW,Kuwait,Al Farwaniyah Governorate,,,KW-FA,,ChIJXUiYX6Gazz8R4R7AzvKiGrg,2021-02-22,-33,-21,-40,-43,-26,6
KW,Kuwait,Al Farwaniyah Governorate,,,KW-FA,,ChIJXUiYX6Gazz8R4R7AzvKiGrg,2021-02-23,-35,-20,-41,-44,-28,5
KW,Kuwait,Al Farwaniyah Governorate,,,KW-FA,,ChIJXUiYX6Gazz8R4R7AzvKiGrg,2021-02-24,-34,-15,-42,-42,-28,6
KW,Kuwait,Al Farwaniyah Governorate,,,KW-FA,,ChIJXUiYX6Gazz8R4R7AzvKiGrg,2021-02-25,-38,-20,-42,-60,-63,25
KW,Kuwait,Al Farwaniyah Governorate,,,KW-FA,,ChIJXUiYX6Gazz8R4R7AzvKiGrg,2021-02-26,-40,-21,-44,-59,-33,7
KW,Kuwait,Al Farwaniyah Governorate,,,KW-FA,,ChIJXUiYX6Gazz8R4R7AzvKiGrg,2021-02-27,-32,-12,-38,-54,-40,10
KW,Kuwait,Al Farwaniyah Governorate,,,KW-FA,,ChIJXUiYX6Gazz8R4R7AzvKiGrg,2021-02-28,-34,-12,-41,-51,-41,11
KW,Kuwait,Al Farwaniyah Governorate,,,KW-FA,,ChIJXUiYX6Gazz8R4R7AzvKiGrg,2021-03-01,-36,-20,-39,-39,-26,7
KW,Kuwait,Al Farwaniyah Governorate,,,KW-FA,,ChIJXUiYX6Gazz8R4R7AzvKiGrg,2021-03-02,-35,-17,-35,-42,-28,6
KW,Kuwait,Al Farwaniyah Governorate,,,KW-FA,,ChIJXUiYX6Gazz8R4R7AzvKiGrg,2021-03-03,-36,-18,-36,-43,-27,7
KW,Kuwait,Al Farwaniyah Governorate,,,KW-FA,,ChIJXUiYX6Gazz8R4R7AzvKiGrg,2021-03-04,-37,-22,-38,-47,-26,8
KW,Kuwait,Al Farwaniyah Governorate,,,KW-FA,,ChIJXUiYX6Gazz8R4R7AzvKiGrg,2021-03-05,-37,-17,-37,-55,-29,6
KW,Kuwait,Al Farwaniyah Governorate,,,KW-FA,,ChIJXUiYX6Gazz8R4R7AzvKiGrg,2021-03-06,-30,-7,-34,-50,-27,4
KW,Kuwait,Al Farwaniyah Governorate,,,KW-FA,,ChIJXUiYX6Gazz8R4R7AzvKiGrg,2021-03-07,-47,-29,-53,-47,-32,13
KW,Kuwait,Al Farwaniyah Governorate,,,KW-FA,,ChIJXUiYX6Gazz8R4R7AzvKiGrg,2021-03-08,-50,-33,-53,-43,-32,15
KW,Kuwait,Al Farwaniyah Governorate,,,KW-FA,,ChIJXUiYX6Gazz8R4R7AzvKiGrg,2021-03-09,-49,-30,-46,-46,-33,14
KW,Kuwait,Al Farwaniyah Governorate,,,KW-FA,,ChIJXUiYX6Gazz8R4R7AzvKiGrg,2021-03-10,-50,-29,-51,-46,-33,15
KW,Kuwait,Al Farwaniyah Governorate,,,KW-FA,,ChIJXUiYX6Gazz8R4R7AzvKiGrg,2021-03-11,-50,-31,-53,-61,-58,27
KW,Kuwait,Al Farwaniyah Governorate,,,KW-FA,,ChIJXUiYX6Gazz8R4R7AzvKiGrg,2021-03-12,-53,-34,-56,-61,-35,13
KW,Kuwait,Al Farwaniyah Governorate,,,KW-FA,,ChIJXUiYX6Gazz8R4R7AzvKiGrg,2021-03-13,-45,-26,-49,-55,-32,12
KW,Kuwait,Al Farwaniyah Governorate,,,KW-FA,,ChIJXUiYX6Gazz8R4R7AzvKiGrg,2021-03-14,-46,-24,-50,-48,-33,13
KW,Kuwait,Al Farwaniyah Governorate,,,KW-FA,,ChIJXUiYX6Gazz8R4R7AzvKiGrg,2021-03-15,-49,-33,-52,-44,-31,15
KW,Kuwait,Al Farwaniyah Governorate,,,KW-FA,,ChIJXUiYX6Gazz8R4R7AzvKiGrg,2021-03-16,-49,-31,-51,-48,-34,14
KW,Kuwait,Al Farwaniyah Governorate,,,KW-FA,,ChIJXUiYX6Gazz8R4R7AzvKiGrg,2021-03-17,-50,-31,-51,-48,-33,15
KW,Kuwait,Al Farwaniyah Governorate,,,KW-FA,,ChIJXUiYX6Gazz8R4R7AzvKiGrg,2021-03-18,-52,-35,-54,-51,-31,17
KW,Kuwait,Al Farwaniyah Governorate,,,KW-FA,,ChIJXUiYX6Gazz8R4R7AzvKiGrg,2021-03-19,-49,-27,-54,-60,-32,11
KW,Kuwait,Al Farwaniyah Governorate,,,KW-FA,,ChIJXUiYX6Gazz8R4R7AzvKiGrg,2021-03-20,-44,-22,-47,-54,-32,11
KW,Kuwait,Al Farwaniyah Governorate,,,KW-FA,,ChIJXUiYX6Gazz8R4R7AzvKiGrg,2021-03-21,-45,-23,-50,-49,-33,13
KW,Kuwait,Al Farwaniyah Governorate,,,KW-FA,,ChIJXUiYX6Gazz8R4R7AzvKiGrg,2021-03-22,-49,-31,-53,-44,-31,14
KW,Kuwait,Al Farwaniyah Governorate,,,KW-FA,,ChIJXUiYX6Gazz8R4R7AzvKiGrg,2021-03-23,-45,-25,-44,-46,-31,11
KW,Kuwait,Al Farwaniyah Governorate,,,KW-FA,,ChIJXUiYX6Gazz8R4R7AzvKiGrg,2021-03-24,-47,-27,-49,-48,-31,14
KW,Kuwait,Al Farwaniyah Governorate,,,KW-FA,,ChIJXUiYX6Gazz8R4R7AzvKiGrg,2021-03-25,-47,-29,-50,-50,-29,14
KW,Kuwait,Al Farwaniyah Governorate,,,KW-FA,,ChIJXUiYX6Gazz8R4R7AzvKiGrg,2021-03-26,-44,-23,-46,-59,-29,9
KW,Kuwait,Al Farwaniyah Governorate,,,KW-FA,,ChIJXUiYX6Gazz8R4R7AzvKiGrg,2021-03-27,-42,-19,-44,-54,-30,8
KW,Kuwait,Al Farwaniyah Governorate,,,KW-FA,,ChIJXUiYX6Gazz8R4R7AzvKiGrg,2021-03-28,-42,-19,-47,-49,-31,11
KW,Kuwait,Al Farwaniyah Governorate,,,KW-FA,,ChIJXUiYX6Gazz8R4R7AzvKiGrg,2021-03-29,-44,-26,-48,-45,-30,12
KW,Kuwait,Al Farwaniyah Governorate,,,KW-FA,,ChIJXUiYX6Gazz8R4R7AzvKiGrg,2021-03-30,-43,-25,-45,-47,-31,11
KW,Kuwait,Al Farwaniyah Governorate,,,KW-FA,,ChIJXUiYX6Gazz8R4R7AzvKiGrg,2021-03-31,-44,-24,-46,-46,-31,12
KW,Kuwait,Al Farwaniyah Governorate,,,KW-FA,,ChIJXUiYX6Gazz8R4R7AzvKiGrg,2021-04-01,-46,-29,-51,-50,-29,14
KW,Kuwait,Al Farwaniyah Governorate,,,KW-FA,,ChIJXUiYX6Gazz8R4R7AzvKiGrg,2021-04-02,-44,-21,-46,-57,-30,8
KW,Kuwait,Al Farwaniyah Governorate,,,KW-FA,,ChIJXUiYX6Gazz8R4R7AzvKiGrg,2021-04-03,-38,-14,-45,-53,-29,9
KW,Kuwait,Al Farwaniyah Governorate,,,KW-FA,,ChIJXUiYX6Gazz8R4R7AzvKiGrg,2021-04-04,-39,-15,-47,-48,-32,11
KW,Kuwait,Al Jahra Governorate,,,KW-JA,,ChIJmxzDjW4zxT8RHSyOnKJvDrY,2021-01-01,-12,-4,-4,17,-23,7
KW,Kuwait,Al Jahra Governorate,,,KW-JA,,ChIJmxzDjW4zxT8RHSyOnKJvDrY,2021-01-02,-11,-3,0,12,-24,7
KW,Kuwait,Al Jahra Governorate,,,KW-JA,,ChIJmxzDjW4zxT8RHSyOnKJvDrY,2021-01-03,-12,-8,-6,-4,-35,10
KW,Kuwait,Al Jahra Governorate,,,KW-JA,,ChIJmxzDjW4zxT8RHSyOnKJvDrY,2021-01-04,-10,-9,-11,2,-20,10
KW,Kuwait,Al Jahra Governorate,,,KW-JA,,ChIJmxzDjW4zxT8RHSyOnKJvDrY,2021-01-05,-9,-6,-14,-3,-21,10
KW,Kuwait,Al Jahra Governorate,,,KW-JA,,ChIJmxzDjW4zxT8RHSyOnKJvDrY,2021-01-06,-9,-7,-6,11,-21,10
KW,Kuwait,Al Jahra Governorate,,,KW-JA,,ChIJmxzDjW4zxT8RHSyOnKJvDrY,2021-01-07,-10,-9,-9,15,-20,9
KW,Kuwait,Al Jahra Governorate,,,KW-JA,,ChIJmxzDjW4zxT8RHSyOnKJvDrY,2021-01-08,-13,-9,3,26,-24,7
KW,Kuwait,Al Jahra Governorate,,,KW-JA,,ChIJmxzDjW4zxT8RHSyOnKJvDrY,2021-01-09,-11,-9,-14,7,-22,6
KW,Kuwait,Al Jahra Governorate,,,KW-JA,,ChIJmxzDjW4zxT8RHSyOnKJvDrY,2021-01-10,-10,-10,-26,2,-20,7
KW,Kuwait,Al Jahra Governorate,,,KW-JA,,ChIJmxzDjW4zxT8RHSyOnKJvDrY,2021-01-11,-8,-13,-12,4,-21,8
KW,Kuwait,Al Jahra Governorate,,,KW-JA,,ChIJmxzDjW4zxT8RHSyOnKJvDrY,2021-01-12,-11,-11,-15,-3,-22,8
KW,Kuwait,Al Jahra Governorate,,,KW-JA,,ChIJmxzDjW4zxT8RHSyOnKJvDrY,2021-01-13,-13,-13,-15,2,-22,7
KW,Kuwait,Al Jahra Governorate,,,KW-JA,,ChIJmxzDjW4zxT8RHSyOnKJvDrY,2021-01-14,-16,-18,-18,-7,-25,5
KW,Kuwait,Al Jahra Governorate,,,KW-JA,,ChIJmxzDjW4zxT8RHSyOnKJvDrY,2021-01-15,-22,-18,0,-3,-30,5
KW,Kuwait,Al Jahra Governorate,,,KW-JA,,ChIJmxzDjW4zxT8RHSyOnKJvDrY,2021-01-16,-21,-20,-12,-6,-29,4
KW,Kuwait,Al Jahra Governorate,,,KW-JA,,ChIJmxzDjW4zxT8RHSyOnKJvDrY,2021-01-17,-20,-21,-30,-15,-25,5
KW,Kuwait,Al Jahra Governorate,,,KW-JA,,ChIJmxzDjW4zxT8RHSyOnKJvDrY,2021-01-18,-19,-21,-17,-5,-27,6
KW,Kuwait,Al Jahra Governorate,,,KW-JA,,ChIJmxzDjW4zxT8RHSyOnKJvDrY,2021-01-19,-19,-20,-21,-7,-27,5
KW,Kuwait,Al Jahra Governorate,,,KW-JA,,ChIJmxzDjW4zxT8RHSyOnKJvDrY,2021-01-20,-17,-21,-20,-4,-26,7
KW,Kuwait,Al Jahra Governorate,,,KW-JA,,ChIJmxzDjW4zxT8RHSyOnKJvDrY,2021-01-21,-16,-18,-18,-4,-27,6
KW,Kuwait,Al Jahra Governorate,,,KW-JA,,ChIJmxzDjW4zxT8RHSyOnKJvDrY,2021-01-22,-19,-18,-9,2,-29,8
KW,Kuwait,Al Jahra Governorate,,,KW-JA,,ChIJmxzDjW4zxT8RHSyOnKJvDrY,2021-01-23,-16,-16,-17,-6,-27,6
KW,Kuwait,Al Jahra Governorate,,,KW-JA,,ChIJmxzDjW4zxT8RHSyOnKJvDrY,2021-01-24,-16,-17,-27,-9,-27,6
KW,Kuwait,Al Jahra Governorate,,,KW-JA,,ChIJmxzDjW4zxT8RHSyOnKJvDrY,2021-01-25,-13,-15,-12,-6,-28,7
KW,Kuwait,Al Jahra Governorate,,,KW-JA,,ChIJmxzDjW4zxT8RHSyOnKJvDrY,2021-01-26,-12,-13,-15,-1,-30,5
KW,Kuwait,Al Jahra Governorate,,,KW-JA,,ChIJmxzDjW4zxT8RHSyOnKJvDrY,2021-01-27,-12,-15,-12,-4,-29,6
KW,Kuwait,Al Jahra Governorate,,,KW-JA,,ChIJmxzDjW4zxT8RHSyOnKJvDrY,2021-01-28,-12,-15,-14,-7,-29,5
KW,Kuwait,Al Jahra Governorate,,,KW-JA,,ChIJmxzDjW4zxT8RHSyOnKJvDrY,2021-01-29,-15,-13,-3,2,-27,4
KW,Kuwait,Al Jahra Governorate,,,KW-JA,,ChIJmxzDjW4zxT8RHSyOnKJvDrY,2021-01-30,-14,-10,-10,-4,-29,2
KW,Kuwait,Al Jahra Governorate,,,KW-JA,,ChIJmxzDjW4zxT8RHSyOnKJvDrY,2021-01-31,-15,-11,-22,-15,-29,3
KW,Kuwait,Al Jahra Governorate,,,KW-JA,,ChIJmxzDjW4zxT8RHSyOnKJvDrY,2021-02-01,-13,-13,-10,-12,-31,3
KW,Kuwait,Al Jahra Governorate,,,KW-JA,,ChIJmxzDjW4zxT8RHSyOnKJvDrY,2021-02-02,-14,-10,-8,-7,-31,3
KW,Kuwait,Al Jahra Governorate,,,KW-JA,,ChIJmxzDjW4zxT8RHSyOnKJvDrY,2021-02-03,-15,-13,-3,-5,-29,6
KW,Kuwait,Al Jahra Governorate,,,KW-JA,,ChIJmxzDjW4zxT8RHSyOnKJvDrY,2021-02-04,-13,-11,-4,-15,-30,5
KW,Kuwait,Al Jahra Governorate,,,KW-JA,,ChIJmxzDjW4zxT8RHSyOnKJvDrY,2021-02-05,-17,-12,1,-2,-31,6
KW,Kuwait,Al Jahra Governorate,,,KW-JA,,ChIJmxzDjW4zxT8RHSyOnKJvDrY,2021-02-06,-17,-12,-13,-1,-30,4
KW,Kuwait,Al Jahra Governorate,,,KW-JA,,ChIJmxzDjW4zxT8RHSyOnKJvDrY,2021-02-07,-21,-17,-17,-20,-31,7
KW,Kuwait,Al Jahra Governorate,,,KW-JA,,ChIJmxzDjW4zxT8RHSyOnKJvDrY,2021-02-08,-18,-15,-4,-8,-33,7
KW,Kuwait,Al Jahra Governorate,,,KW-JA,,ChIJmxzDjW4zxT8RHSyOnKJvDrY,2021-02-09,-18,-11,-14,-7,-33,6
KW,Kuwait,Al Jahra Governorate,,,KW-JA,,ChIJmxzDjW4zxT8RHSyOnKJvDrY,2021-02-10,-17,-12,-5,-5,-32,7
KW,Kuwait,Al Jahra Governorate,,,KW-JA,,ChIJmxzDjW4zxT8RHSyOnKJvDrY,2021-02-11,-18,-14,-9,-14,-32,6
KW,Kuwait,Al Jahra Governorate,,,KW-JA,,ChIJmxzDjW4zxT8RHSyOnKJvDrY,2021-02-12,-21,-14,-10,-18,-33,6
KW,Kuwait,Al Jahra Governorate,,,KW-JA,,ChIJmxzDjW4zxT8RHSyOnKJvDrY,2021-02-13,-18,-13,-14,-10,-32,3
KW,Kuwait,Al Jahra Governorate,,,KW-JA,,ChIJmxzDjW4zxT8RHSyOnKJvDrY,2021-02-14,-19,-15,-19,-22,-31,5
KW,Kuwait,Al Jahra Governorate,,,KW-JA,,ChIJmxzDjW4zxT8RHSyOnKJvDrY,2021-02-15,-18,-16,-9,-13,-33,5
KW,Kuwait,Al Jahra Governorate,,,KW-JA,,ChIJmxzDjW4zxT8RHSyOnKJvDrY,2021-02-16,-18,-14,-16,-15,-33,6
KW,Kuwait,Al Jahra Governorate,,,KW-JA,,ChIJmxzDjW4zxT8RHSyOnKJvDrY,2021-02-17,-18,-14,-11,-11,-31,6
KW,Kuwait,Al Jahra Governorate,,,KW-JA,,ChIJmxzDjW4zxT8RHSyOnKJvDrY,2021-02-18,-19,-15,-16,-16,-32,6
KW,Kuwait,Al Jahra Governorate,,,KW-JA,,ChIJmxzDjW4zxT8RHSyOnKJvDrY,2021-02-19,-23,-14,-7,-14,-31,7
KW,Kuwait,Al Jahra Governorate,,,KW-JA,,ChIJmxzDjW4zxT8RHSyOnKJvDrY,2021-02-20,-18,-10,-8,-7,-31,4
KW,Kuwait,Al Jahra Governorate,,,KW-JA,,ChIJmxzDjW4zxT8RHSyOnKJvDrY,2021-02-21,-17,-12,-19,-12,-30,4
KW,Kuwait,Al Jahra Governorate,,,KW-JA,,ChIJmxzDjW4zxT8RHSyOnKJvDrY,2021-02-22,-14,-11,-7,-16,-33,5
KW,Kuwait,Al Jahra Governorate,,,KW-JA,,ChIJmxzDjW4zxT8RHSyOnKJvDrY,2021-02-23,-17,-11,-14,-18,-32,4
KW,Kuwait,Al Jahra Governorate,,,KW-JA,,ChIJmxzDjW4zxT8RHSyOnKJvDrY,2021-02-24,-12,-4,1,-11,-32,4
KW,Kuwait,Al Jahra Governorate,,,KW-JA,,ChIJmxzDjW4zxT8RHSyOnKJvDrY,2021-02-25,-19,-11,1,-31,-49,10
KW,Kuwait,Al Jahra Governorate,,,KW-JA,,ChIJmxzDjW4zxT8RHSyOnKJvDrY,2021-02-26,-18,-8,-7,-15,-33,6
KW,Kuwait,Al Jahra Governorate,,,KW-JA,,ChIJmxzDjW4zxT8RHSyOnKJvDrY,2021-02-27,-17,-6,-9,-16,-34,4
KW,Kuwait,Al Jahra Governorate,,,KW-JA,,ChIJmxzDjW4zxT8RHSyOnKJvDrY,2021-02-28,-16,-9,-16,-32,-42,7
KW,Kuwait,Al Jahra Governorate,,,KW-JA,,ChIJmxzDjW4zxT8RHSyOnKJvDrY,2021-03-01,-13,-10,-10,-17,-30,5
KW,Kuwait,Al Jahra Governorate,,,KW-JA,,ChIJmxzDjW4zxT8RHSyOnKJvDrY,2021-03-02,-15,-9,-19,-22,-31,6
KW,Kuwait,Al Jahra Governorate,,,KW-JA,,ChIJmxzDjW4zxT8RHSyOnKJvDrY,2021-03-03,-15,-10,-10,-15,-30,7
KW,Kuwait,Al Jahra Governorate,,,KW-JA,,ChIJmxzDjW4zxT8RHSyOnKJvDrY,2021-03-04,-16,-10,-11,-16,-29,6
KW,Kuwait,Al Jahra Governorate,,,KW-JA,,ChIJmxzDjW4zxT8RHSyOnKJvDrY,2021-03-05,-16,-8,-10,-17,-30,6
KW,Kuwait,Al Jahra Governorate,,,KW-JA,,ChIJmxzDjW4zxT8RHSyOnKJvDrY,2021-03-06,-12,-4,-11,-6,-29,3
KW,Kuwait,Al Jahra Governorate,,,KW-JA,,ChIJmxzDjW4zxT8RHSyOnKJvDrY,2021-03-07,-34,-30,-33,-29,-34,12
KW,Kuwait,Al Jahra Governorate,,,KW-JA,,ChIJmxzDjW4zxT8RHSyOnKJvDrY,2021-03-08,-30,-25,-27,-27,-37,14
KW,Kuwait,Al Jahra Governorate,,,KW-JA,,ChIJmxzDjW4zxT8RHSyOnKJvDrY,2021-03-09,-30,-22,-31,-25,-38,14
KW,Kuwait,Al Jahra Governorate,,,KW-JA,,ChIJmxzDjW4zxT8RHSyOnKJvDrY,2021-03-10,-28,-20,-26,-28,-37,13
KW,Kuwait,Al Jahra Governorate,,,KW-JA,,ChIJmxzDjW4zxT8RHSyOnKJvDrY,2021-03-11,-29,-22,-26,-38,-50,17
KW,Kuwait,Al Jahra Governorate,,,KW-JA,,ChIJmxzDjW4zxT8RHSyOnKJvDrY,2021-03-12,-35,-27,-38,-34,-38,15
KW,Kuwait,Al Jahra Governorate,,,KW-JA,,ChIJmxzDjW4zxT8RHSyOnKJvDrY,2021-03-13,-28,-20,-32,-31,-34,11
KW,Kuwait,Al Jahra Governorate,,,KW-JA,,ChIJmxzDjW4zxT8RHSyOnKJvDrY,2021-03-14,-28,-22,-31,-33,-35,12
KW,Kuwait,Al Jahra Governorate,,,KW-JA,,ChIJmxzDjW4zxT8RHSyOnKJvDrY,2021-03-15,-27,-23,-24,-28,-35,13
KW,Kuwait,Al Jahra Governorate,,,KW-JA,,ChIJmxzDjW4zxT8RHSyOnKJvDrY,2021-03-16,-30,-23,-29,-28,-36,13
KW,Kuwait,Al Jahra Governorate,,,KW-JA,,ChIJmxzDjW4zxT8RHSyOnKJvDrY,2021-03-17,-30,-23,-24,-23,-35,13
KW,Kuwait,Al Jahra Governorate,,,KW-JA,,ChIJmxzDjW4zxT8RHSyOnKJvDrY,2021-03-18,-30,-23,-29,-30,-33,13
KW,Kuwait,Al Jahra Governorate,,,KW-JA,,ChIJmxzDjW4zxT8RHSyOnKJvDrY,2021-03-19,-34,-16,-30,-37,-33,13
KW,Kuwait,Al Jahra Governorate,,,KW-JA,,ChIJmxzDjW4zxT8RHSyOnKJvDrY,2021-03-20,-29,-14,-30,-29,-33,10
KW,Kuwait,Al Jahra Governorate,,,KW-JA,,ChIJmxzDjW4zxT8RHSyOnKJvDrY,2021-03-21,-30,-16,-33,-34,-35,12
KW,Kuwait,Al Jahra Governorate,,,KW-JA,,ChIJmxzDjW4zxT8RHSyOnKJvDrY,2021-03-22,-29,-19,-27,-34,-36,13
KW,Kuwait,Al Jahra Governorate,,,KW-JA,,ChIJmxzDjW4zxT8RHSyOnKJvDrY,2021-03-23,-26,-12,-27,-26,-35,11
KW,Kuwait,Al Jahra Governorate,,,KW-JA,,ChIJmxzDjW4zxT8RHSyOnKJvDrY,2021-03-24,-30,-20,-26,-32,-35,13
KW,Kuwait,Al Jahra Governorate,,,KW-JA,,ChIJmxzDjW4zxT8RHSyOnKJvDrY,2021-03-25,-25,-14,-24,-28,-32,12
KW,Kuwait,Al Jahra Governorate,,,KW-JA,,ChIJmxzDjW4zxT8RHSyOnKJvDrY,2021-03-26,-25,-13,-28,-21,-33,11
KW,Kuwait,Al Jahra Governorate,,,KW-JA,,ChIJmxzDjW4zxT8RHSyOnKJvDrY,2021-03-27,-26,-14,-28,-31,-32,7
KW,Kuwait,Al Jahra Governorate,,,KW-JA,,ChIJmxzDjW4zxT8RHSyOnKJvDrY,2021-03-28,-24,-13,-29,-32,-33,10
KW,Kuwait,Al Jahra Governorate,,,KW-JA,,ChIJmxzDjW4zxT8RHSyOnKJvDrY,2021-03-29,-24,-16,-18,-23,-35,11
KW,Kuwait,Al Jahra Governorate,,,KW-JA,,ChIJmxzDjW4zxT8RHSyOnKJvDrY,2021-03-30,-26,-14,-24,-28,-34,11
KW,Kuwait,Al Jahra Governorate,,,KW-JA,,ChIJmxzDjW4zxT8RHSyOnKJvDrY,2021-03-31,-24,-13,-24,-21,-35,12
KW,Kuwait,Al Jahra Governorate,,,KW-JA,,ChIJmxzDjW4zxT8RHSyOnKJvDrY,2021-04-01,-24,-16,-24,-24,-32,11
KW,Kuwait,Al Jahra Governorate,,,KW-JA,,ChIJmxzDjW4zxT8RHSyOnKJvDrY,2021-04-02,-25,-14,-27,-29,-32,11
KW,Kuwait,Al Jahra Governorate,,,KW-JA,,ChIJmxzDjW4zxT8RHSyOnKJvDrY,2021-04-03,-21,-8,-26,-27,-32,8
KW,Kuwait,Al Jahra Governorate,,,KW-JA,,ChIJmxzDjW4zxT8RHSyOnKJvDrY,2021-04-04,-23,-13,-29,-29,-32,10
KW,Kuwait,Hawalli Governorate,,,KW-HA,,ChIJ9y4wzsydzz8RRjWrvMeem-w,2021-01-01,-19,-5,-12,21,-16,5
KW,Kuwait,Hawalli Governorate,,,KW-HA,,ChIJ9y4wzsydzz8RRjWrvMeem-w,2021-01-02,-16,-3,-3,13,-25,5
KW,Kuwait,Hawalli Governorate,,,KW-HA,,ChIJ9y4wzsydzz8RRjWrvMeem-w,2021-01-03,-16,1,1,15,-46,12
KW,Kuwait,Hawalli Governorate,,,KW-HA,,ChIJ9y4wzsydzz8RRjWrvMeem-w,2021-01-04,-24,-2,-11,17,-16,8
KW,Kuwait,Hawalli Governorate,,,KW-HA,,ChIJ9y4wzsydzz8RRjWrvMeem-w,2021-01-05,-20,-3,-11,29,-16,8
KW,Kuwait,Hawalli Governorate,,,KW-HA,,ChIJ9y4wzsydzz8RRjWrvMeem-w,2021-01-06,-19,-3,-11,20,-16,8
KW,Kuwait,Hawalli Governorate,,,KW-HA,,ChIJ9y4wzsydzz8RRjWrvMeem-w,2021-01-07,-21,-4,-16,20,-17,8
KW,Kuwait,Hawalli Governorate,,,KW-HA,,ChIJ9y4wzsydzz8RRjWrvMeem-w,2021-01-08,-20,-4,-14,27,-15,6
KW,Kuwait,Hawalli Governorate,,,KW-HA,,ChIJ9y4wzsydzz8RRjWrvMeem-w,2021-01-09,-20,-6,-16,26,-12,5
KW,Kuwait,Hawalli Governorate,,,KW-HA,,ChIJ9y4wzsydzz8RRjWrvMeem-w,2021-01-10,-20,-2,-23,19,-15,7
KW,Kuwait,Hawalli Governorate,,,KW-HA,,ChIJ9y4wzsydzz8RRjWrvMeem-w,2021-01-11,-24,-3,-17,33,-16,8
KW,Kuwait,Hawalli Governorate,,,KW-HA,,ChIJ9y4wzsydzz8RRjWrvMeem-w,2021-01-12,-21,-6,-20,33,-16,8
KW,Kuwait,Hawalli Governorate,,,KW-HA,,ChIJ9y4wzsydzz8RRjWrvMeem-w,2021-01-13,-23,-7,-18,25,-17,7
KW,Kuwait,Hawalli Governorate,,,KW-HA,,ChIJ9y4wzsydzz8RRjWrvMeem-w,2021-01-14,-25,-11,-24,18,-19,7
KW,Kuwait,Hawalli Governorate,,,KW-HA,,ChIJ9y4wzsydzz8RRjWrvMeem-w,2021-01-15,-24,-12,-22,26,-22,4
KW,Kuwait,Hawalli Governorate,,,KW-HA,,ChIJ9y4wzsydzz8RRjWrvMeem-w,2021-01-16,-24,-13,-21,18,-20,4
KW,Kuwait,Hawalli Governorate,,,KW-HA,,ChIJ9y4wzsydzz8RRjWrvMeem-w,2021-01-17,-25,-10,-27,13,-21,6
KW,Kuwait,Hawalli Governorate,,,KW-HA,,ChIJ9y4wzsydzz8RRjWrvMeem-w,2021-01-18,-27,-11,-16,20,-22,6
KW,Kuwait,Hawalli Governorate,,,KW-HA,,ChIJ9y4wzsydzz8RRjWrvMeem-w,2021-01-19,-23,-13,-18,25,-20,6
KW,Kuwait,Hawalli Governorate,,,KW-HA,,ChIJ9y4wzsydzz8RRjWrvMeem-w,2021-01-20,-25,-13,-21,20,-21,7
KW,Kuwait,Hawalli Governorate,,,KW-HA,,ChIJ9y4wzsydzz8RRjWrvMeem-w,2021-01-21,-26,-13,-30,12,-20,7
KW,Kuwait,Hawalli Governorate,,,KW-HA,,ChIJ9y4wzsydzz8RRjWrvMeem-w,2021-01-22,-26,-12,-31,16,-22,7
KW,Kuwait,Hawalli Governorate,,,KW-HA,,ChIJ9y4wzsydzz8RRjWrvMeem-w,2021-01-23,-24,-11,-23,14,-18,5
KW,Kuwait,Hawalli Governorate,,,KW-HA,,ChIJ9y4wzsydzz8RRjWrvMeem-w,2021-01-24,-24,-10,-27,8,-20,6
KW,Kuwait,Hawalli Governorate,,,KW-HA,,ChIJ9y4wzsydzz8RRjWrvMeem-w,2021-01-25,-26,-9,-18,19,-21,6
KW,Kuwait,Hawalli Governorate,,,KW-HA,,ChIJ9y4wzsydzz8RRjWrvMeem-w,2021-01-26,-21,-10,-18,30,-20,6
KW,Kuwait,Hawalli Governorate,,,KW-HA,,ChIJ9y4wzsydzz8RRjWrvMeem-w,2021-01-27,-23,-10,-22,20,-20,6
KW,Kuwait,Hawalli Governorate,,,KW-HA,,ChIJ9y4wzsydzz8RRjWrvMeem-w,2021-01-28,-22,-9,-23,15,-20,6
KW,Kuwait,Hawalli Governorate,,,KW-HA,,ChIJ9y4wzsydzz8RRjWrvMeem-w,2021-01-29,-20,-5,-22,22,-20,5
KW,Kuwait,Hawalli Governorate,,,KW-HA,,ChIJ9y4wzsydzz8RRjWrvMeem-w,2021-01-30,-17,-4,-16,15,-17,3
KW,Kuwait,Hawalli Governorate,,,KW-HA,,ChIJ9y4wzsydzz8RRjWrvMeem-w,2021-01-31,-19,-1,-22,14,-19,5
KW,Kuwait,Hawalli Governorate,,,KW-HA,,ChIJ9y4wzsydzz8RRjWrvMeem-w,2021-02-01,-22,-3,-15,20,-21,5
KW,Kuwait,Hawalli Governorate,,,KW-HA,,ChIJ9y4wzsydzz8RRjWrvMeem-w,2021-02-02,-18,-5,-15,21,-20,6
KW,Kuwait,Hawalli Governorate,,,KW-HA,,ChIJ9y4wzsydzz8RRjWrvMeem-w,2021-02-03,-21,-7,-18,8,-20,6
KW,Kuwait,Hawalli Governorate,,,KW-HA,,ChIJ9y4wzsydzz8RRjWrvMeem-w,2021-02-04,-22,-7,-26,4,-20,6
KW,Kuwait,Hawalli Governorate,,,KW-HA,,ChIJ9y4wzsydzz8RRjWrvMeem-w,2021-02-05,-20,-4,-21,3,-20,5
KW,Kuwait,Hawalli Governorate,,,KW-HA,,ChIJ9y4wzsydzz8RRjWrvMeem-w,2021-02-06,-20,-7,-26,-4,-17,5
KW,Kuwait,Hawalli Governorate,,,KW-HA,,ChIJ9y4wzsydzz8RRjWrvMeem-w,2021-02-07,-28,-8,-25,-10,-22,8
KW,Kuwait,Hawalli Governorate,,,KW-HA,,ChIJ9y4wzsydzz8RRjWrvMeem-w,2021-02-08,-30,-7,-20,9,-23,8
KW,Kuwait,Hawalli Governorate,,,KW-HA,,ChIJ9y4wzsydzz8RRjWrvMeem-w,2021-02-09,-25,-7,-18,11,-23,9
KW,Kuwait,Hawalli Governorate,,,KW-HA,,ChIJ9y4wzsydzz8RRjWrvMeem-w,2021-02-10,-26,-7,-15,1,-23,8
KW,Kuwait,Hawalli Governorate,,,KW-HA,,ChIJ9y4wzsydzz8RRjWrvMeem-w,2021-02-11,-29,-9,-24,-2,-22,9
KW,Kuwait,Hawalli Governorate,,,KW-HA,,ChIJ9y4wzsydzz8RRjWrvMeem-w,2021-02-12,-26,-8,-20,6,-25,7
KW,Kuwait,Hawalli Governorate,,,KW-HA,,ChIJ9y4wzsydzz8RRjWrvMeem-w,2021-02-13,-22,-6,-15,3,-21,5
KW,Kuwait,Hawalli Governorate,,,KW-HA,,ChIJ9y4wzsydzz8RRjWrvMeem-w,2021-02-14,-21,-3,-17,3,-21,7
KW,Kuwait,Hawalli Governorate,,,KW-HA,,ChIJ9y4wzsydzz8RRjWrvMeem-w,2021-02-15,-27,-6,-16,8,-23,8
KW,Kuwait,Hawalli Governorate,,,KW-HA,,ChIJ9y4wzsydzz8RRjWrvMeem-w,2021-02-16,-23,-8,-17,11,-22,8
KW,Kuwait,Hawalli Governorate,,,KW-HA,,ChIJ9y4wzsydzz8RRjWrvMeem-w,2021-02-17,-26,-8,-24,4,-23,8
KW,Kuwait,Hawalli Governorate,,,KW-HA,,ChIJ9y4wzsydzz8RRjWrvMeem-w,2021-02-18,-29,-10,-32,0,-22,9
KW,Kuwait,Hawalli Governorate,,,KW-HA,,ChIJ9y4wzsydzz8RRjWrvMeem-w,2021-02-19,-25,-7,-22,3,-23,7
KW,Kuwait,Hawalli Governorate,,,KW-HA,,ChIJ9y4wzsydzz8RRjWrvMeem-w,2021-02-20,-23,-6,-18,4,-19,5
KW,Kuwait,Hawalli Governorate,,,KW-HA,,ChIJ9y4wzsydzz8RRjWrvMeem-w,2021-02-21,-22,-2,-19,-2,-21,7
KW,Kuwait,Hawalli Governorate,,,KW-HA,,ChIJ9y4wzsydzz8RRjWrvMeem-w,2021-02-22,-24,-2,-13,10,-23,7
KW,Kuwait,Hawalli Governorate,,,KW-HA,,ChIJ9y4wzsydzz8RRjWrvMeem-w,2021-02-23,-21,-5,-19,15,-22,7
KW,Kuwait,Hawalli Governorate,,,KW-HA,,ChIJ9y4wzsydzz8RRjWrvMeem-w,2021-02-24,-25,0,-19,8,-24,7
KW,Kuwait,Hawalli Governorate,,,KW-HA,,ChIJ9y4wzsydzz8RRjWrvMeem-w,2021-02-25,-34,-6,-22,-9,-64,20
KW,Kuwait,Hawalli Governorate,,,KW-HA,,ChIJ9y4wzsydzz8RRjWrvMeem-w,2021-02-26,-33,-5,-29,7,-27,9
KW,Kuwait,Hawalli Governorate,,,KW-HA,,ChIJ9y4wzsydzz8RRjWrvMeem-w,2021-02-27,-27,-4,-19,3,-35,8
KW,Kuwait,Hawalli Governorate,,,KW-HA,,ChIJ9y4wzsydzz8RRjWrvMeem-w,2021-02-28,-25,-1,-14,4,-46,12
KW,Kuwait,Hawalli Governorate,,,KW-HA,,ChIJ9y4wzsydzz8RRjWrvMeem-w,2021-03-01,-32,-4,-20,8,-22,8
KW,Kuwait,Hawalli Governorate,,,KW-HA,,ChIJ9y4wzsydzz8RRjWrvMeem-w,2021-03-02,-26,-4,-18,14,-22,8
KW,Kuwait,Hawalli Governorate,,,KW-HA,,ChIJ9y4wzsydzz8RRjWrvMeem-w,2021-03-03,-28,-5,-16,7,-23,9
KW,Kuwait,Hawalli Governorate,,,KW-HA,,ChIJ9y4wzsydzz8RRjWrvMeem-w,2021-03-04,-30,-2,-23,7,-23,9
KW,Kuwait,Hawalli Governorate,,,KW-HA,,ChIJ9y4wzsydzz8RRjWrvMeem-w,2021-03-05,-27,2,-21,11,-24,8
KW,Kuwait,Hawalli Governorate,,,KW-HA,,ChIJ9y4wzsydzz8RRjWrvMeem-w,2021-03-06,-21,4,-12,11,-19,5
KW,Kuwait,Hawalli Governorate,,,KW-HA,,ChIJ9y4wzsydzz8RRjWrvMeem-w,2021-03-07,-45,-26,-46,-14,-26,14
KW,Kuwait,Hawalli Governorate,,,KW-HA,,ChIJ9y4wzsydzz8RRjWrvMeem-w,2021-03-08,-47,-21,-45,-4,-28,16
KW,Kuwait,Hawalli Governorate,,,KW-HA,,ChIJ9y4wzsydzz8RRjWrvMeem-w,2021-03-09,-44,-20,-45,-3,-27,16
KW,Kuwait,Hawalli Governorate,,,KW-HA,,ChIJ9y4wzsydzz8RRjWrvMeem-w,2021-03-10,-44,-18,-45,-11,-29,15
KW,Kuwait,Hawalli Governorate,,,KW-HA,,ChIJ9y4wzsydzz8RRjWrvMeem-w,2021-03-11,-43,-17,-38,-12,-61,24
KW,Kuwait,Hawalli Governorate,,,KW-HA,,ChIJ9y4wzsydzz8RRjWrvMeem-w,2021-03-12,-47,-19,-47,-12,-31,15
KW,Kuwait,Hawalli Governorate,,,KW-HA,,ChIJ9y4wzsydzz8RRjWrvMeem-w,2021-03-13,-41,-18,-42,-13,-26,12
KW,Kuwait,Hawalli Governorate,,,KW-HA,,ChIJ9y4wzsydzz8RRjWrvMeem-w,2021-03-14,-43,-17,-39,-11,-27,14
KW,Kuwait,Hawalli Governorate,,,KW-HA,,ChIJ9y4wzsydzz8RRjWrvMeem-w,2021-03-15,-46,-19,-41,-6,-28,15
KW,Kuwait,Hawalli Governorate,,,KW-HA,,ChIJ9y4wzsydzz8RRjWrvMeem-w,2021-03-16,-44,-20,-45,-1,-27,16
KW,Kuwait,Hawalli Governorate,,,KW-HA,,ChIJ9y4wzsydzz8RRjWrvMeem-w,2021-03-17,-44,-20,-43,-9,-28,16
KW,Kuwait,Hawalli Governorate,,,KW-HA,,ChIJ9y4wzsydzz8RRjWrvMeem-w,2021-03-18,-46,-20,-49,-14,-27,17
KW,Kuwait,Hawalli Governorate,,,KW-HA,,ChIJ9y4wzsydzz8RRjWrvMeem-w,2021-03-19,-40,-11,-40,-3,-27,13
KW,Kuwait,Hawalli Governorate,,,KW-HA,,ChIJ9y4wzsydzz8RRjWrvMeem-w,2021-03-20,-36,-11,-35,-7,-26,11
KW,Kuwait,Hawalli Governorate,,,KW-HA,,ChIJ9y4wzsydzz8RRjWrvMeem-w,2021-03-21,-40,-13,-36,-10,-26,14
KW,Kuwait,Hawalli Governorate,,,KW-HA,,ChIJ9y4wzsydzz8RRjWrvMeem-w,2021-03-22,-44,-16,-40,-4,-28,15
KW,Kuwait,Hawalli Governorate,,,KW-HA,,ChIJ9y4wzsydzz8RRjWrvMeem-w,2021-03-23,-38,-12,-34,5,-25,14
KW,Kuwait,Hawalli Governorate,,,KW-HA,,ChIJ9y4wzsydzz8RRjWrvMeem-w,2021-03-24,-40,-14,-39,-10,-26,14
KW,Kuwait,Hawalli Governorate,,,KW-HA,,ChIJ9y4wzsydzz8RRjWrvMeem-w,2021-03-25,-42,-12,-43,-10,-25,15
KW,Kuwait,Hawalli Governorate,,,KW-HA,,ChIJ9y4wzsydzz8RRjWrvMeem-w,2021-03-26,-35,-4,-31,4,-24,10
KW,Kuwait,Hawalli Governorate,,,KW-HA,,ChIJ9y4wzsydzz8RRjWrvMeem-w,2021-03-27,-35,-8,-30,-8,-24,8
KW,Kuwait,Hawalli Governorate,,,KW-HA,,ChIJ9y4wzsydzz8RRjWrvMeem-w,2021-03-28,-37,-7,-34,-9,-26,12
KW,Kuwait,Hawalli Governorate,,,KW-HA,,ChIJ9y4wzsydzz8RRjWrvMeem-w,2021-03-29,-39,-8,-30,-2,-26,13
KW,Kuwait,Hawalli Governorate,,,KW-HA,,ChIJ9y4wzsydzz8RRjWrvMeem-w,2021-03-30,-36,-9,-33,7,-25,13
KW,Kuwait,Hawalli Governorate,,,KW-HA,,ChIJ9y4wzsydzz8RRjWrvMeem-w,2021-03-31,-37,-8,-32,-4,-26,13
KW,Kuwait,Hawalli Governorate,,,KW-HA,,ChIJ9y4wzsydzz8RRjWrvMeem-w,2021-04-01,-42,-12,-39,-3,-25,14
KW,Kuwait,Hawalli Governorate,,,KW-HA,,ChIJ9y4wzsydzz8RRjWrvMeem-w,2021-04-02,-35,-4,-30,3,-25,10
KW,Kuwait,Hawalli Governorate,,,KW-HA,,ChIJ9y4wzsydzz8RRjWrvMeem-w,2021-04-03,-31,-3,-28,-2,-22,8
KW,Kuwait,Hawalli Governorate,,,KW-HA,,ChIJ9y4wzsydzz8RRjWrvMeem-w,2021-04-04,-35,-5,-30,-8,-26,12
KW,Kuwait,Mubarak Al-Kabeer Governorate,,,KW-MU,,ChIJJ1QEgyOgzz8RtTKks8QASlQ,2021-01-01,-5,-17,-34,-9,-6,6
KW,Kuwait,Mubarak Al-Kabeer Governorate,,,KW-MU,,ChIJJ1QEgyOgzz8RtTKks8QASlQ,2021-01-02,-9,-18,-14,-11,-13,6
KW,Kuwait,Mubarak Al-Kabeer Governorate,,,KW-MU,,ChIJJ1QEgyOgzz8RtTKks8QASlQ,2021-01-03,-11,-17,-11,-7,-47,8
KW,Kuwait,Mubarak Al-Kabeer Governorate,,,KW-MU,,ChIJJ1QEgyOgzz8RtTKks8QASlQ,2021-01-04,-8,-17,-11,-9,-17,9
KW,Kuwait,Mubarak Al-Kabeer Governorate,,,KW-MU,,ChIJJ1QEgyOgzz8RtTKks8QASlQ,2021-01-05,-8,-19,-14,-4,-20,9
KW,Kuwait,Mubarak Al-Kabeer Governorate,,,KW-MU,,ChIJJ1QEgyOgzz8RtTKks8QASlQ,2021-01-06,-9,-19,-10,-2,-21,10
KW,Kuwait,Mubarak Al-Kabeer Governorate,,,KW-MU,,ChIJJ1QEgyOgzz8RtTKks8QASlQ,2021-01-07,-9,-17,-18,-10,-16,10
KW,Kuwait,Mubarak Al-Kabeer Governorate,,,KW-MU,,ChIJJ1QEgyOgzz8RtTKks8QASlQ,2021-01-08,-7,-18,-33,-7,-7,7
KW,Kuwait,Mubarak Al-Kabeer Governorate,,,KW-MU,,ChIJJ1QEgyOgzz8RtTKks8QASlQ,2021-01-09,-8,-22,-27,-9,-10,5
KW,Kuwait,Mubarak Al-Kabeer Governorate,,,KW-MU,,ChIJJ1QEgyOgzz8RtTKks8QASlQ,2021-01-10,-8,-17,-19,-4,-17,8
KW,Kuwait,Mubarak Al-Kabeer Governorate,,,KW-MU,,ChIJJ1QEgyOgzz8RtTKks8QASlQ,2021-01-11,-5,-18,-20,-6,-17,8
KW,Kuwait,Mubarak Al-Kabeer Governorate,,,KW-MU,,ChIJJ1QEgyOgzz8RtTKks8QASlQ,2021-01-12,-7,-23,-24,-6,-21,8
KW,Kuwait,Mubarak Al-Kabeer Governorate,,,KW-MU,,ChIJJ1QEgyOgzz8RtTKks8QASlQ,2021-01-13,-10,-22,-18,-2,-22,8
KW,Kuwait,Mubarak Al-Kabeer Governorate,,,KW-MU,,ChIJJ1QEgyOgzz8RtTKks8QASlQ,2021-01-14,-12,-23,-25,-12,-22,7
KW,Kuwait,Mubarak Al-Kabeer Governorate,,,KW-MU,,ChIJJ1QEgyOgzz8RtTKks8QASlQ,2021-01-15,-11,-25,-36,-16,-16,6
KW,Kuwait,Mubarak Al-Kabeer Governorate,,,KW-MU,,ChIJJ1QEgyOgzz8RtTKks8QASlQ,2021-01-16,-13,-27,-28,-17,-16,4
KW,Kuwait,Mubarak Al-Kabeer Governorate,,,KW-MU,,ChIJJ1QEgyOgzz8RtTKks8QASlQ,2021-01-17,-14,-22,-20,-17,-20,6
KW,Kuwait,Mubarak Al-Kabeer Governorate,,,KW-MU,,ChIJJ1QEgyOgzz8RtTKks8QASlQ,2021-01-18,-10,-25,-22,-10,-21,6
KW,Kuwait,Mubarak Al-Kabeer Governorate,,,KW-MU,,ChIJJ1QEgyOgzz8RtTKks8QASlQ,2021-01-19,-9,-26,-16,-8,-24,6
KW,Kuwait,Mubarak Al-Kabeer Governorate,,,KW-MU,,ChIJJ1QEgyOgzz8RtTKks8QASlQ,2021-01-20,-11,-24,-13,-5,-25,6
KW,Kuwait,Mubarak Al-Kabeer Governorate,,,KW-MU,,ChIJJ1QEgyOgzz8RtTKks8QASlQ,2021-01-21,-8,-21,-29,-14,-22,7
KW,Kuwait,Mubarak Al-Kabeer Governorate,,,KW-MU,,ChIJJ1QEgyOgzz8RtTKks8QASlQ,2021-01-22,-6,-26,-43,-13,-12,7
KW,Kuwait,Mubarak Al-Kabeer Governorate,,,KW-MU,,ChIJJ1QEgyOgzz8RtTKks8QASlQ,2021-01-23,-10,-25,-34,-17,-11,5
KW,Kuwait,Mubarak Al-Kabeer Governorate,,,KW-MU,,ChIJJ1QEgyOgzz8RtTKks8QASlQ,2021-01-24,-11,-20,-25,-13,-23,7
KW,Kuwait,Mubarak Al-Kabeer Governorate,,,KW-MU,,ChIJJ1QEgyOgzz8RtTKks8QASlQ,2021-01-25,-7,-22,-24,-9,-22,7
KW,Kuwait,Mubarak Al-Kabeer Governorate,,,KW-MU,,ChIJJ1QEgyOgzz8RtTKks8QASlQ,2021-01-26,-5,-23,-22,-6,-26,5
KW,Kuwait,Mubarak Al-Kabeer Governorate,,,KW-MU,,ChIJJ1QEgyOgzz8RtTKks8QASlQ,2021-01-27,-10,-21,-19,-10,-25,6
KW,Kuwait,Mubarak Al-Kabeer Governorate,,,KW-MU,,ChIJJ1QEgyOgzz8RtTKks8QASlQ,2021-01-28,-10,-21,-30,-16,-23,6
KW,Kuwait,Mubarak Al-Kabeer Governorate,,,KW-MU,,ChIJJ1QEgyOgzz8RtTKks8QASlQ,2021-01-29,-5,-19,-38,-21,-12,5
KW,Kuwait,Mubarak Al-Kabeer Governorate,,,KW-MU,,ChIJJ1QEgyOgzz8RtTKks8QASlQ,2021-01-30,-7,-18,-23,-20,-13,3
KW,Kuwait,Mubarak Al-Kabeer Governorate,,,KW-MU,,ChIJJ1QEgyOgzz8RtTKks8QASlQ,2021-01-31,-10,-15,-15,-18,-20,4
KW,Kuwait,Mubarak Al-Kabeer Governorate,,,KW-MU,,ChIJJ1QEgyOgzz8RtTKks8QASlQ,2021-02-01,-6,-19,-17,-17,-21,4
KW,Kuwait,Mubarak Al-Kabeer Governorate,,,KW-MU,,ChIJJ1QEgyOgzz8RtTKks8QASlQ,2021-02-02,-6,-20,-10,-20,-23,4
KW,Kuwait,Mubarak Al-Kabeer Governorate,,,KW-MU,,ChIJJ1QEgyOgzz8RtTKks8QASlQ,2021-02-03,-10,-21,-9,-18,-24,6
KW,Kuwait,Mubarak Al-Kabeer Governorate,,,KW-MU,,ChIJJ1QEgyOgzz8RtTKks8QASlQ,2021-02-04,-6,-19,-24,-27,-21,6
KW,Kuwait,Mubarak Al-Kabeer Governorate,,,KW-MU,,ChIJJ1QEgyOgzz8RtTKks8QASlQ,2021-02-05,-7,-19,-30,-18,-9,6
KW,Kuwait,Mubarak Al-Kabeer Governorate,,,KW-MU,,ChIJJ1QEgyOgzz8RtTKks8QASlQ,2021-02-06,-9,-23,-20,-29,-12,5
KW,Kuwait,Mubarak Al-Kabeer Governorate,,,KW-MU,,ChIJJ1QEgyOgzz8RtTKks8QASlQ,2021-02-07,-20,-23,-9,-29,-23,8
KW,Kuwait,Mubarak Al-Kabeer Governorate,,,KW-MU,,ChIJJ1QEgyOgzz8RtTKks8QASlQ,2021-02-08,-17,-25,-9,-20,-24,8
KW,Kuwait,Mubarak Al-Kabeer Governorate,,,KW-MU,,ChIJJ1QEgyOgzz8RtTKks8QASlQ,2021-02-09,-13,-24,-15,-18,-28,8
KW,Kuwait,Mubarak Al-Kabeer Governorate,,,KW-MU,,ChIJJ1QEgyOgzz8RtTKks8QASlQ,2021-02-10,-14,-21,-7,-11,-27,7
KW,Kuwait,Mubarak Al-Kabeer Governorate,,,KW-MU,,ChIJJ1QEgyOgzz8RtTKks8QASlQ,2021-02-11,-15,-21,-14,-20,-26,8
KW,Kuwait,Mubarak Al-Kabeer Governorate,,,KW-MU,,ChIJJ1QEgyOgzz8RtTKks8QASlQ,2021-02-12,-14,-22,-28,-22,-18,8
KW,Kuwait,Mubarak Al-Kabeer Governorate,,,KW-MU,,ChIJJ1QEgyOgzz8RtTKks8QASlQ,2021-02-13,-14,-23,-15,-21,-18,4
KW,Kuwait,Mubarak Al-Kabeer Governorate,,,KW-MU,,ChIJJ1QEgyOgzz8RtTKks8QASlQ,2021-02-14,-13,-20,-6,-24,-24,6
KW,Kuwait,Mubarak Al-Kabeer Governorate,,,KW-MU,,ChIJJ1QEgyOgzz8RtTKks8QASlQ,2021-02-15,-14,-23,-9,-16,-27,7
KW,Kuwait,Mubarak Al-Kabeer Governorate,,,KW-MU,,ChIJJ1QEgyOgzz8RtTKks8QASlQ,2021-02-16,-13,-24,-14,-19,-29,7
KW,Kuwait,Mubarak Al-Kabeer Governorate,,,KW-MU,,ChIJJ1QEgyOgzz8RtTKks8QASlQ,2021-02-17,-17,-24,-15,-17,-30,8
KW,Kuwait,Mubarak Al-Kabeer Governorate,,,KW-MU,,ChIJJ1QEgyOgzz8RtTKks8QASlQ,2021-02-18,-18,-23,-26,-22,-26,7
KW,Kuwait,Mubarak Al-Kabeer Governorate,,,KW-MU,,ChIJJ1QEgyOgzz8RtTKks8QASlQ,2021-02-19,-13,-22,-33,-18,-16,7
KW,Kuwait,Mubarak Al-Kabeer Governorate,,,KW-MU,,ChIJJ1QEgyOgzz8RtTKks8QASlQ,2021-02-20,-13,-22,-13,-21,-16,5
KW,Kuwait,Mubarak Al-Kabeer Governorate,,,KW-MU,,ChIJJ1QEgyOgzz8RtTKks8QASlQ,2021-02-21,-11,-15,-12,-18,-23,5
KW,Kuwait,Mubarak Al-Kabeer Governorate,,,KW-MU,,ChIJJ1QEgyOgzz8RtTKks8QASlQ,2021-02-22,-8,-19,-7,-16,-25,5
KW,Kuwait,Mubarak Al-Kabeer Governorate,,,KW-MU,,ChIJJ1QEgyOgzz8RtTKks8QASlQ,2021-02-23,-6,-20,-10,-21,-28,5
KW,Kuwait,Mubarak Al-Kabeer Governorate,,,KW-MU,,ChIJJ1QEgyOgzz8RtTKks8QASlQ,2021-02-24,-12,-13,-3,-10,-29,5
KW,Kuwait,Mubarak Al-Kabeer Governorate,,,KW-MU,,ChIJJ1QEgyOgzz8RtTKks8QASlQ,2021-02-25,-21,-21,-28,-27,-57,11
KW,Kuwait,Mubarak Al-Kabeer Governorate,,,KW-MU,,ChIJJ1QEgyOgzz8RtTKks8QASlQ,2021-02-26,-14,-17,-30,-17,-19,7
KW,Kuwait,Mubarak Al-Kabeer Governorate,,,KW-MU,,ChIJJ1QEgyOgzz8RtTKks8QASlQ,2021-02-27,-16,-20,-16,-19,-22,5
KW,Kuwait,Mubarak Al-Kabeer Governorate,,,KW-MU,,ChIJJ1QEgyOgzz8RtTKks8QASlQ,2021-02-28,-12,-15,-6,-15,-51,8
KW,Kuwait,Mubarak Al-Kabeer Governorate,,,KW-MU,,ChIJJ1QEgyOgzz8RtTKks8QASlQ,2021-03-01,-12,-17,-11,-15,-24,7
KW,Kuwait,Mubarak Al-Kabeer Governorate,,,KW-MU,,ChIJJ1QEgyOgzz8RtTKks8QASlQ,2021-03-02,-12,-16,4,-18,-28,7
KW,Kuwait,Mubarak Al-Kabeer Governorate,,,KW-MU,,ChIJJ1QEgyOgzz8RtTKks8QASlQ,2021-03-03,-14,-17,-2,-11,-28,8
KW,Kuwait,Mubarak Al-Kabeer Governorate,,,KW-MU,,ChIJJ1QEgyOgzz8RtTKks8QASlQ,2021-03-04,-16,-14,-6,-12,-26,7
KW,Kuwait,Mubarak Al-Kabeer Governorate,,,KW-MU,,ChIJJ1QEgyOgzz8RtTKks8QASlQ,2021-03-05,-10,-13,-16,-14,-16,7
KW,Kuwait,Mubarak Al-Kabeer Governorate,,,KW-MU,,ChIJJ1QEgyOgzz8RtTKks8QASlQ,2021-03-06,-9,-13,-1,-14,-14,4
KW,Kuwait,Mubarak Al-Kabeer Governorate,,,KW-MU,,ChIJJ1QEgyOgzz8RtTKks8QASlQ,2021-03-07,-35,-33,-29,-33,-31,12
KW,Kuwait,Mubarak Al-Kabeer Governorate,,,KW-MU,,ChIJJ1QEgyOgzz8RtTKks8QASlQ,2021-03-08,-32,-29,-29,-36,-32,13
KW,Kuwait,Mubarak Al-Kabeer Governorate,,,KW-MU,,ChIJJ1QEgyOgzz8RtTKks8QASlQ,2021-03-09,-30,-28,-24,-32,-36,13
KW,Kuwait,Mubarak Al-Kabeer Governorate,,,KW-MU,,ChIJJ1QEgyOgzz8RtTKks8QASlQ,2021-03-10,-33,-24,-26,-27,-34,11
KW,Kuwait,Mubarak Al-Kabeer Governorate,,,KW-MU,,ChIJJ1QEgyOgzz8RtTKks8QASlQ,2021-03-11,-35,-26,-31,-35,-56,16
KW,Kuwait,Mubarak Al-Kabeer Governorate,,,KW-MU,,ChIJJ1QEgyOgzz8RtTKks8QASlQ,2021-03-12,-35,-29,-49,-34,-26,15
KW,Kuwait,Mubarak Al-Kabeer Governorate,,,KW-MU,,ChIJJ1QEgyOgzz8RtTKks8QASlQ,2021-03-13,-29,-25,-35,-31,-25,10
KW,Kuwait,Mubarak Al-Kabeer Governorate,,,KW-MU,,ChIJJ1QEgyOgzz8RtTKks8QASlQ,2021-03-14,-31,-22,-20,-30,-29,11
KW,Kuwait,Mubarak Al-Kabeer Governorate,,,KW-MU,,ChIJJ1QEgyOgzz8RtTKks8QASlQ,2021-03-15,-29,-26,-27,-26,-31,12
KW,Kuwait,Mubarak Al-Kabeer Governorate,,,KW-MU,,ChIJJ1QEgyOgzz8RtTKks8QASlQ,2021-03-16,-31,-29,-29,-29,-34,12
KW,Kuwait,Mubarak Al-Kabeer Governorate,,,KW-MU,,ChIJJ1QEgyOgzz8RtTKks8QASlQ,2021-03-17,-33,-27,-26,-21,-34,13
KW,Kuwait,Mubarak Al-Kabeer Governorate,,,KW-MU,,ChIJJ1QEgyOgzz8RtTKks8QASlQ,2021-03-18,-33,-24,-29,-26,-30,13
KW,Kuwait,Mubarak Al-Kabeer Governorate,,,KW-MU,,ChIJJ1QEgyOgzz8RtTKks8QASlQ,2021-03-19,-31,-21,-36,-23,-18,12
KW,Kuwait,Mubarak Al-Kabeer Governorate,,,KW-MU,,ChIJJ1QEgyOgzz8RtTKks8QASlQ,2021-03-20,-28,-21,-23,-28,-23,8
KW,Kuwait,Mubarak Al-Kabeer Governorate,,,KW-MU,,ChIJJ1QEgyOgzz8RtTKks8QASlQ,2021-03-21,-29,-17,-23,-29,-29,11
KW,Kuwait,Mubarak Al-Kabeer Governorate,,,KW-MU,,ChIJJ1QEgyOgzz8RtTKks8QASlQ,2021-03-22,-29,-24,-27,-21,-30,12
KW,Kuwait,Mubarak Al-Kabeer Governorate,,,KW-MU,,ChIJJ1QEgyOgzz8RtTKks8QASlQ,2021-03-23,-24,-23,-27,-24,-32,11
KW,Kuwait,Mubarak Al-Kabeer Governorate,,,KW-MU,,ChIJJ1QEgyOgzz8RtTKks8QASlQ,2021-03-24,-28,-22,-27,-17,-33,12
KW,Kuwait,Mubarak Al-Kabeer Governorate,,,KW-MU,,ChIJJ1QEgyOgzz8RtTKks8QASlQ,2021-03-25,-25,-17,-30,-22,-28,12
KW,Kuwait,Mubarak Al-Kabeer Governorate,,,KW-MU,,ChIJJ1QEgyOgzz8RtTKks8QASlQ,2021-03-26,-21,-14,-36,-16,-17,11
KW,Kuwait,Mubarak Al-Kabeer Governorate,,,KW-MU,,ChIJJ1QEgyOgzz8RtTKks8QASlQ,2021-03-27,-23,-18,-19,-23,-21,6
KW,Kuwait,Mubarak Al-Kabeer Governorate,,,KW-MU,,ChIJJ1QEgyOgzz8RtTKks8QASlQ,2021-03-28,-24,-13,-17,-23,-29,10
KW,Kuwait,Mubarak Al-Kabeer Governorate,,,KW-MU,,ChIJJ1QEgyOgzz8RtTKks8QASlQ,2021-03-29,-22,-19,-20,-20,-29,11
KW,Kuwait,Mubarak Al-Kabeer Governorate,,,KW-MU,,ChIJJ1QEgyOgzz8RtTKks8QASlQ,2021-03-30,-22,-21,-15,-20,-31,11
KW,Kuwait,Mubarak Al-Kabeer Governorate,,,KW-MU,,ChIJJ1QEgyOgzz8RtTKks8QASlQ,2021-03-31,-27,-21,-18,-18,-32,11
KW,Kuwait,Mubarak Al-Kabeer Governorate,,,KW-MU,,ChIJJ1QEgyOgzz8RtTKks8QASlQ,2021-04-01,-26,-21,-23,-24,-26,11
KW,Kuwait,Mubarak Al-Kabeer Governorate,,,KW-MU,,ChIJJ1QEgyOgzz8RtTKks8QASlQ,2021-04-02,-21,-18,-34,-17,-15,11
KW,Kuwait,Mubarak Al-Kabeer Governorate,,,KW-MU,,ChIJJ1QEgyOgzz8RtTKks8QASlQ,2021-04-03,-20,-16,-25,-18,-17,7
KW,Kuwait,Mubarak Al-Kabeer Governorate,,,KW-MU,,ChIJJ1QEgyOgzz8RtTKks8QASlQ,2021-04-04,-23,-15,-14,-21,-27,10
