country_region_code,country_region,sub_region_1,sub_region_2,metro_area,iso_3166_2_code,census_fips_code,place_id,date,retail_and_recreation_percent_change_from_baseline,grocery_and_pharmacy_percent_change_from_baseline,parks_percent_change_from_baseline,transit_stations_percent_change_from_baseline,workplaces_percent_change_from_baseline,residential_percent_change_from_baseline
LY,Libya,,,,,,ChIJDQHOjtmSqBMRKsL5x0FgB_o,2021-01-01,23,49,57,2,-8,0
LY,Libya,,,,,,ChIJDQHOjtmSqBMRKsL5x0FgB_o,2021-01-02,30,55,57,-3,7,0
LY,Libya,,,,,,ChIJDQHOjtmSqBMRKsL5x0FgB_o,2021-01-03,34,59,62,-2,6,1
LY,Libya,,,,,,ChIJDQHOjtmSqBMRKsL5x0FgB_o,2021-01-04,34,57,66,-6,6,0
LY,Libya,,,,,,ChIJDQHOjtmSqBMRKsL5x0FgB_o,2021-01-05,35,58,73,-6,3,-1
LY,Libya,,,,,,ChIJDQHOjtmSqBMRKsL5x0FgB_o,2021-01-06,33,56,63,0,5,-1
LY,Libya,,,,,,ChIJDQHOjtmSqBMRKsL5x0FgB_o,2021-01-07,37,63,61,4,4,0
LY,Libya,,,,,,ChIJDQHOjtmSqBMRKsL5x0FgB_o,2021-01-08,27,50,56,6,-7,-1
LY,Libya,,,,,,ChIJDQHOjtmSqBMRKsL5x0FgB_o,2021-01-09,36,61,52,1,11,-2
LY,Libya,,,,,,ChIJDQHOjtmSqBMRKsL5x0FgB_o,2021-01-10,43,69,57,0,9,-1
LY,Libya,,,,,,ChIJDQHOjtmSqBMRKsL5x0FgB_o,2021-01-11,42,65,67,5,8,-2
LY,Libya,,,,,,ChIJDQHOjtmSqBMRKsL5x0FgB_o,2021-01-12,42,62,69,-4,7,-2
LY,Libya,,,,,,ChIJDQHOjtmSqBMRKsL5x0FgB_o,2021-01-13,37,58,58,-2,5,-2
LY,Libya,,,,,,ChIJDQHOjtmSqBMRKsL5x0FgB_o,2021-01-14,37,63,58,-5,0,-3
LY,Libya,,,,,,ChIJDQHOjtmSqBMRKsL5x0FgB_o,2021-01-15,19,39,38,-13,-16,-3
LY,Libya,,,,,,ChIJDQHOjtmSqBMRKsL5x0FgB_o,2021-01-16,26,48,32,-9,-1,-4
LY,Libya,,,,,,ChIJDQHOjtmSqBMRKsL5x0FgB_o,2021-01-17,34,54,40,-10,-1,-3
LY,Libya,,,,,,ChIJDQHOjtmSqBMRKsL5x0FgB_o,2021-01-18,34,55,52,-8,0,-4
LY,Libya,,,,,,ChIJDQHOjtmSqBMRKsL5x0FgB_o,2021-01-19,37,56,60,-4,0,-4
LY,Libya,,,,,,ChIJDQHOjtmSqBMRKsL5x0FgB_o,2021-01-20,37,57,61,-1,1,-4
LY,Libya,,,,,,ChIJDQHOjtmSqBMRKsL5x0FgB_o,2021-01-21,36,61,54,-7,-1,-3
LY,Libya,,,,,,ChIJDQHOjtmSqBMRKsL5x0FgB_o,2021-01-22,26,49,51,-1,-14,-3
LY,Libya,,,,,,ChIJDQHOjtmSqBMRKsL5x0FgB_o,2021-01-23,33,58,45,-5,4,-3
LY,Libya,,,,,,ChIJDQHOjtmSqBMRKsL5x0FgB_o,2021-01-24,40,66,56,-1,3,-2
LY,Libya,,,,,,ChIJDQHOjtmSqBMRKsL5x0FgB_o,2021-01-25,39,63,69,1,3,-3
LY,Libya,,,,,,ChIJDQHOjtmSqBMRKsL5x0FgB_o,2021-01-26,36,60,61,-9,1,-3
LY,Libya,,,,,,ChIJDQHOjtmSqBMRKsL5x0FgB_o,2021-01-27,36,60,65,-4,2,-2
LY,Libya,,,,,,ChIJDQHOjtmSqBMRKsL5x0FgB_o,2021-01-28,35,62,57,-5,-1,-1
LY,Libya,,,,,,ChIJDQHOjtmSqBMRKsL5x0FgB_o,2021-01-29,30,54,55,3,-11,-3
LY,Libya,,,,,,ChIJDQHOjtmSqBMRKsL5x0FgB_o,2021-01-30,38,68,60,5,6,-6
LY,Libya,,,,,,ChIJDQHOjtmSqBMRKsL5x0FgB_o,2021-01-31,44,78,63,1,4,-5
LY,Libya,,,,,,ChIJDQHOjtmSqBMRKsL5x0FgB_o,2021-02-01,45,76,71,4,3,-6
LY,Libya,,,,,,ChIJDQHOjtmSqBMRKsL5x0FgB_o,2021-02-02,48,80,79,1,3,-5
LY,Libya,,,,,,ChIJDQHOjtmSqBMRKsL5x0FgB_o,2021-02-03,37,59,70,-8,2,-4
LY,Libya,,,,,,ChIJDQHOjtmSqBMRKsL5x0FgB_o,2021-02-04,33,57,68,-5,-5,-4
LY,Libya,,,,,,ChIJDQHOjtmSqBMRKsL5x0FgB_o,2021-02-05,23,47,66,-4,-19,-4
LY,Libya,,,,,,ChIJDQHOjtmSqBMRKsL5x0FgB_o,2021-02-06,30,53,64,-6,3,-4
LY,Libya,,,,,,ChIJDQHOjtmSqBMRKsL5x0FgB_o,2021-02-07,34,56,62,-6,1,-3
LY,Libya,,,,,,ChIJDQHOjtmSqBMRKsL5x0FgB_o,2021-02-08,38,63,73,-5,1,-4
LY,Libya,,,,,,ChIJDQHOjtmSqBMRKsL5x0FgB_o,2021-02-09,44,70,79,-6,0,-4
LY,Libya,,,,,,ChIJDQHOjtmSqBMRKsL5x0FgB_o,2021-02-10,42,67,80,-2,3,-4
LY,Libya,,,,,,ChIJDQHOjtmSqBMRKsL5x0FgB_o,2021-02-11,42,68,67,-2,-2,-3
LY,Libya,,,,,,ChIJDQHOjtmSqBMRKsL5x0FgB_o,2021-02-12,29,51,59,-7,-19,-3
LY,Libya,,,,,,ChIJDQHOjtmSqBMRKsL5x0FgB_o,2021-02-13,42,68,59,-4,2,-5
LY,Libya,,,,,,ChIJDQHOjtmSqBMRKsL5x0FgB_o,2021-02-14,47,68,60,-14,5,-4
LY,Libya,,,,,,ChIJDQHOjtmSqBMRKsL5x0FgB_o,2021-02-15,37,58,46,-17,0,-4
LY,Libya,,,,,,ChIJDQHOjtmSqBMRKsL5x0FgB_o,2021-02-16,48,63,65,-9,-4,-6
LY,Libya,,,,,,ChIJDQHOjtmSqBMRKsL5x0FgB_o,2021-02-17,39,57,105,-6,-27,-2
LY,Libya,,,,,,ChIJDQHOjtmSqBMRKsL5x0FgB_o,2021-02-18,41,62,54,-17,-22,-1
LY,Libya,,,,,,ChIJDQHOjtmSqBMRKsL5x0FgB_o,2021-02-19,34,55,60,-3,-17,-5
LY,Libya,,,,,,ChIJDQHOjtmSqBMRKsL5x0FgB_o,2021-02-20,47,70,60,-4,4,-7
LY,Libya,,,,,,ChIJDQHOjtmSqBMRKsL5x0FgB_o,2021-02-21,51,73,61,-10,4,-6
LY,Libya,,,,,,ChIJDQHOjtmSqBMRKsL5x0FgB_o,2021-02-22,48,69,66,-8,4,-7
LY,Libya,,,,,,ChIJDQHOjtmSqBMRKsL5x0FgB_o,2021-02-23,49,69,67,-8,2,-6
LY,Libya,,,,,,ChIJDQHOjtmSqBMRKsL5x0FgB_o,2021-02-24,48,69,63,-2,4,-6
LY,Libya,,,,,,ChIJDQHOjtmSqBMRKsL5x0FgB_o,2021-02-25,46,69,65,0,0,-5
LY,Libya,,,,,,ChIJDQHOjtmSqBMRKsL5x0FgB_o,2021-02-26,34,55,57,-7,-15,-4
LY,Libya,,,,,,ChIJDQHOjtmSqBMRKsL5x0FgB_o,2021-02-27,45,69,60,-5,5,-7
LY,Libya,,,,,,ChIJDQHOjtmSqBMRKsL5x0FgB_o,2021-02-28,52,77,65,-5,5,-6
LY,Libya,,,,,,ChIJDQHOjtmSqBMRKsL5x0FgB_o,2021-03-01,51,71,68,-5,4,-7
LY,Libya,,,,,,ChIJDQHOjtmSqBMRKsL5x0FgB_o,2021-03-02,53,73,72,-6,3,-6
LY,Libya,,,,,,ChIJDQHOjtmSqBMRKsL5x0FgB_o,2021-03-03,52,73,66,3,5,-5
LY,Libya,,,,,,ChIJDQHOjtmSqBMRKsL5x0FgB_o,2021-03-04,51,72,62,-5,0,-5
LY,Libya,,,,,,ChIJDQHOjtmSqBMRKsL5x0FgB_o,2021-03-05,39,59,59,-1,-16,-5
LY,Libya,,,,,,ChIJDQHOjtmSqBMRKsL5x0FgB_o,2021-03-06,49,73,60,-1,6,-6
LY,Libya,,,,,,ChIJDQHOjtmSqBMRKsL5x0FgB_o,2021-03-07,55,80,65,-4,7,-5
LY,Libya,,,,,,ChIJDQHOjtmSqBMRKsL5x0FgB_o,2021-03-08,51,72,68,-7,5,-5
LY,Libya,,,,,,ChIJDQHOjtmSqBMRKsL5x0FgB_o,2021-03-09,55,75,75,0,4,-6
LY,Libya,,,,,,ChIJDQHOjtmSqBMRKsL5x0FgB_o,2021-03-10,54,74,68,1,5,-5
LY,Libya,,,,,,ChIJDQHOjtmSqBMRKsL5x0FgB_o,2021-03-11,52,75,69,0,2,-4
LY,Libya,,,,,,ChIJDQHOjtmSqBMRKsL5x0FgB_o,2021-03-12,43,60,70,1,-15,-3
LY,Libya,,,,,,ChIJDQHOjtmSqBMRKsL5x0FgB_o,2021-03-13,52,80,69,5,8,-6
LY,Libya,,,,,,ChIJDQHOjtmSqBMRKsL5x0FgB_o,2021-03-14,60,85,69,2,9,-5
LY,Libya,,,,,,ChIJDQHOjtmSqBMRKsL5x0FgB_o,2021-03-15,57,78,74,-1,7,-5
LY,Libya,,,,,,ChIJDQHOjtmSqBMRKsL5x0FgB_o,2021-03-16,60,82,78,5,8,-5
LY,Libya,,,,,,ChIJDQHOjtmSqBMRKsL5x0FgB_o,2021-03-17,60,81,74,5,10,-5
LY,Libya,,,,,,ChIJDQHOjtmSqBMRKsL5x0FgB_o,2021-03-18,59,82,73,8,6,-5
LY,Libya,,,,,,ChIJDQHOjtmSqBMRKsL5x0FgB_o,2021-03-19,44,67,65,7,-12,-3
LY,Libya,,,,,,ChIJDQHOjtmSqBMRKsL5x0FgB_o,2021-03-20,59,89,74,9,13,-6
LY,Libya,,,,,,ChIJDQHOjtmSqBMRKsL5x0FgB_o,2021-03-21,71,97,77,12,14,-5
LY,Libya,,,,,,ChIJDQHOjtmSqBMRKsL5x0FgB_o,2021-03-22,61,88,78,2,12,-5
LY,Libya,,,,,,ChIJDQHOjtmSqBMRKsL5x0FgB_o,2021-03-23,58,83,69,1,10,-5
LY,Libya,,,,,,ChIJDQHOjtmSqBMRKsL5x0FgB_o,2021-03-24,61,86,69,5,12,-5
LY,Libya,,,,,,ChIJDQHOjtmSqBMRKsL5x0FgB_o,2021-03-25,60,89,66,8,7,-4
LY,Libya,,,,,,ChIJDQHOjtmSqBMRKsL5x0FgB_o,2021-03-26,48,74,63,9,-11,-3
LY,Libya,,,,,,ChIJDQHOjtmSqBMRKsL5x0FgB_o,2021-03-27,60,91,71,11,13,-6
LY,Libya,,,,,,ChIJDQHOjtmSqBMRKsL5x0FgB_o,2021-03-28,66,98,75,8,14,-6
LY,Libya,,,,,,ChIJDQHOjtmSqBMRKsL5x0FgB_o,2021-03-29,66,92,79,11,13,-6
LY,Libya,,,,,,ChIJDQHOjtmSqBMRKsL5x0FgB_o,2021-03-30,68,93,81,9,11,-6
LY,Libya,,,,,,ChIJDQHOjtmSqBMRKsL5x0FgB_o,2021-03-31,67,93,77,15,12,-6
LY,Libya,,,,,,ChIJDQHOjtmSqBMRKsL5x0FgB_o,2021-04-01,68,94,78,15,10,-6
LY,Libya,,,,,,ChIJDQHOjtmSqBMRKsL5x0FgB_o,2021-04-02,56,80,75,22,-10,-4
LY,Libya,,,,,,ChIJDQHOjtmSqBMRKsL5x0FgB_o,2021-04-03,65,98,74,7,15,-6
LY,Libya,,,,,,ChIJDQHOjtmSqBMRKsL5x0FgB_o,2021-04-04,73,106,77,12,16,-5
LY,Libya,Al Wahat District,,,LY-WA,,ChIJ2fTE9CV5iBMR2-Uwt3_jFt4,2021-01-01,,,,,-19,
LY,Libya,Al Wahat District,,,LY-WA,,ChIJ2fTE9CV5iBMR2-Uwt3_jFt4,2021-01-02,,,,,-3,
LY,Libya,Al Wahat District,,,LY-WA,,ChIJ2fTE9CV5iBMR2-Uwt3_jFt4,2021-01-03,,,,,-5,
LY,Libya,Al Wahat District,,,LY-WA,,ChIJ2fTE9CV5iBMR2-Uwt3_jFt4,2021-01-04,,,,,-4,
LY,Libya,Al Wahat District,,,LY-WA,,ChIJ2fTE9CV5iBMR2-Uwt3_jFt4,2021-01-05,,,,,-9,
LY,Libya,Al Wahat District,,,LY-WA,,ChIJ2fTE9CV5iBMR2-Uwt3_jFt4,2021-01-06,,,,,-7,
LY,Libya,Al Wahat District,,,LY-WA,,ChIJ2fTE9CV5iBMR2-Uwt3_jFt4,2021-01-07,,,,,-6,
LY,Libya,Al Wahat District,,,LY-WA,,ChIJ2fTE9CV5iBMR2-Uwt3_jFt4,2021-01-08,,,,,-7,
LY,Libya,Al Wahat District,,,LY-WA,,ChIJ2fTE9CV5iBMR2-Uwt3_jFt4,2021-01-09,,,,,-1,
LY,Libya,Al Wahat District,,,LY-WA,,ChIJ2fTE9CV5iBMR2-Uwt3_jFt4,2021-01-10,,,,,0,
LY,Libya,Al Wahat District,,,LY-WA,,ChIJ2fTE9CV5iBMR2-Uwt3_jFt4,2021-01-11,,,,,-3,
LY,Libya,Al Wahat District,,,LY-WA,,ChIJ2fTE9CV5iBMR2-Uwt3_jFt4,2021-01-12,,,,,-3,
LY,Libya,Al Wahat District,,,LY-WA,,ChIJ2fTE9CV5iBMR2-Uwt3_jFt4,2021-01-13,,,,,-7,
LY,Libya,Al Wahat District,,,LY-WA,,ChIJ2fTE9CV5iBMR2-Uwt3_jFt4,2021-01-14,,,,,-9,
LY,Libya,Al Wahat District,,,LY-WA,,ChIJ2fTE9CV5iBMR2-Uwt3_jFt4,2021-01-15,,,,,-18,
LY,Libya,Al Wahat District,,,LY-WA,,ChIJ2fTE9CV5iBMR2-Uwt3_jFt4,2021-01-16,,,,,-5,
LY,Libya,Al Wahat District,,,LY-WA,,ChIJ2fTE9CV5iBMR2-Uwt3_jFt4,2021-01-17,,,,,-8,
LY,Libya,Al Wahat District,,,LY-WA,,ChIJ2fTE9CV5iBMR2-Uwt3_jFt4,2021-01-18,,,,,-9,
LY,Libya,Al Wahat District,,,LY-WA,,ChIJ2fTE9CV5iBMR2-Uwt3_jFt4,2021-01-19,,,,,-12,
LY,Libya,Al Wahat District,,,LY-WA,,ChIJ2fTE9CV5iBMR2-Uwt3_jFt4,2021-01-20,,,,,-7,
LY,Libya,Al Wahat District,,,LY-WA,,ChIJ2fTE9CV5iBMR2-Uwt3_jFt4,2021-01-21,,,,,-12,
LY,Libya,Al Wahat District,,,LY-WA,,ChIJ2fTE9CV5iBMR2-Uwt3_jFt4,2021-01-22,,,,,-13,
LY,Libya,Al Wahat District,,,LY-WA,,ChIJ2fTE9CV5iBMR2-Uwt3_jFt4,2021-01-23,,,,,-2,
LY,Libya,Al Wahat District,,,LY-WA,,ChIJ2fTE9CV5iBMR2-Uwt3_jFt4,2021-01-24,,,,,0,
LY,Libya,Al Wahat District,,,LY-WA,,ChIJ2fTE9CV5iBMR2-Uwt3_jFt4,2021-01-25,,,,,-4,
LY,Libya,Al Wahat District,,,LY-WA,,ChIJ2fTE9CV5iBMR2-Uwt3_jFt4,2021-01-26,,,,,-4,
LY,Libya,Al Wahat District,,,LY-WA,,ChIJ2fTE9CV5iBMR2-Uwt3_jFt4,2021-01-27,,,,,-11,
LY,Libya,Al Wahat District,,,LY-WA,,ChIJ2fTE9CV5iBMR2-Uwt3_jFt4,2021-01-28,,,,,-3,
LY,Libya,Al Wahat District,,,LY-WA,,ChIJ2fTE9CV5iBMR2-Uwt3_jFt4,2021-01-29,,,,,-13,
LY,Libya,Al Wahat District,,,LY-WA,,ChIJ2fTE9CV5iBMR2-Uwt3_jFt4,2021-01-30,,,,,1,
LY,Libya,Al Wahat District,,,LY-WA,,ChIJ2fTE9CV5iBMR2-Uwt3_jFt4,2021-01-31,,,,,1,
LY,Libya,Al Wahat District,,,LY-WA,,ChIJ2fTE9CV5iBMR2-Uwt3_jFt4,2021-02-01,,,,,-6,
LY,Libya,Al Wahat District,,,LY-WA,,ChIJ2fTE9CV5iBMR2-Uwt3_jFt4,2021-02-02,,,,,-8,
LY,Libya,Al Wahat District,,,LY-WA,,ChIJ2fTE9CV5iBMR2-Uwt3_jFt4,2021-02-03,,,,,-13,
LY,Libya,Al Wahat District,,,LY-WA,,ChIJ2fTE9CV5iBMR2-Uwt3_jFt4,2021-02-04,,,,,-12,
LY,Libya,Al Wahat District,,,LY-WA,,ChIJ2fTE9CV5iBMR2-Uwt3_jFt4,2021-02-05,,,,,-27,
LY,Libya,Al Wahat District,,,LY-WA,,ChIJ2fTE9CV5iBMR2-Uwt3_jFt4,2021-02-06,,,,,-11,
LY,Libya,Al Wahat District,,,LY-WA,,ChIJ2fTE9CV5iBMR2-Uwt3_jFt4,2021-02-07,,,,,-6,
LY,Libya,Al Wahat District,,,LY-WA,,ChIJ2fTE9CV5iBMR2-Uwt3_jFt4,2021-02-08,,,,,-8,
LY,Libya,Al Wahat District,,,LY-WA,,ChIJ2fTE9CV5iBMR2-Uwt3_jFt4,2021-02-09,,,,,-14,
LY,Libya,Al Wahat District,,,LY-WA,,ChIJ2fTE9CV5iBMR2-Uwt3_jFt4,2021-02-10,,,,,-12,
LY,Libya,Al Wahat District,,,LY-WA,,ChIJ2fTE9CV5iBMR2-Uwt3_jFt4,2021-02-11,,,,,-13,
LY,Libya,Al Wahat District,,,LY-WA,,ChIJ2fTE9CV5iBMR2-Uwt3_jFt4,2021-02-12,,,,,-28,
LY,Libya,Al Wahat District,,,LY-WA,,ChIJ2fTE9CV5iBMR2-Uwt3_jFt4,2021-02-13,,,,,-15,
LY,Libya,Al Wahat District,,,LY-WA,,ChIJ2fTE9CV5iBMR2-Uwt3_jFt4,2021-02-14,,,,,-12,
LY,Libya,Al Wahat District,,,LY-WA,,ChIJ2fTE9CV5iBMR2-Uwt3_jFt4,2021-02-15,,,,,-10,
LY,Libya,Al Wahat District,,,LY-WA,,ChIJ2fTE9CV5iBMR2-Uwt3_jFt4,2021-02-16,,,,,-16,
LY,Libya,Al Wahat District,,,LY-WA,,ChIJ2fTE9CV5iBMR2-Uwt3_jFt4,2021-02-17,,,,,-30,
LY,Libya,Al Wahat District,,,LY-WA,,ChIJ2fTE9CV5iBMR2-Uwt3_jFt4,2021-02-18,,,,,-29,
LY,Libya,Al Wahat District,,,LY-WA,,ChIJ2fTE9CV5iBMR2-Uwt3_jFt4,2021-02-19,,,,,-22,
LY,Libya,Al Wahat District,,,LY-WA,,ChIJ2fTE9CV5iBMR2-Uwt3_jFt4,2021-02-20,,,,,-7,
LY,Libya,Al Wahat District,,,LY-WA,,ChIJ2fTE9CV5iBMR2-Uwt3_jFt4,2021-02-21,,,,,-6,
LY,Libya,Al Wahat District,,,LY-WA,,ChIJ2fTE9CV5iBMR2-Uwt3_jFt4,2021-02-22,,,,,-6,
LY,Libya,Al Wahat District,,,LY-WA,,ChIJ2fTE9CV5iBMR2-Uwt3_jFt4,2021-02-23,,,,,-12,
LY,Libya,Al Wahat District,,,LY-WA,,ChIJ2fTE9CV5iBMR2-Uwt3_jFt4,2021-02-24,,,,,-6,
LY,Libya,Al Wahat District,,,LY-WA,,ChIJ2fTE9CV5iBMR2-Uwt3_jFt4,2021-02-25,,,,,-10,
LY,Libya,Al Wahat District,,,LY-WA,,ChIJ2fTE9CV5iBMR2-Uwt3_jFt4,2021-02-26,,,,,-21,
LY,Libya,Al Wahat District,,,LY-WA,,ChIJ2fTE9CV5iBMR2-Uwt3_jFt4,2021-02-27,,,,,-8,
LY,Libya,Al Wahat District,,,LY-WA,,ChIJ2fTE9CV5iBMR2-Uwt3_jFt4,2021-02-28,,,,,-10,
LY,Libya,Al Wahat District,,,LY-WA,,ChIJ2fTE9CV5iBMR2-Uwt3_jFt4,2021-03-01,,,,,-9,
LY,Libya,Al Wahat District,,,LY-WA,,ChIJ2fTE9CV5iBMR2-Uwt3_jFt4,2021-03-02,,,,,-11,
LY,Libya,Al Wahat District,,,LY-WA,,ChIJ2fTE9CV5iBMR2-Uwt3_jFt4,2021-03-03,,,,,-10,
LY,Libya,Al Wahat District,,,LY-WA,,ChIJ2fTE9CV5iBMR2-Uwt3_jFt4,2021-03-04,,,,,-15,
LY,Libya,Al Wahat District,,,LY-WA,,ChIJ2fTE9CV5iBMR2-Uwt3_jFt4,2021-03-05,,,,,-23,
LY,Libya,Al Wahat District,,,LY-WA,,ChIJ2fTE9CV5iBMR2-Uwt3_jFt4,2021-03-06,,,,,-13,
LY,Libya,Al Wahat District,,,LY-WA,,ChIJ2fTE9CV5iBMR2-Uwt3_jFt4,2021-03-07,,,,,-5,
LY,Libya,Al Wahat District,,,LY-WA,,ChIJ2fTE9CV5iBMR2-Uwt3_jFt4,2021-03-08,,,,,-7,
LY,Libya,Al Wahat District,,,LY-WA,,ChIJ2fTE9CV5iBMR2-Uwt3_jFt4,2021-03-09,,,,,-15,
LY,Libya,Al Wahat District,,,LY-WA,,ChIJ2fTE9CV5iBMR2-Uwt3_jFt4,2021-03-10,,,,,-14,
LY,Libya,Al Wahat District,,,LY-WA,,ChIJ2fTE9CV5iBMR2-Uwt3_jFt4,2021-03-11,,,,,-11,
LY,Libya,Al Wahat District,,,LY-WA,,ChIJ2fTE9CV5iBMR2-Uwt3_jFt4,2021-03-12,,,,,-23,
LY,Libya,Al Wahat District,,,LY-WA,,ChIJ2fTE9CV5iBMR2-Uwt3_jFt4,2021-03-13,,,,,-8,
LY,Libya,Al Wahat District,,,LY-WA,,ChIJ2fTE9CV5iBMR2-Uwt3_jFt4,2021-03-14,,,,,-6,
LY,Libya,Al Wahat District,,,LY-WA,,ChIJ2fTE9CV5iBMR2-Uwt3_jFt4,2021-03-15,,,,,-6,
LY,Libya,Al Wahat District,,,LY-WA,,ChIJ2fTE9CV5iBMR2-Uwt3_jFt4,2021-03-16,,,,,-11,
LY,Libya,Al Wahat District,,,LY-WA,,ChIJ2fTE9CV5iBMR2-Uwt3_jFt4,2021-03-17,,,,,-9,
LY,Libya,Al Wahat District,,,LY-WA,,ChIJ2fTE9CV5iBMR2-Uwt3_jFt4,2021-03-18,,,,,-4,
LY,Libya,Al Wahat District,,,LY-WA,,ChIJ2fTE9CV5iBMR2-Uwt3_jFt4,2021-03-19,,,,,-13,
LY,Libya,Al Wahat District,,,LY-WA,,ChIJ2fTE9CV5iBMR2-Uwt3_jFt4,2021-03-20,,,,,1,
LY,Libya,Al Wahat District,,,LY-WA,,ChIJ2fTE9CV5iBMR2-Uwt3_jFt4,2021-03-21,,,,,1,
LY,Libya,Al Wahat District,,,LY-WA,,ChIJ2fTE9CV5iBMR2-Uwt3_jFt4,2021-03-22,,,,,-3,
LY,Libya,Al Wahat District,,,LY-WA,,ChIJ2fTE9CV5iBMR2-Uwt3_jFt4,2021-03-23,,,,,-10,
LY,Libya,Al Wahat District,,,LY-WA,,ChIJ2fTE9CV5iBMR2-Uwt3_jFt4,2021-03-24,,,,,-10,
LY,Libya,Al Wahat District,,,LY-WA,,ChIJ2fTE9CV5iBMR2-Uwt3_jFt4,2021-03-25,,,,,-4,
LY,Libya,Al Wahat District,,,LY-WA,,ChIJ2fTE9CV5iBMR2-Uwt3_jFt4,2021-03-26,,,,,-13,
LY,Libya,Al Wahat District,,,LY-WA,,ChIJ2fTE9CV5iBMR2-Uwt3_jFt4,2021-03-27,,,,,-5,
LY,Libya,Al Wahat District,,,LY-WA,,ChIJ2fTE9CV5iBMR2-Uwt3_jFt4,2021-03-28,,,,,-8,
LY,Libya,Al Wahat District,,,LY-WA,,ChIJ2fTE9CV5iBMR2-Uwt3_jFt4,2021-03-29,,,,,-3,
LY,Libya,Al Wahat District,,,LY-WA,,ChIJ2fTE9CV5iBMR2-Uwt3_jFt4,2021-03-30,,,,,-9,
LY,Libya,Al Wahat District,,,LY-WA,,ChIJ2fTE9CV5iBMR2-Uwt3_jFt4,2021-03-31,,,,,-8,
LY,Libya,Al Wahat District,,,LY-WA,,ChIJ2fTE9CV5iBMR2-Uwt3_jFt4,2021-04-01,,,,,-6,
LY,Libya,Al Wahat District,,,LY-WA,,ChIJ2fTE9CV5iBMR2-Uwt3_jFt4,2021-04-02,,,,,-13,
LY,Libya,Al Wahat District,,,LY-WA,,ChIJ2fTE9CV5iBMR2-Uwt3_jFt4,2021-04-03,,,,,-2,
LY,Libya,Al Wahat District,,,LY-WA,,ChIJ2fTE9CV5iBMR2-Uwt3_jFt4,2021-04-04,,,,,2,
LY,Libya,Benghazi district,,,LY-BA,,ChIJr3tibNSWgxMRmtJ0MaQSsB8,2021-01-01,35,46,57,,-2,0
LY,Libya,Benghazi district,,,LY-BA,,ChIJr3tibNSWgxMRmtJ0MaQSsB8,2021-01-02,33,45,58,,12,-1
LY,Libya,Benghazi district,,,LY-BA,,ChIJr3tibNSWgxMRmtJ0MaQSsB8,2021-01-03,36,54,51,,7,2
LY,Libya,Benghazi district,,,LY-BA,,ChIJr3tibNSWgxMRmtJ0MaQSsB8,2021-01-04,38,42,54,,8,0
LY,Libya,Benghazi district,,,LY-BA,,ChIJr3tibNSWgxMRmtJ0MaQSsB8,2021-01-05,42,54,76,,3,-1
LY,Libya,Benghazi district,,,LY-BA,,ChIJr3tibNSWgxMRmtJ0MaQSsB8,2021-01-06,31,45,55,,5,0
LY,Libya,Benghazi district,,,LY-BA,,ChIJr3tibNSWgxMRmtJ0MaQSsB8,2021-01-07,37,52,52,,5,1
LY,Libya,Benghazi district,,,LY-BA,,ChIJr3tibNSWgxMRmtJ0MaQSsB8,2021-01-08,40,42,57,,-2,0
LY,Libya,Benghazi district,,,LY-BA,,ChIJr3tibNSWgxMRmtJ0MaQSsB8,2021-01-09,37,50,48,,15,-3
LY,Libya,Benghazi district,,,LY-BA,,ChIJr3tibNSWgxMRmtJ0MaQSsB8,2021-01-10,42,58,46,,8,-1
LY,Libya,Benghazi district,,,LY-BA,,ChIJr3tibNSWgxMRmtJ0MaQSsB8,2021-01-11,45,44,49,,9,-2
LY,Libya,Benghazi district,,,LY-BA,,ChIJr3tibNSWgxMRmtJ0MaQSsB8,2021-01-12,45,56,57,,7,-3
LY,Libya,Benghazi district,,,LY-BA,,ChIJr3tibNSWgxMRmtJ0MaQSsB8,2021-01-13,37,40,40,,4,-3
LY,Libya,Benghazi district,,,LY-BA,,ChIJr3tibNSWgxMRmtJ0MaQSsB8,2021-01-14,35,44,34,,2,-5
LY,Libya,Benghazi district,,,LY-BA,,ChIJr3tibNSWgxMRmtJ0MaQSsB8,2021-01-15,26,26,18,,-13,-3
LY,Libya,Benghazi district,,,LY-BA,,ChIJr3tibNSWgxMRmtJ0MaQSsB8,2021-01-16,27,40,22,,6,-4
LY,Libya,Benghazi district,,,LY-BA,,ChIJr3tibNSWgxMRmtJ0MaQSsB8,2021-01-17,37,44,23,,-1,-3
LY,Libya,Benghazi district,,,LY-BA,,ChIJr3tibNSWgxMRmtJ0MaQSsB8,2021-01-18,31,31,26,,2,-4
LY,Libya,Benghazi district,,,LY-BA,,ChIJr3tibNSWgxMRmtJ0MaQSsB8,2021-01-19,40,50,46,,0,-4
LY,Libya,Benghazi district,,,LY-BA,,ChIJr3tibNSWgxMRmtJ0MaQSsB8,2021-01-20,38,42,41,,-1,-4
LY,Libya,Benghazi district,,,LY-BA,,ChIJr3tibNSWgxMRmtJ0MaQSsB8,2021-01-21,33,48,35,,-2,-3
LY,Libya,Benghazi district,,,LY-BA,,ChIJr3tibNSWgxMRmtJ0MaQSsB8,2021-01-22,36,43,40,,-9,-4
LY,Libya,Benghazi district,,,LY-BA,,ChIJr3tibNSWgxMRmtJ0MaQSsB8,2021-01-23,34,44,32,,11,-5
LY,Libya,Benghazi district,,,LY-BA,,ChIJr3tibNSWgxMRmtJ0MaQSsB8,2021-01-24,42,53,34,,2,-3
LY,Libya,Benghazi district,,,LY-BA,,ChIJr3tibNSWgxMRmtJ0MaQSsB8,2021-01-25,40,41,49,,5,-4
LY,Libya,Benghazi district,,,LY-BA,,ChIJr3tibNSWgxMRmtJ0MaQSsB8,2021-01-26,38,52,53,,4,-5
LY,Libya,Benghazi district,,,LY-BA,,ChIJr3tibNSWgxMRmtJ0MaQSsB8,2021-01-27,34,38,45,,2,-3
LY,Libya,Benghazi district,,,LY-BA,,ChIJr3tibNSWgxMRmtJ0MaQSsB8,2021-01-28,26,34,26,,-1,-1
LY,Libya,Benghazi district,,,LY-BA,,ChIJr3tibNSWgxMRmtJ0MaQSsB8,2021-01-29,39,43,41,,-9,-3
LY,Libya,Benghazi district,,,LY-BA,,ChIJr3tibNSWgxMRmtJ0MaQSsB8,2021-01-30,40,59,50,,11,-7
LY,Libya,Benghazi district,,,LY-BA,,ChIJr3tibNSWgxMRmtJ0MaQSsB8,2021-01-31,43,69,49,,5,-7
LY,Libya,Benghazi district,,,LY-BA,,ChIJr3tibNSWgxMRmtJ0MaQSsB8,2021-02-01,44,57,52,,4,-6
LY,Libya,Benghazi district,,,LY-BA,,ChIJr3tibNSWgxMRmtJ0MaQSsB8,2021-02-02,48,71,61,,5,-7
LY,Libya,Benghazi district,,,LY-BA,,ChIJr3tibNSWgxMRmtJ0MaQSsB8,2021-02-03,37,46,58,,3,-6
LY,Libya,Benghazi district,,,LY-BA,,ChIJr3tibNSWgxMRmtJ0MaQSsB8,2021-02-04,32,47,47,,-4,-9
LY,Libya,Benghazi district,,,LY-BA,,ChIJr3tibNSWgxMRmtJ0MaQSsB8,2021-02-05,34,50,54,,-12,-5
LY,Libya,Benghazi district,,,LY-BA,,ChIJr3tibNSWgxMRmtJ0MaQSsB8,2021-02-06,28,49,55,,7,-6
LY,Libya,Benghazi district,,,LY-BA,,ChIJr3tibNSWgxMRmtJ0MaQSsB8,2021-02-07,35,54,45,,0,-5
LY,Libya,Benghazi district,,,LY-BA,,ChIJr3tibNSWgxMRmtJ0MaQSsB8,2021-02-08,37,51,53,,2,-7
LY,Libya,Benghazi district,,,LY-BA,,ChIJr3tibNSWgxMRmtJ0MaQSsB8,2021-02-09,44,68,58,,0,-6
LY,Libya,Benghazi district,,,LY-BA,,ChIJr3tibNSWgxMRmtJ0MaQSsB8,2021-02-10,39,53,54,,4,-6
LY,Libya,Benghazi district,,,LY-BA,,ChIJr3tibNSWgxMRmtJ0MaQSsB8,2021-02-11,37,56,42,,0,-5
LY,Libya,Benghazi district,,,LY-BA,,ChIJr3tibNSWgxMRmtJ0MaQSsB8,2021-02-12,39,45,48,,-16,-4
LY,Libya,Benghazi district,,,LY-BA,,ChIJr3tibNSWgxMRmtJ0MaQSsB8,2021-02-13,40,60,48,,10,-8
LY,Libya,Benghazi district,,,LY-BA,,ChIJr3tibNSWgxMRmtJ0MaQSsB8,2021-02-14,47,62,44,,7,-5
LY,Libya,Benghazi district,,,LY-BA,,ChIJr3tibNSWgxMRmtJ0MaQSsB8,2021-02-15,37,41,25,,5,-4
LY,Libya,Benghazi district,,,LY-BA,,ChIJr3tibNSWgxMRmtJ0MaQSsB8,2021-02-16,47,57,38,,-1,-6
LY,Libya,Benghazi district,,,LY-BA,,ChIJr3tibNSWgxMRmtJ0MaQSsB8,2021-02-17,38,47,49,,-21,-1
LY,Libya,Benghazi district,,,LY-BA,,ChIJr3tibNSWgxMRmtJ0MaQSsB8,2021-02-18,40,58,39,,-20,0
LY,Libya,Benghazi district,,,LY-BA,,ChIJr3tibNSWgxMRmtJ0MaQSsB8,2021-02-19,49,54,53,,-10,-5
LY,Libya,Benghazi district,,,LY-BA,,ChIJr3tibNSWgxMRmtJ0MaQSsB8,2021-02-20,51,64,62,,16,-7
LY,Libya,Benghazi district,,,LY-BA,,ChIJr3tibNSWgxMRmtJ0MaQSsB8,2021-02-21,58,75,48,,8,-5
LY,Libya,Benghazi district,,,LY-BA,,ChIJr3tibNSWgxMRmtJ0MaQSsB8,2021-02-22,54,55,56,,7,-5
LY,Libya,Benghazi district,,,LY-BA,,ChIJr3tibNSWgxMRmtJ0MaQSsB8,2021-02-23,55,70,65,,5,-6
LY,Libya,Benghazi district,,,LY-BA,,ChIJr3tibNSWgxMRmtJ0MaQSsB8,2021-02-24,49,56,53,,8,-6
LY,Libya,Benghazi district,,,LY-BA,,ChIJr3tibNSWgxMRmtJ0MaQSsB8,2021-02-25,47,59,53,,2,-5
LY,Libya,Benghazi district,,,LY-BA,,ChIJr3tibNSWgxMRmtJ0MaQSsB8,2021-02-26,52,54,56,,-6,-4
LY,Libya,Benghazi district,,,LY-BA,,ChIJr3tibNSWgxMRmtJ0MaQSsB8,2021-02-27,50,65,58,,14,-7
LY,Libya,Benghazi district,,,LY-BA,,ChIJr3tibNSWgxMRmtJ0MaQSsB8,2021-02-28,57,77,57,,7,-6
LY,Libya,Benghazi district,,,LY-BA,,ChIJr3tibNSWgxMRmtJ0MaQSsB8,2021-03-01,55,61,57,,9,-7
LY,Libya,Benghazi district,,,LY-BA,,ChIJr3tibNSWgxMRmtJ0MaQSsB8,2021-03-02,56,65,58,,6,-6
LY,Libya,Benghazi district,,,LY-BA,,ChIJr3tibNSWgxMRmtJ0MaQSsB8,2021-03-03,53,58,59,,7,-6
LY,Libya,Benghazi district,,,LY-BA,,ChIJr3tibNSWgxMRmtJ0MaQSsB8,2021-03-04,53,60,47,,2,-5
LY,Libya,Benghazi district,,,LY-BA,,ChIJr3tibNSWgxMRmtJ0MaQSsB8,2021-03-05,52,51,46,,-12,-6
LY,Libya,Benghazi district,,,LY-BA,,ChIJr3tibNSWgxMRmtJ0MaQSsB8,2021-03-06,49,63,59,,13,-7
LY,Libya,Benghazi district,,,LY-BA,,ChIJr3tibNSWgxMRmtJ0MaQSsB8,2021-03-07,55,72,50,,7,-5
LY,Libya,Benghazi district,,,LY-BA,,ChIJr3tibNSWgxMRmtJ0MaQSsB8,2021-03-08,52,50,59,,8,-6
LY,Libya,Benghazi district,,,LY-BA,,ChIJr3tibNSWgxMRmtJ0MaQSsB8,2021-03-09,59,71,73,,9,-6
LY,Libya,Benghazi district,,,LY-BA,,ChIJr3tibNSWgxMRmtJ0MaQSsB8,2021-03-10,50,58,60,,6,-5
LY,Libya,Benghazi district,,,LY-BA,,ChIJr3tibNSWgxMRmtJ0MaQSsB8,2021-03-11,47,58,56,,3,-4
LY,Libya,Benghazi district,,,LY-BA,,ChIJr3tibNSWgxMRmtJ0MaQSsB8,2021-03-12,56,56,,,-16,-4
LY,Libya,Benghazi district,,,LY-BA,,ChIJr3tibNSWgxMRmtJ0MaQSsB8,2021-03-13,51,68,66,,14,-7
LY,Libya,Benghazi district,,,LY-BA,,ChIJr3tibNSWgxMRmtJ0MaQSsB8,2021-03-14,56,74,54,,8,-4
LY,Libya,Benghazi district,,,LY-BA,,ChIJr3tibNSWgxMRmtJ0MaQSsB8,2021-03-15,55,56,62,,9,-5
LY,Libya,Benghazi district,,,LY-BA,,ChIJr3tibNSWgxMRmtJ0MaQSsB8,2021-03-16,60,70,63,,9,-7
LY,Libya,Benghazi district,,,LY-BA,,ChIJr3tibNSWgxMRmtJ0MaQSsB8,2021-03-17,57,57,57,,9,-5
LY,Libya,Benghazi district,,,LY-BA,,ChIJr3tibNSWgxMRmtJ0MaQSsB8,2021-03-18,57,66,54,,8,-5
LY,Libya,Benghazi district,,,LY-BA,,ChIJr3tibNSWgxMRmtJ0MaQSsB8,2021-03-19,46,53,51,,-9,-2
LY,Libya,Benghazi district,,,LY-BA,,ChIJr3tibNSWgxMRmtJ0MaQSsB8,2021-03-20,61,79,71,,21,-7
LY,Libya,Benghazi district,,,LY-BA,,ChIJr3tibNSWgxMRmtJ0MaQSsB8,2021-03-21,71,86,57,,14,-6
LY,Libya,Benghazi district,,,LY-BA,,ChIJr3tibNSWgxMRmtJ0MaQSsB8,2021-03-22,60,65,60,,13,-5
LY,Libya,Benghazi district,,,LY-BA,,ChIJr3tibNSWgxMRmtJ0MaQSsB8,2021-03-23,58,71,58,,11,-6
LY,Libya,Benghazi district,,,LY-BA,,ChIJr3tibNSWgxMRmtJ0MaQSsB8,2021-03-24,53,63,53,,11,-4
LY,Libya,Benghazi district,,,LY-BA,,ChIJr3tibNSWgxMRmtJ0MaQSsB8,2021-03-25,51,68,41,,8,-3
LY,Libya,Benghazi district,,,LY-BA,,ChIJr3tibNSWgxMRmtJ0MaQSsB8,2021-03-26,56,64,48,,-11,-3
LY,Libya,Benghazi district,,,LY-BA,,ChIJr3tibNSWgxMRmtJ0MaQSsB8,2021-03-27,57,76,58,,19,-6
LY,Libya,Benghazi district,,,LY-BA,,ChIJr3tibNSWgxMRmtJ0MaQSsB8,2021-03-28,61,86,54,,15,-4
LY,Libya,Benghazi district,,,LY-BA,,ChIJr3tibNSWgxMRmtJ0MaQSsB8,2021-03-29,60,65,52,,13,-5
LY,Libya,Benghazi district,,,LY-BA,,ChIJr3tibNSWgxMRmtJ0MaQSsB8,2021-03-30,64,83,62,,10,-7
LY,Libya,Benghazi district,,,LY-BA,,ChIJr3tibNSWgxMRmtJ0MaQSsB8,2021-03-31,57,68,53,,12,-5
LY,Libya,Benghazi district,,,LY-BA,,ChIJr3tibNSWgxMRmtJ0MaQSsB8,2021-04-01,58,73,54,,8,-5
LY,Libya,Benghazi district,,,LY-BA,,ChIJr3tibNSWgxMRmtJ0MaQSsB8,2021-04-02,63,67,58,,-6,-4
LY,Libya,Benghazi district,,,LY-BA,,ChIJr3tibNSWgxMRmtJ0MaQSsB8,2021-04-03,59,84,63,,23,-7
LY,Libya,Benghazi district,,,LY-BA,,ChIJr3tibNSWgxMRmtJ0MaQSsB8,2021-04-04,61,86,50,,16,-4
LY,Libya,Butnan District,,,LY-BU,,ChIJhzoaEPJheRQRs0BCvDS7Yj4,2021-01-03,,,,,-2,
LY,Libya,Butnan District,,,LY-BU,,ChIJhzoaEPJheRQRs0BCvDS7Yj4,2021-01-04,,,,,-14,
LY,Libya,Butnan District,,,LY-BU,,ChIJhzoaEPJheRQRs0BCvDS7Yj4,2021-01-05,,,,,-4,
LY,Libya,Butnan District,,,LY-BU,,ChIJhzoaEPJheRQRs0BCvDS7Yj4,2021-01-06,,,,,4,
LY,Libya,Butnan District,,,LY-BU,,ChIJhzoaEPJheRQRs0BCvDS7Yj4,2021-01-07,,,,,-5,
LY,Libya,Butnan District,,,LY-BU,,ChIJhzoaEPJheRQRs0BCvDS7Yj4,2021-01-10,,,,,1,
LY,Libya,Butnan District,,,LY-BU,,ChIJhzoaEPJheRQRs0BCvDS7Yj4,2021-01-11,,,,,-8,
LY,Libya,Butnan District,,,LY-BU,,ChIJhzoaEPJheRQRs0BCvDS7Yj4,2021-01-12,,,,,-2,
LY,Libya,Butnan District,,,LY-BU,,ChIJhzoaEPJheRQRs0BCvDS7Yj4,2021-01-13,,,,,-4,
LY,Libya,Butnan District,,,LY-BU,,ChIJhzoaEPJheRQRs0BCvDS7Yj4,2021-01-14,,,,,-5,
LY,Libya,Butnan District,,,LY-BU,,ChIJhzoaEPJheRQRs0BCvDS7Yj4,2021-01-16,,,,,-57,
LY,Libya,Butnan District,,,LY-BU,,ChIJhzoaEPJheRQRs0BCvDS7Yj4,2021-01-17,,,,,-35,
LY,Libya,Butnan District,,,LY-BU,,ChIJhzoaEPJheRQRs0BCvDS7Yj4,2021-01-18,,,,,-16,
LY,Libya,Butnan District,,,LY-BU,,ChIJhzoaEPJheRQRs0BCvDS7Yj4,2021-01-19,,,,,-13,
LY,Libya,Butnan District,,,LY-BU,,ChIJhzoaEPJheRQRs0BCvDS7Yj4,2021-01-20,,,,,-5,
LY,Libya,Butnan District,,,LY-BU,,ChIJhzoaEPJheRQRs0BCvDS7Yj4,2021-01-21,,,,,-8,
LY,Libya,Butnan District,,,LY-BU,,ChIJhzoaEPJheRQRs0BCvDS7Yj4,2021-01-24,,,,,-11,
LY,Libya,Butnan District,,,LY-BU,,ChIJhzoaEPJheRQRs0BCvDS7Yj4,2021-01-25,,,,,-13,
LY,Libya,Butnan District,,,LY-BU,,ChIJhzoaEPJheRQRs0BCvDS7Yj4,2021-01-26,,,,,-14,
LY,Libya,Butnan District,,,LY-BU,,ChIJhzoaEPJheRQRs0BCvDS7Yj4,2021-01-27,,,,,-8,
LY,Libya,Butnan District,,,LY-BU,,ChIJhzoaEPJheRQRs0BCvDS7Yj4,2021-01-28,,,,,-12,
LY,Libya,Butnan District,,,LY-BU,,ChIJhzoaEPJheRQRs0BCvDS7Yj4,2021-01-31,,,,,-10,
LY,Libya,Butnan District,,,LY-BU,,ChIJhzoaEPJheRQRs0BCvDS7Yj4,2021-02-01,,,,,-15,
LY,Libya,Butnan District,,,LY-BU,,ChIJhzoaEPJheRQRs0BCvDS7Yj4,2021-02-02,,,,,-15,
LY,Libya,Butnan District,,,LY-BU,,ChIJhzoaEPJheRQRs0BCvDS7Yj4,2021-02-03,,,,,-12,
LY,Libya,Butnan District,,,LY-BU,,ChIJhzoaEPJheRQRs0BCvDS7Yj4,2021-02-04,,,,,-13,
LY,Libya,Butnan District,,,LY-BU,,ChIJhzoaEPJheRQRs0BCvDS7Yj4,2021-02-07,,,,,-21,
LY,Libya,Butnan District,,,LY-BU,,ChIJhzoaEPJheRQRs0BCvDS7Yj4,2021-02-08,,,,,-20,
LY,Libya,Butnan District,,,LY-BU,,ChIJhzoaEPJheRQRs0BCvDS7Yj4,2021-02-09,,,,,-17,
LY,Libya,Butnan District,,,LY-BU,,ChIJhzoaEPJheRQRs0BCvDS7Yj4,2021-02-10,,,,,-11,
LY,Libya,Butnan District,,,LY-BU,,ChIJhzoaEPJheRQRs0BCvDS7Yj4,2021-02-11,,,,,-13,
LY,Libya,Butnan District,,,LY-BU,,ChIJhzoaEPJheRQRs0BCvDS7Yj4,2021-02-13,,,,,-17,
LY,Libya,Butnan District,,,LY-BU,,ChIJhzoaEPJheRQRs0BCvDS7Yj4,2021-02-14,,,,,-20,
LY,Libya,Butnan District,,,LY-BU,,ChIJhzoaEPJheRQRs0BCvDS7Yj4,2021-02-15,,,,,-30,
LY,Libya,Butnan District,,,LY-BU,,ChIJhzoaEPJheRQRs0BCvDS7Yj4,2021-02-16,,,,,-26,
LY,Libya,Butnan District,,,LY-BU,,ChIJhzoaEPJheRQRs0BCvDS7Yj4,2021-02-17,,,,,-24,
LY,Libya,Butnan District,,,LY-BU,,ChIJhzoaEPJheRQRs0BCvDS7Yj4,2021-02-18,,,,,-23,
LY,Libya,Butnan District,,,LY-BU,,ChIJhzoaEPJheRQRs0BCvDS7Yj4,2021-02-21,,,,,-17,
LY,Libya,Butnan District,,,LY-BU,,ChIJhzoaEPJheRQRs0BCvDS7Yj4,2021-02-22,,,,,-16,
LY,Libya,Butnan District,,,LY-BU,,ChIJhzoaEPJheRQRs0BCvDS7Yj4,2021-02-23,,,,,-9,
LY,Libya,Butnan District,,,LY-BU,,ChIJhzoaEPJheRQRs0BCvDS7Yj4,2021-02-24,,,,,-12,
LY,Libya,Butnan District,,,LY-BU,,ChIJhzoaEPJheRQRs0BCvDS7Yj4,2021-02-25,,,,,-20,
LY,Libya,Butnan District,,,LY-BU,,ChIJhzoaEPJheRQRs0BCvDS7Yj4,2021-02-27,,,,,-18,
LY,Libya,Butnan District,,,LY-BU,,ChIJhzoaEPJheRQRs0BCvDS7Yj4,2021-02-28,,,,,-14,
LY,Libya,Butnan District,,,LY-BU,,ChIJhzoaEPJheRQRs0BCvDS7Yj4,2021-03-01,,,,,-25,
LY,Libya,Butnan District,,,LY-BU,,ChIJhzoaEPJheRQRs0BCvDS7Yj4,2021-03-02,,,,,-16,
LY,Libya,Butnan District,,,LY-BU,,ChIJhzoaEPJheRQRs0BCvDS7Yj4,2021-03-03,,,,,-14,
LY,Libya,Butnan District,,,LY-BU,,ChIJhzoaEPJheRQRs0BCvDS7Yj4,2021-03-04,,,,,-19,
LY,Libya,Butnan District,,,LY-BU,,ChIJhzoaEPJheRQRs0BCvDS7Yj4,2021-03-06,,,,,-16,
LY,Libya,Butnan District,,,LY-BU,,ChIJhzoaEPJheRQRs0BCvDS7Yj4,2021-03-07,,,,,-19,
LY,Libya,Butnan District,,,LY-BU,,ChIJhzoaEPJheRQRs0BCvDS7Yj4,2021-03-08,,,,,-15,
LY,Libya,Butnan District,,,LY-BU,,ChIJhzoaEPJheRQRs0BCvDS7Yj4,2021-03-09,,,,,-15,
LY,Libya,Butnan District,,,LY-BU,,ChIJhzoaEPJheRQRs0BCvDS7Yj4,2021-03-10,,,,,-1,
LY,Libya,Butnan District,,,LY-BU,,ChIJhzoaEPJheRQRs0BCvDS7Yj4,2021-03-11,,,,,-6,
LY,Libya,Butnan District,,,LY-BU,,ChIJhzoaEPJheRQRs0BCvDS7Yj4,2021-03-14,,,,,-7,
LY,Libya,Butnan District,,,LY-BU,,ChIJhzoaEPJheRQRs0BCvDS7Yj4,2021-03-15,,,,,-17,
LY,Libya,Butnan District,,,LY-BU,,ChIJhzoaEPJheRQRs0BCvDS7Yj4,2021-03-16,,,,,-14,
LY,Libya,Butnan District,,,LY-BU,,ChIJhzoaEPJheRQRs0BCvDS7Yj4,2021-03-17,,,,,-4,
LY,Libya,Butnan District,,,LY-BU,,ChIJhzoaEPJheRQRs0BCvDS7Yj4,2021-03-18,,,,,-8,
LY,Libya,Butnan District,,,LY-BU,,ChIJhzoaEPJheRQRs0BCvDS7Yj4,2021-03-21,,,,,-1,
LY,Libya,Butnan District,,,LY-BU,,ChIJhzoaEPJheRQRs0BCvDS7Yj4,2021-03-22,,,,,-9,
LY,Libya,Butnan District,,,LY-BU,,ChIJhzoaEPJheRQRs0BCvDS7Yj4,2021-03-23,,,,,-11,
LY,Libya,Butnan District,,,LY-BU,,ChIJhzoaEPJheRQRs0BCvDS7Yj4,2021-03-24,,,,,-1,
LY,Libya,Butnan District,,,LY-BU,,ChIJhzoaEPJheRQRs0BCvDS7Yj4,2021-03-25,,,,,-9,
LY,Libya,Butnan District,,,LY-BU,,ChIJhzoaEPJheRQRs0BCvDS7Yj4,2021-03-28,,,,,-15,
LY,Libya,Butnan District,,,LY-BU,,ChIJhzoaEPJheRQRs0BCvDS7Yj4,2021-03-29,,,,,-18,
LY,Libya,Butnan District,,,LY-BU,,ChIJhzoaEPJheRQRs0BCvDS7Yj4,2021-03-30,,,,,-3,
LY,Libya,Butnan District,,,LY-BU,,ChIJhzoaEPJheRQRs0BCvDS7Yj4,2021-03-31,,,,,-6,
LY,Libya,Butnan District,,,LY-BU,,ChIJhzoaEPJheRQRs0BCvDS7Yj4,2021-04-01,,,,,-5,
LY,Libya,Butnan District,,,LY-BU,,ChIJhzoaEPJheRQRs0BCvDS7Yj4,2021-04-04,,,,,-1,
LY,Libya,Jabal al Akhdar District,,,LY-JA,,ChIJt-vZwnhlfxMR6OGS26eBoXM,2021-01-02,,,,,6,
LY,Libya,Jabal al Akhdar District,,,LY-JA,,ChIJt-vZwnhlfxMR6OGS26eBoXM,2021-01-03,,,,,2,
LY,Libya,Jabal al Akhdar District,,,LY-JA,,ChIJt-vZwnhlfxMR6OGS26eBoXM,2021-01-04,,,,,6,
LY,Libya,Jabal al Akhdar District,,,LY-JA,,ChIJt-vZwnhlfxMR6OGS26eBoXM,2021-01-05,,,,,7,
LY,Libya,Jabal al Akhdar District,,,LY-JA,,ChIJt-vZwnhlfxMR6OGS26eBoXM,2021-01-06,,,,,7,
LY,Libya,Jabal al Akhdar District,,,LY-JA,,ChIJt-vZwnhlfxMR6OGS26eBoXM,2021-01-07,,,,,9,
LY,Libya,Jabal al Akhdar District,,,LY-JA,,ChIJt-vZwnhlfxMR6OGS26eBoXM,2021-01-09,,,,,11,
LY,Libya,Jabal al Akhdar District,,,LY-JA,,ChIJt-vZwnhlfxMR6OGS26eBoXM,2021-01-10,,,,,12,
LY,Libya,Jabal al Akhdar District,,,LY-JA,,ChIJt-vZwnhlfxMR6OGS26eBoXM,2021-01-11,,,,,14,
LY,Libya,Jabal al Akhdar District,,,LY-JA,,ChIJt-vZwnhlfxMR6OGS26eBoXM,2021-01-12,,,,,0,
LY,Libya,Jabal al Akhdar District,,,LY-JA,,ChIJt-vZwnhlfxMR6OGS26eBoXM,2021-01-13,,,,,6,
LY,Libya,Jabal al Akhdar District,,,LY-JA,,ChIJt-vZwnhlfxMR6OGS26eBoXM,2021-01-14,,,,,-6,
LY,Libya,Jabal al Akhdar District,,,LY-JA,,ChIJt-vZwnhlfxMR6OGS26eBoXM,2021-01-16,,,,,2,
LY,Libya,Jabal al Akhdar District,,,LY-JA,,ChIJt-vZwnhlfxMR6OGS26eBoXM,2021-01-17,,,,,-6,
LY,Libya,Jabal al Akhdar District,,,LY-JA,,ChIJt-vZwnhlfxMR6OGS26eBoXM,2021-01-18,,,,,1,
LY,Libya,Jabal al Akhdar District,,,LY-JA,,ChIJt-vZwnhlfxMR6OGS26eBoXM,2021-01-19,,,,,-3,
LY,Libya,Jabal al Akhdar District,,,LY-JA,,ChIJt-vZwnhlfxMR6OGS26eBoXM,2021-01-20,,,,,-5,
LY,Libya,Jabal al Akhdar District,,,LY-JA,,ChIJt-vZwnhlfxMR6OGS26eBoXM,2021-01-21,,,,,-2,
LY,Libya,Jabal al Akhdar District,,,LY-JA,,ChIJt-vZwnhlfxMR6OGS26eBoXM,2021-01-23,,,,,3,
LY,Libya,Jabal al Akhdar District,,,LY-JA,,ChIJt-vZwnhlfxMR6OGS26eBoXM,2021-01-24,,,,,4,
LY,Libya,Jabal al Akhdar District,,,LY-JA,,ChIJt-vZwnhlfxMR6OGS26eBoXM,2021-01-25,,,,,3,
LY,Libya,Jabal al Akhdar District,,,LY-JA,,ChIJt-vZwnhlfxMR6OGS26eBoXM,2021-01-26,,,,,-1,
LY,Libya,Jabal al Akhdar District,,,LY-JA,,ChIJt-vZwnhlfxMR6OGS26eBoXM,2021-01-27,,,,,2,
LY,Libya,Jabal al Akhdar District,,,LY-JA,,ChIJt-vZwnhlfxMR6OGS26eBoXM,2021-01-28,,,,,-4,
LY,Libya,Jabal al Akhdar District,,,LY-JA,,ChIJt-vZwnhlfxMR6OGS26eBoXM,2021-01-30,,,,,3,
LY,Libya,Jabal al Akhdar District,,,LY-JA,,ChIJt-vZwnhlfxMR6OGS26eBoXM,2021-01-31,,,,,3,
LY,Libya,Jabal al Akhdar District,,,LY-JA,,ChIJt-vZwnhlfxMR6OGS26eBoXM,2021-02-01,,,,,5,
LY,Libya,Jabal al Akhdar District,,,LY-JA,,ChIJt-vZwnhlfxMR6OGS26eBoXM,2021-02-02,,,,,0,
LY,Libya,Jabal al Akhdar District,,,LY-JA,,ChIJt-vZwnhlfxMR6OGS26eBoXM,2021-02-03,,,,,-3,
LY,Libya,Jabal al Akhdar District,,,LY-JA,,ChIJt-vZwnhlfxMR6OGS26eBoXM,2021-02-04,,,,,-8,
LY,Libya,Jabal al Akhdar District,,,LY-JA,,ChIJt-vZwnhlfxMR6OGS26eBoXM,2021-02-06,,,,,2,
LY,Libya,Jabal al Akhdar District,,,LY-JA,,ChIJt-vZwnhlfxMR6OGS26eBoXM,2021-02-07,,,,,-3,
LY,Libya,Jabal al Akhdar District,,,LY-JA,,ChIJt-vZwnhlfxMR6OGS26eBoXM,2021-02-08,,,,,-4,
LY,Libya,Jabal al Akhdar District,,,LY-JA,,ChIJt-vZwnhlfxMR6OGS26eBoXM,2021-02-09,,,,,-7,
LY,Libya,Jabal al Akhdar District,,,LY-JA,,ChIJt-vZwnhlfxMR6OGS26eBoXM,2021-02-10,,,,,-5,
LY,Libya,Jabal al Akhdar District,,,LY-JA,,ChIJt-vZwnhlfxMR6OGS26eBoXM,2021-02-11,,,,,-5,
LY,Libya,Jabal al Akhdar District,,,LY-JA,,ChIJt-vZwnhlfxMR6OGS26eBoXM,2021-02-13,,,,,2,
LY,Libya,Jabal al Akhdar District,,,LY-JA,,ChIJt-vZwnhlfxMR6OGS26eBoXM,2021-02-14,,,,,0,
LY,Libya,Jabal al Akhdar District,,,LY-JA,,ChIJt-vZwnhlfxMR6OGS26eBoXM,2021-02-15,,,,,-4,
LY,Libya,Jabal al Akhdar District,,,LY-JA,,ChIJt-vZwnhlfxMR6OGS26eBoXM,2021-02-16,,,,,-28,
LY,Libya,Jabal al Akhdar District,,,LY-JA,,ChIJt-vZwnhlfxMR6OGS26eBoXM,2021-02-17,,,,,-29,
LY,Libya,Jabal al Akhdar District,,,LY-JA,,ChIJt-vZwnhlfxMR6OGS26eBoXM,2021-02-18,,,,,-23,
LY,Libya,Jabal al Akhdar District,,,LY-JA,,ChIJt-vZwnhlfxMR6OGS26eBoXM,2021-02-20,,,,,4,
LY,Libya,Jabal al Akhdar District,,,LY-JA,,ChIJt-vZwnhlfxMR6OGS26eBoXM,2021-02-21,,,,,-2,
LY,Libya,Jabal al Akhdar District,,,LY-JA,,ChIJt-vZwnhlfxMR6OGS26eBoXM,2021-02-22,,,,,4,
LY,Libya,Jabal al Akhdar District,,,LY-JA,,ChIJt-vZwnhlfxMR6OGS26eBoXM,2021-02-23,,,,,1,
LY,Libya,Jabal al Akhdar District,,,LY-JA,,ChIJt-vZwnhlfxMR6OGS26eBoXM,2021-02-24,,,,,8,
LY,Libya,Jabal al Akhdar District,,,LY-JA,,ChIJt-vZwnhlfxMR6OGS26eBoXM,2021-02-25,,,,,4,
LY,Libya,Jabal al Akhdar District,,,LY-JA,,ChIJt-vZwnhlfxMR6OGS26eBoXM,2021-02-27,,,,,9,
LY,Libya,Jabal al Akhdar District,,,LY-JA,,ChIJt-vZwnhlfxMR6OGS26eBoXM,2021-02-28,,,,,1,
LY,Libya,Jabal al Akhdar District,,,LY-JA,,ChIJt-vZwnhlfxMR6OGS26eBoXM,2021-03-01,,,,,5,
LY,Libya,Jabal al Akhdar District,,,LY-JA,,ChIJt-vZwnhlfxMR6OGS26eBoXM,2021-03-02,,,,,-1,
LY,Libya,Jabal al Akhdar District,,,LY-JA,,ChIJt-vZwnhlfxMR6OGS26eBoXM,2021-03-03,,,,,1,
LY,Libya,Jabal al Akhdar District,,,LY-JA,,ChIJt-vZwnhlfxMR6OGS26eBoXM,2021-03-04,,,,,-3,
LY,Libya,Jabal al Akhdar District,,,LY-JA,,ChIJt-vZwnhlfxMR6OGS26eBoXM,2021-03-06,,,,,6,
LY,Libya,Jabal al Akhdar District,,,LY-JA,,ChIJt-vZwnhlfxMR6OGS26eBoXM,2021-03-07,,,,,3,
LY,Libya,Jabal al Akhdar District,,,LY-JA,,ChIJt-vZwnhlfxMR6OGS26eBoXM,2021-03-08,,,,,2,
LY,Libya,Jabal al Akhdar District,,,LY-JA,,ChIJt-vZwnhlfxMR6OGS26eBoXM,2021-03-09,,,,,0,
LY,Libya,Jabal al Akhdar District,,,LY-JA,,ChIJt-vZwnhlfxMR6OGS26eBoXM,2021-03-10,,,,,5,
LY,Libya,Jabal al Akhdar District,,,LY-JA,,ChIJt-vZwnhlfxMR6OGS26eBoXM,2021-03-11,,,,,-1,
LY,Libya,Jabal al Akhdar District,,,LY-JA,,ChIJt-vZwnhlfxMR6OGS26eBoXM,2021-03-13,,,,,9,
LY,Libya,Jabal al Akhdar District,,,LY-JA,,ChIJt-vZwnhlfxMR6OGS26eBoXM,2021-03-14,,,,,6,
LY,Libya,Jabal al Akhdar District,,,LY-JA,,ChIJt-vZwnhlfxMR6OGS26eBoXM,2021-03-15,,,,,6,
LY,Libya,Jabal al Akhdar District,,,LY-JA,,ChIJt-vZwnhlfxMR6OGS26eBoXM,2021-03-16,,,,,4,
LY,Libya,Jabal al Akhdar District,,,LY-JA,,ChIJt-vZwnhlfxMR6OGS26eBoXM,2021-03-17,,,,,3,
LY,Libya,Jabal al Akhdar District,,,LY-JA,,ChIJt-vZwnhlfxMR6OGS26eBoXM,2021-03-18,,,,,0,
LY,Libya,Jabal al Akhdar District,,,LY-JA,,ChIJt-vZwnhlfxMR6OGS26eBoXM,2021-03-20,,,,,12,
LY,Libya,Jabal al Akhdar District,,,LY-JA,,ChIJt-vZwnhlfxMR6OGS26eBoXM,2021-03-21,,,,,6,
LY,Libya,Jabal al Akhdar District,,,LY-JA,,ChIJt-vZwnhlfxMR6OGS26eBoXM,2021-03-22,,,,,11,
LY,Libya,Jabal al Akhdar District,,,LY-JA,,ChIJt-vZwnhlfxMR6OGS26eBoXM,2021-03-23,,,,,6,
LY,Libya,Jabal al Akhdar District,,,LY-JA,,ChIJt-vZwnhlfxMR6OGS26eBoXM,2021-03-24,,,,,12,
LY,Libya,Jabal al Akhdar District,,,LY-JA,,ChIJt-vZwnhlfxMR6OGS26eBoXM,2021-03-25,,,,,2,
LY,Libya,Jabal al Akhdar District,,,LY-JA,,ChIJt-vZwnhlfxMR6OGS26eBoXM,2021-03-27,,,,,12,
LY,Libya,Jabal al Akhdar District,,,LY-JA,,ChIJt-vZwnhlfxMR6OGS26eBoXM,2021-03-28,,,,,12,
LY,Libya,Jabal al Akhdar District,,,LY-JA,,ChIJt-vZwnhlfxMR6OGS26eBoXM,2021-03-29,,,,,11,
LY,Libya,Jabal al Akhdar District,,,LY-JA,,ChIJt-vZwnhlfxMR6OGS26eBoXM,2021-03-30,,,,,7,
LY,Libya,Jabal al Akhdar District,,,LY-JA,,ChIJt-vZwnhlfxMR6OGS26eBoXM,2021-03-31,,,,,8,
LY,Libya,Jabal al Akhdar District,,,LY-JA,,ChIJt-vZwnhlfxMR6OGS26eBoXM,2021-04-01,,,,,11,
LY,Libya,Jabal al Akhdar District,,,LY-JA,,ChIJt-vZwnhlfxMR6OGS26eBoXM,2021-04-03,,,,,18,
LY,Libya,Jabal al Akhdar District,,,LY-JA,,ChIJt-vZwnhlfxMR6OGS26eBoXM,2021-04-04,,,,,17,
LY,Libya,Jabal al Gharbi District,,,LY-JG,,ChIJ7xMdeSNUsBMRIrCau4HCWkw,2021-01-03,,,,,3,
LY,Libya,Jabal al Gharbi District,,,LY-JG,,ChIJ7xMdeSNUsBMRIrCau4HCWkw,2021-01-04,,,,,8,
LY,Libya,Jabal al Gharbi District,,,LY-JG,,ChIJ7xMdeSNUsBMRIrCau4HCWkw,2021-01-05,,,,,-5,
LY,Libya,Jabal al Gharbi District,,,LY-JG,,ChIJ7xMdeSNUsBMRIrCau4HCWkw,2021-01-07,,,,,-5,
LY,Libya,Jabal al Gharbi District,,,LY-JG,,ChIJ7xMdeSNUsBMRIrCau4HCWkw,2021-01-10,,,,,-5,
LY,Libya,Jabal al Gharbi District,,,LY-JG,,ChIJ7xMdeSNUsBMRIrCau4HCWkw,2021-01-11,,,,,1,
LY,Libya,Jabal al Gharbi District,,,LY-JG,,ChIJ7xMdeSNUsBMRIrCau4HCWkw,2021-01-12,,,,,2,
LY,Libya,Jabal al Gharbi District,,,LY-JG,,ChIJ7xMdeSNUsBMRIrCau4HCWkw,2021-01-13,,,,,-3,
LY,Libya,Jabal al Gharbi District,,,LY-JG,,ChIJ7xMdeSNUsBMRIrCau4HCWkw,2021-01-14,,,,,-9,
LY,Libya,Jabal al Gharbi District,,,LY-JG,,ChIJ7xMdeSNUsBMRIrCau4HCWkw,2021-01-17,,,,,-8,
LY,Libya,Jabal al Gharbi District,,,LY-JG,,ChIJ7xMdeSNUsBMRIrCau4HCWkw,2021-01-18,,,,,-12,
LY,Libya,Jabal al Gharbi District,,,LY-JG,,ChIJ7xMdeSNUsBMRIrCau4HCWkw,2021-01-19,,,,,-12,
LY,Libya,Jabal al Gharbi District,,,LY-JG,,ChIJ7xMdeSNUsBMRIrCau4HCWkw,2021-01-20,,,,,-5,
LY,Libya,Jabal al Gharbi District,,,LY-JG,,ChIJ7xMdeSNUsBMRIrCau4HCWkw,2021-01-21,,,,,-16,
LY,Libya,Jabal al Gharbi District,,,LY-JG,,ChIJ7xMdeSNUsBMRIrCau4HCWkw,2021-01-24,,,,,-2,
LY,Libya,Jabal al Gharbi District,,,LY-JG,,ChIJ7xMdeSNUsBMRIrCau4HCWkw,2021-01-25,,,,,-6,
LY,Libya,Jabal al Gharbi District,,,LY-JG,,ChIJ7xMdeSNUsBMRIrCau4HCWkw,2021-01-26,,,,,-9,
LY,Libya,Jabal al Gharbi District,,,LY-JG,,ChIJ7xMdeSNUsBMRIrCau4HCWkw,2021-01-27,,,,,-9,
LY,Libya,Jabal al Gharbi District,,,LY-JG,,ChIJ7xMdeSNUsBMRIrCau4HCWkw,2021-01-28,,,,,-14,
LY,Libya,Jabal al Gharbi District,,,LY-JG,,ChIJ7xMdeSNUsBMRIrCau4HCWkw,2021-01-31,,,,,1,
LY,Libya,Jabal al Gharbi District,,,LY-JG,,ChIJ7xMdeSNUsBMRIrCau4HCWkw,2021-02-01,,,,,-5,
LY,Libya,Jabal al Gharbi District,,,LY-JG,,ChIJ7xMdeSNUsBMRIrCau4HCWkw,2021-02-02,,,,,2,
LY,Libya,Jabal al Gharbi District,,,LY-JG,,ChIJ7xMdeSNUsBMRIrCau4HCWkw,2021-02-03,,,,,-5,
LY,Libya,Jabal al Gharbi District,,,LY-JG,,ChIJ7xMdeSNUsBMRIrCau4HCWkw,2021-02-04,,,,,-16,
LY,Libya,Jabal al Gharbi District,,,LY-JG,,ChIJ7xMdeSNUsBMRIrCau4HCWkw,2021-02-07,,,,,-13,
LY,Libya,Jabal al Gharbi District,,,LY-JG,,ChIJ7xMdeSNUsBMRIrCau4HCWkw,2021-02-08,,,,,-10,
LY,Libya,Jabal al Gharbi District,,,LY-JG,,ChIJ7xMdeSNUsBMRIrCau4HCWkw,2021-02-09,,,,,-13,
LY,Libya,Jabal al Gharbi District,,,LY-JG,,ChIJ7xMdeSNUsBMRIrCau4HCWkw,2021-02-10,,,,,-12,
LY,Libya,Jabal al Gharbi District,,,LY-JG,,ChIJ7xMdeSNUsBMRIrCau4HCWkw,2021-02-11,,,,,-13,
LY,Libya,Jabal al Gharbi District,,,LY-JG,,ChIJ7xMdeSNUsBMRIrCau4HCWkw,2021-02-14,,,,,-11,
LY,Libya,Jabal al Gharbi District,,,LY-JG,,ChIJ7xMdeSNUsBMRIrCau4HCWkw,2021-02-15,,,,,-13,
LY,Libya,Jabal al Gharbi District,,,LY-JG,,ChIJ7xMdeSNUsBMRIrCau4HCWkw,2021-02-16,,,,,-14,
LY,Libya,Jabal al Gharbi District,,,LY-JG,,ChIJ7xMdeSNUsBMRIrCau4HCWkw,2021-02-17,,,,,-30,
LY,Libya,Jabal al Gharbi District,,,LY-JG,,ChIJ7xMdeSNUsBMRIrCau4HCWkw,2021-02-18,,,,,-29,
LY,Libya,Jabal al Gharbi District,,,LY-JG,,ChIJ7xMdeSNUsBMRIrCau4HCWkw,2021-02-21,,,,,-17,
LY,Libya,Jabal al Gharbi District,,,LY-JG,,ChIJ7xMdeSNUsBMRIrCau4HCWkw,2021-02-22,,,,,-11,
LY,Libya,Jabal al Gharbi District,,,LY-JG,,ChIJ7xMdeSNUsBMRIrCau4HCWkw,2021-02-23,,,,,-18,
LY,Libya,Jabal al Gharbi District,,,LY-JG,,ChIJ7xMdeSNUsBMRIrCau4HCWkw,2021-02-24,,,,,-16,
LY,Libya,Jabal al Gharbi District,,,LY-JG,,ChIJ7xMdeSNUsBMRIrCau4HCWkw,2021-02-25,,,,,-20,
LY,Libya,Jabal al Gharbi District,,,LY-JG,,ChIJ7xMdeSNUsBMRIrCau4HCWkw,2021-02-28,,,,,-14,
LY,Libya,Jabal al Gharbi District,,,LY-JG,,ChIJ7xMdeSNUsBMRIrCau4HCWkw,2021-03-01,,,,,-12,
LY,Libya,Jabal al Gharbi District,,,LY-JG,,ChIJ7xMdeSNUsBMRIrCau4HCWkw,2021-03-02,,,,,-14,
LY,Libya,Jabal al Gharbi District,,,LY-JG,,ChIJ7xMdeSNUsBMRIrCau4HCWkw,2021-03-03,,,,,-14,
LY,Libya,Jabal al Gharbi District,,,LY-JG,,ChIJ7xMdeSNUsBMRIrCau4HCWkw,2021-03-04,,,,,-23,
LY,Libya,Jabal al Gharbi District,,,LY-JG,,ChIJ7xMdeSNUsBMRIrCau4HCWkw,2021-03-07,,,,,-8,
LY,Libya,Jabal al Gharbi District,,,LY-JG,,ChIJ7xMdeSNUsBMRIrCau4HCWkw,2021-03-08,,,,,-10,
LY,Libya,Jabal al Gharbi District,,,LY-JG,,ChIJ7xMdeSNUsBMRIrCau4HCWkw,2021-03-09,,,,,-8,
LY,Libya,Jabal al Gharbi District,,,LY-JG,,ChIJ7xMdeSNUsBMRIrCau4HCWkw,2021-03-10,,,,,-11,
LY,Libya,Jabal al Gharbi District,,,LY-JG,,ChIJ7xMdeSNUsBMRIrCau4HCWkw,2021-03-11,,,,,-12,
LY,Libya,Jabal al Gharbi District,,,LY-JG,,ChIJ7xMdeSNUsBMRIrCau4HCWkw,2021-03-14,,,,,-15,
LY,Libya,Jabal al Gharbi District,,,LY-JG,,ChIJ7xMdeSNUsBMRIrCau4HCWkw,2021-03-15,,,,,-13,
LY,Libya,Jabal al Gharbi District,,,LY-JG,,ChIJ7xMdeSNUsBMRIrCau4HCWkw,2021-03-16,,,,,-17,
LY,Libya,Jabal al Gharbi District,,,LY-JG,,ChIJ7xMdeSNUsBMRIrCau4HCWkw,2021-03-17,,,,,-8,
LY,Libya,Jabal al Gharbi District,,,LY-JG,,ChIJ7xMdeSNUsBMRIrCau4HCWkw,2021-03-18,,,,,-18,
LY,Libya,Jabal al Gharbi District,,,LY-JG,,ChIJ7xMdeSNUsBMRIrCau4HCWkw,2021-03-21,,,,,-6,
LY,Libya,Jabal al Gharbi District,,,LY-JG,,ChIJ7xMdeSNUsBMRIrCau4HCWkw,2021-03-22,,,,,-11,
LY,Libya,Jabal al Gharbi District,,,LY-JG,,ChIJ7xMdeSNUsBMRIrCau4HCWkw,2021-03-23,,,,,-6,
LY,Libya,Jabal al Gharbi District,,,LY-JG,,ChIJ7xMdeSNUsBMRIrCau4HCWkw,2021-03-24,,,,,-1,
LY,Libya,Jabal al Gharbi District,,,LY-JG,,ChIJ7xMdeSNUsBMRIrCau4HCWkw,2021-03-25,,,,,-15,
LY,Libya,Jabal al Gharbi District,,,LY-JG,,ChIJ7xMdeSNUsBMRIrCau4HCWkw,2021-03-28,,,,,-4,
LY,Libya,Jabal al Gharbi District,,,LY-JG,,ChIJ7xMdeSNUsBMRIrCau4HCWkw,2021-03-29,,,,,-8,
LY,Libya,Jabal al Gharbi District,,,LY-JG,,ChIJ7xMdeSNUsBMRIrCau4HCWkw,2021-03-30,,,,,-2,
LY,Libya,Jabal al Gharbi District,,,LY-JG,,ChIJ7xMdeSNUsBMRIrCau4HCWkw,2021-03-31,,,,,-4,
LY,Libya,Jabal al Gharbi District,,,LY-JG,,ChIJ7xMdeSNUsBMRIrCau4HCWkw,2021-04-01,,,,,-12,
LY,Libya,Jabal al Gharbi District,,,LY-JG,,ChIJ7xMdeSNUsBMRIrCau4HCWkw,2021-04-04,,,,,-1,
LY,Libya,Misrata District,,,LY-MI,,ChIJVfl8SSv4pBMRA0Fg62aVMu8,2021-01-01,18,,,,-2,
LY,Libya,Misrata District,,,LY-MI,,ChIJVfl8SSv4pBMRA0Fg62aVMu8,2021-01-02,22,,,,17,
LY,Libya,Misrata District,,,LY-MI,,ChIJVfl8SSv4pBMRA0Fg62aVMu8,2021-01-03,30,,,,14,-3
LY,Libya,Misrata District,,,LY-MI,,ChIJVfl8SSv4pBMRA0Fg62aVMu8,2021-01-04,28,,,,15,-4
LY,Libya,Misrata District,,,LY-MI,,ChIJVfl8SSv4pBMRA0Fg62aVMu8,2021-01-05,27,,,,11,-5
LY,Libya,Misrata District,,,LY-MI,,ChIJVfl8SSv4pBMRA0Fg62aVMu8,2021-01-06,26,,,,13,-5
LY,Libya,Misrata District,,,LY-MI,,ChIJVfl8SSv4pBMRA0Fg62aVMu8,2021-01-07,28,,,,15,-4
LY,Libya,Misrata District,,,LY-MI,,ChIJVfl8SSv4pBMRA0Fg62aVMu8,2021-01-08,17,,,,-5,
LY,Libya,Misrata District,,,LY-MI,,ChIJVfl8SSv4pBMRA0Fg62aVMu8,2021-01-09,28,,,,24,
LY,Libya,Misrata District,,,LY-MI,,ChIJVfl8SSv4pBMRA0Fg62aVMu8,2021-01-10,31,,,,19,-6
LY,Libya,Misrata District,,,LY-MI,,ChIJVfl8SSv4pBMRA0Fg62aVMu8,2021-01-11,29,,,,18,-5
LY,Libya,Misrata District,,,LY-MI,,ChIJVfl8SSv4pBMRA0Fg62aVMu8,2021-01-12,30,,,,13,-5
LY,Libya,Misrata District,,,LY-MI,,ChIJVfl8SSv4pBMRA0Fg62aVMu8,2021-01-13,24,,,,14,-6
LY,Libya,Misrata District,,,LY-MI,,ChIJVfl8SSv4pBMRA0Fg62aVMu8,2021-01-14,24,,,,12,-8
LY,Libya,Misrata District,,,LY-MI,,ChIJVfl8SSv4pBMRA0Fg62aVMu8,2021-01-15,15,,,,-10,
LY,Libya,Misrata District,,,LY-MI,,ChIJVfl8SSv4pBMRA0Fg62aVMu8,2021-01-16,20,,,,11,
LY,Libya,Misrata District,,,LY-MI,,ChIJVfl8SSv4pBMRA0Fg62aVMu8,2021-01-17,25,,,,11,-6
LY,Libya,Misrata District,,,LY-MI,,ChIJVfl8SSv4pBMRA0Fg62aVMu8,2021-01-18,25,,,,10,-7
LY,Libya,Misrata District,,,LY-MI,,ChIJVfl8SSv4pBMRA0Fg62aVMu8,2021-01-19,23,,,,8,-7
LY,Libya,Misrata District,,,LY-MI,,ChIJVfl8SSv4pBMRA0Fg62aVMu8,2021-01-20,25,,,,8,-7
LY,Libya,Misrata District,,,LY-MI,,ChIJVfl8SSv4pBMRA0Fg62aVMu8,2021-01-21,26,,,,8,-8
LY,Libya,Misrata District,,,LY-MI,,ChIJVfl8SSv4pBMRA0Fg62aVMu8,2021-01-22,14,,,,-13,
LY,Libya,Misrata District,,,LY-MI,,ChIJVfl8SSv4pBMRA0Fg62aVMu8,2021-01-23,24,,,,11,
LY,Libya,Misrata District,,,LY-MI,,ChIJVfl8SSv4pBMRA0Fg62aVMu8,2021-01-24,26,,,,9,-5
LY,Libya,Misrata District,,,LY-MI,,ChIJVfl8SSv4pBMRA0Fg62aVMu8,2021-01-25,24,,,,7,-6
LY,Libya,Misrata District,,,LY-MI,,ChIJVfl8SSv4pBMRA0Fg62aVMu8,2021-01-26,20,,,,7,-6
LY,Libya,Misrata District,,,LY-MI,,ChIJVfl8SSv4pBMRA0Fg62aVMu8,2021-01-27,26,,,,7,-5
LY,Libya,Misrata District,,,LY-MI,,ChIJVfl8SSv4pBMRA0Fg62aVMu8,2021-01-28,27,,,,6,-6
LY,Libya,Misrata District,,,LY-MI,,ChIJVfl8SSv4pBMRA0Fg62aVMu8,2021-01-29,19,,,,-6,
LY,Libya,Misrata District,,,LY-MI,,ChIJVfl8SSv4pBMRA0Fg62aVMu8,2021-01-30,28,,,,12,
LY,Libya,Misrata District,,,LY-MI,,ChIJVfl8SSv4pBMRA0Fg62aVMu8,2021-01-31,31,,,,7,-8
LY,Libya,Misrata District,,,LY-MI,,ChIJVfl8SSv4pBMRA0Fg62aVMu8,2021-02-01,32,,,,7,-9
LY,Libya,Misrata District,,,LY-MI,,ChIJVfl8SSv4pBMRA0Fg62aVMu8,2021-02-02,31,,,,7,-9
LY,Libya,Misrata District,,,LY-MI,,ChIJVfl8SSv4pBMRA0Fg62aVMu8,2021-02-03,23,,,,4,-7
LY,Libya,Misrata District,,,LY-MI,,ChIJVfl8SSv4pBMRA0Fg62aVMu8,2021-02-04,22,,,,1,-7
LY,Libya,Misrata District,,,LY-MI,,ChIJVfl8SSv4pBMRA0Fg62aVMu8,2021-02-05,16,,,,-15,
LY,Libya,Misrata District,,,LY-MI,,ChIJVfl8SSv4pBMRA0Fg62aVMu8,2021-02-06,19,,,,9,
LY,Libya,Misrata District,,,LY-MI,,ChIJVfl8SSv4pBMRA0Fg62aVMu8,2021-02-07,25,,,,8,-5
LY,Libya,Misrata District,,,LY-MI,,ChIJVfl8SSv4pBMRA0Fg62aVMu8,2021-02-08,25,,,,6,-6
LY,Libya,Misrata District,,,LY-MI,,ChIJVfl8SSv4pBMRA0Fg62aVMu8,2021-02-09,32,,,,8,-8
LY,Libya,Misrata District,,,LY-MI,,ChIJVfl8SSv4pBMRA0Fg62aVMu8,2021-02-10,36,,,,7,-8
LY,Libya,Misrata District,,,LY-MI,,ChIJVfl8SSv4pBMRA0Fg62aVMu8,2021-02-11,31,,,,4,-8
LY,Libya,Misrata District,,,LY-MI,,ChIJVfl8SSv4pBMRA0Fg62aVMu8,2021-02-12,20,,,,-14,
LY,Libya,Misrata District,,,LY-MI,,ChIJVfl8SSv4pBMRA0Fg62aVMu8,2021-02-13,28,,,,8,
LY,Libya,Misrata District,,,LY-MI,,ChIJVfl8SSv4pBMRA0Fg62aVMu8,2021-02-14,33,,,,7,-7
LY,Libya,Misrata District,,,LY-MI,,ChIJVfl8SSv4pBMRA0Fg62aVMu8,2021-02-15,26,,,,6,-8
LY,Libya,Misrata District,,,LY-MI,,ChIJVfl8SSv4pBMRA0Fg62aVMu8,2021-02-16,36,,,,4,-12
LY,Libya,Misrata District,,,LY-MI,,ChIJVfl8SSv4pBMRA0Fg62aVMu8,2021-02-17,44,,,,-20,-10
LY,Libya,Misrata District,,,LY-MI,,ChIJVfl8SSv4pBMRA0Fg62aVMu8,2021-02-18,34,,,,-12,-11
LY,Libya,Misrata District,,,LY-MI,,ChIJVfl8SSv4pBMRA0Fg62aVMu8,2021-02-19,28,,,,-13,
LY,Libya,Misrata District,,,LY-MI,,ChIJVfl8SSv4pBMRA0Fg62aVMu8,2021-02-20,39,,,,13,
LY,Libya,Misrata District,,,LY-MI,,ChIJVfl8SSv4pBMRA0Fg62aVMu8,2021-02-21,38,,,,10,-11
LY,Libya,Misrata District,,,LY-MI,,ChIJVfl8SSv4pBMRA0Fg62aVMu8,2021-02-22,38,,,,11,-10
LY,Libya,Misrata District,,,LY-MI,,ChIJVfl8SSv4pBMRA0Fg62aVMu8,2021-02-23,40,,,,9,-11
LY,Libya,Misrata District,,,LY-MI,,ChIJVfl8SSv4pBMRA0Fg62aVMu8,2021-02-24,37,,,,9,-12
LY,Libya,Misrata District,,,LY-MI,,ChIJVfl8SSv4pBMRA0Fg62aVMu8,2021-02-25,34,,,,6,-12
LY,Libya,Misrata District,,,LY-MI,,ChIJVfl8SSv4pBMRA0Fg62aVMu8,2021-02-26,25,,,,-12,
LY,Libya,Misrata District,,,LY-MI,,ChIJVfl8SSv4pBMRA0Fg62aVMu8,2021-02-27,32,,,,16,
LY,Libya,Misrata District,,,LY-MI,,ChIJVfl8SSv4pBMRA0Fg62aVMu8,2021-02-28,36,,,,12,-11
LY,Libya,Misrata District,,,LY-MI,,ChIJVfl8SSv4pBMRA0Fg62aVMu8,2021-03-01,35,,,,10,-12
LY,Libya,Misrata District,,,LY-MI,,ChIJVfl8SSv4pBMRA0Fg62aVMu8,2021-03-02,42,,,,9,-11
LY,Libya,Misrata District,,,LY-MI,,ChIJVfl8SSv4pBMRA0Fg62aVMu8,2021-03-03,41,,,,11,-10
LY,Libya,Misrata District,,,LY-MI,,ChIJVfl8SSv4pBMRA0Fg62aVMu8,2021-03-04,42,,,,8,-11
LY,Libya,Misrata District,,,LY-MI,,ChIJVfl8SSv4pBMRA0Fg62aVMu8,2021-03-05,,,,,-11,
LY,Libya,Misrata District,,,LY-MI,,ChIJVfl8SSv4pBMRA0Fg62aVMu8,2021-03-06,43,,,,13,
LY,Libya,Misrata District,,,LY-MI,,ChIJVfl8SSv4pBMRA0Fg62aVMu8,2021-03-07,50,,,,13,-10
LY,Libya,Misrata District,,,LY-MI,,ChIJVfl8SSv4pBMRA0Fg62aVMu8,2021-03-08,43,,,,12,-9
LY,Libya,Misrata District,,,LY-MI,,ChIJVfl8SSv4pBMRA0Fg62aVMu8,2021-03-09,44,,,,9,-12
LY,Libya,Misrata District,,,LY-MI,,ChIJVfl8SSv4pBMRA0Fg62aVMu8,2021-03-10,46,,,,13,-10
LY,Libya,Misrata District,,,LY-MI,,ChIJVfl8SSv4pBMRA0Fg62aVMu8,2021-03-11,42,,,,8,-11
LY,Libya,Misrata District,,,LY-MI,,ChIJVfl8SSv4pBMRA0Fg62aVMu8,2021-03-12,34,,,,-11,
LY,Libya,Misrata District,,,LY-MI,,ChIJVfl8SSv4pBMRA0Fg62aVMu8,2021-03-13,42,,,,16,
LY,Libya,Misrata District,,,LY-MI,,ChIJVfl8SSv4pBMRA0Fg62aVMu8,2021-03-14,48,,,,16,-10
LY,Libya,Misrata District,,,LY-MI,,ChIJVfl8SSv4pBMRA0Fg62aVMu8,2021-03-15,43,,,,17,-9
LY,Libya,Misrata District,,,LY-MI,,ChIJVfl8SSv4pBMRA0Fg62aVMu8,2021-03-16,44,,,,16,-12
LY,Libya,Misrata District,,,LY-MI,,ChIJVfl8SSv4pBMRA0Fg62aVMu8,2021-03-17,48,,,,15,-12
LY,Libya,Misrata District,,,LY-MI,,ChIJVfl8SSv4pBMRA0Fg62aVMu8,2021-03-18,43,,,,12,-12
LY,Libya,Misrata District,,,LY-MI,,ChIJVfl8SSv4pBMRA0Fg62aVMu8,2021-03-19,31,,,,-8,
LY,Libya,Misrata District,,,LY-MI,,ChIJVfl8SSv4pBMRA0Fg62aVMu8,2021-03-20,43,,,,21,
LY,Libya,Misrata District,,,LY-MI,,ChIJVfl8SSv4pBMRA0Fg62aVMu8,2021-03-21,50,,,,21,-9
LY,Libya,Misrata District,,,LY-MI,,ChIJVfl8SSv4pBMRA0Fg62aVMu8,2021-03-22,42,,,,19,-9
LY,Libya,Misrata District,,,LY-MI,,ChIJVfl8SSv4pBMRA0Fg62aVMu8,2021-03-23,43,,,,17,-9
LY,Libya,Misrata District,,,LY-MI,,ChIJVfl8SSv4pBMRA0Fg62aVMu8,2021-03-24,47,,,,18,-10
LY,Libya,Misrata District,,,LY-MI,,ChIJVfl8SSv4pBMRA0Fg62aVMu8,2021-03-25,47,,,,16,-11
LY,Libya,Misrata District,,,LY-MI,,ChIJVfl8SSv4pBMRA0Fg62aVMu8,2021-03-26,32,,,,-4,
LY,Libya,Misrata District,,,LY-MI,,ChIJVfl8SSv4pBMRA0Fg62aVMu8,2021-03-27,42,,,,16,
LY,Libya,Misrata District,,,LY-MI,,ChIJVfl8SSv4pBMRA0Fg62aVMu8,2021-03-28,47,,,,20,-10
LY,Libya,Misrata District,,,LY-MI,,ChIJVfl8SSv4pBMRA0Fg62aVMu8,2021-03-29,45,,,,19,-10
LY,Libya,Misrata District,,,LY-MI,,ChIJVfl8SSv4pBMRA0Fg62aVMu8,2021-03-30,46,,,,16,-11
LY,Libya,Misrata District,,,LY-MI,,ChIJVfl8SSv4pBMRA0Fg62aVMu8,2021-03-31,48,,,,15,-11
LY,Libya,Misrata District,,,LY-MI,,ChIJVfl8SSv4pBMRA0Fg62aVMu8,2021-04-01,52,,,,17,-13
LY,Libya,Misrata District,,,LY-MI,,ChIJVfl8SSv4pBMRA0Fg62aVMu8,2021-04-02,,,,,-5,
LY,Libya,Misrata District,,,LY-MI,,ChIJVfl8SSv4pBMRA0Fg62aVMu8,2021-04-03,49,,,,22,
LY,Libya,Misrata District,,,LY-MI,,ChIJVfl8SSv4pBMRA0Fg62aVMu8,2021-04-04,51,,,,22,-10
LY,Libya,Murqub District,,,LY-MB,,ChIJC3AMfJhkphMRqWT-xt7V-do,2021-01-01,,,,,-9,
LY,Libya,Murqub District,,,LY-MB,,ChIJC3AMfJhkphMRqWT-xt7V-do,2021-01-02,,,,,1,
LY,Libya,Murqub District,,,LY-MB,,ChIJC3AMfJhkphMRqWT-xt7V-do,2021-01-03,,,,,0,
LY,Libya,Murqub District,,,LY-MB,,ChIJC3AMfJhkphMRqWT-xt7V-do,2021-01-04,,,,,-4,
LY,Libya,Murqub District,,,LY-MB,,ChIJC3AMfJhkphMRqWT-xt7V-do,2021-01-05,,,,,-6,
LY,Libya,Murqub District,,,LY-MB,,ChIJC3AMfJhkphMRqWT-xt7V-do,2021-01-06,,,,,-1,
LY,Libya,Murqub District,,,LY-MB,,ChIJC3AMfJhkphMRqWT-xt7V-do,2021-01-07,,,,,-9,
LY,Libya,Murqub District,,,LY-MB,,ChIJC3AMfJhkphMRqWT-xt7V-do,2021-01-08,,,,,-7,
LY,Libya,Murqub District,,,LY-MB,,ChIJC3AMfJhkphMRqWT-xt7V-do,2021-01-09,,,,,2,
LY,Libya,Murqub District,,,LY-MB,,ChIJC3AMfJhkphMRqWT-xt7V-do,2021-01-10,,,,,1,
LY,Libya,Murqub District,,,LY-MB,,ChIJC3AMfJhkphMRqWT-xt7V-do,2021-01-11,,,,,2,
LY,Libya,Murqub District,,,LY-MB,,ChIJC3AMfJhkphMRqWT-xt7V-do,2021-01-12,,,,,-1,
LY,Libya,Murqub District,,,LY-MB,,ChIJC3AMfJhkphMRqWT-xt7V-do,2021-01-13,,,,,-3,
LY,Libya,Murqub District,,,LY-MB,,ChIJC3AMfJhkphMRqWT-xt7V-do,2021-01-14,,,,,-9,
LY,Libya,Murqub District,,,LY-MB,,ChIJC3AMfJhkphMRqWT-xt7V-do,2021-01-15,,,,,-15,
LY,Libya,Murqub District,,,LY-MB,,ChIJC3AMfJhkphMRqWT-xt7V-do,2021-01-16,,,,,-6,
LY,Libya,Murqub District,,,LY-MB,,ChIJC3AMfJhkphMRqWT-xt7V-do,2021-01-17,,,,,-3,
LY,Libya,Murqub District,,,LY-MB,,ChIJC3AMfJhkphMRqWT-xt7V-do,2021-01-18,,,,,-5,
LY,Libya,Murqub District,,,LY-MB,,ChIJC3AMfJhkphMRqWT-xt7V-do,2021-01-19,,,,,-4,
LY,Libya,Murqub District,,,LY-MB,,ChIJC3AMfJhkphMRqWT-xt7V-do,2021-01-20,,,,,-4,
LY,Libya,Murqub District,,,LY-MB,,ChIJC3AMfJhkphMRqWT-xt7V-do,2021-01-21,,,,,-10,
LY,Libya,Murqub District,,,LY-MB,,ChIJC3AMfJhkphMRqWT-xt7V-do,2021-01-22,,,,,-16,
LY,Libya,Murqub District,,,LY-MB,,ChIJC3AMfJhkphMRqWT-xt7V-do,2021-01-23,,,,,-11,
LY,Libya,Murqub District,,,LY-MB,,ChIJC3AMfJhkphMRqWT-xt7V-do,2021-01-24,,,,,-8,
LY,Libya,Murqub District,,,LY-MB,,ChIJC3AMfJhkphMRqWT-xt7V-do,2021-01-25,,,,,-6,
LY,Libya,Murqub District,,,LY-MB,,ChIJC3AMfJhkphMRqWT-xt7V-do,2021-01-26,,,,,-9,
LY,Libya,Murqub District,,,LY-MB,,ChIJC3AMfJhkphMRqWT-xt7V-do,2021-01-27,,,,,-3,
LY,Libya,Murqub District,,,LY-MB,,ChIJC3AMfJhkphMRqWT-xt7V-do,2021-01-28,,,,,-5,
LY,Libya,Murqub District,,,LY-MB,,ChIJC3AMfJhkphMRqWT-xt7V-do,2021-01-29,,,,,-13,
LY,Libya,Murqub District,,,LY-MB,,ChIJC3AMfJhkphMRqWT-xt7V-do,2021-01-30,,,,,-3,
LY,Libya,Murqub District,,,LY-MB,,ChIJC3AMfJhkphMRqWT-xt7V-do,2021-01-31,,,,,-2,
LY,Libya,Murqub District,,,LY-MB,,ChIJC3AMfJhkphMRqWT-xt7V-do,2021-02-01,,,,,-4,
LY,Libya,Murqub District,,,LY-MB,,ChIJC3AMfJhkphMRqWT-xt7V-do,2021-02-02,,,,,-2,
LY,Libya,Murqub District,,,LY-MB,,ChIJC3AMfJhkphMRqWT-xt7V-do,2021-02-03,,,,,-3,
LY,Libya,Murqub District,,,LY-MB,,ChIJC3AMfJhkphMRqWT-xt7V-do,2021-02-04,,,,,-12,
LY,Libya,Murqub District,,,LY-MB,,ChIJC3AMfJhkphMRqWT-xt7V-do,2021-02-05,,,,,-21,
LY,Libya,Murqub District,,,LY-MB,,ChIJC3AMfJhkphMRqWT-xt7V-do,2021-02-06,,,,,-6,
LY,Libya,Murqub District,,,LY-MB,,ChIJC3AMfJhkphMRqWT-xt7V-do,2021-02-07,,,,,-5,
LY,Libya,Murqub District,,,LY-MB,,ChIJC3AMfJhkphMRqWT-xt7V-do,2021-02-08,,,,,-7,
LY,Libya,Murqub District,,,LY-MB,,ChIJC3AMfJhkphMRqWT-xt7V-do,2021-02-09,,,,,-9,
LY,Libya,Murqub District,,,LY-MB,,ChIJC3AMfJhkphMRqWT-xt7V-do,2021-02-10,,,,,1,
LY,Libya,Murqub District,,,LY-MB,,ChIJC3AMfJhkphMRqWT-xt7V-do,2021-02-11,,,,,-16,
LY,Libya,Murqub District,,,LY-MB,,ChIJC3AMfJhkphMRqWT-xt7V-do,2021-02-12,,,,,-22,
LY,Libya,Murqub District,,,LY-MB,,ChIJC3AMfJhkphMRqWT-xt7V-do,2021-02-13,,,,,-10,
LY,Libya,Murqub District,,,LY-MB,,ChIJC3AMfJhkphMRqWT-xt7V-do,2021-02-14,,,,,-3,
LY,Libya,Murqub District,,,LY-MB,,ChIJC3AMfJhkphMRqWT-xt7V-do,2021-02-15,,,,,-10,
LY,Libya,Murqub District,,,LY-MB,,ChIJC3AMfJhkphMRqWT-xt7V-do,2021-02-16,,,,,-11,
LY,Libya,Murqub District,,,LY-MB,,ChIJC3AMfJhkphMRqWT-xt7V-do,2021-02-17,,,,,-27,
LY,Libya,Murqub District,,,LY-MB,,ChIJC3AMfJhkphMRqWT-xt7V-do,2021-02-18,,,,,-23,
LY,Libya,Murqub District,,,LY-MB,,ChIJC3AMfJhkphMRqWT-xt7V-do,2021-02-19,,,,,-25,
LY,Libya,Murqub District,,,LY-MB,,ChIJC3AMfJhkphMRqWT-xt7V-do,2021-02-20,,,,,-8,
LY,Libya,Murqub District,,,LY-MB,,ChIJC3AMfJhkphMRqWT-xt7V-do,2021-02-21,,,,,-8,
LY,Libya,Murqub District,,,LY-MB,,ChIJC3AMfJhkphMRqWT-xt7V-do,2021-02-22,,,,,-9,
LY,Libya,Murqub District,,,LY-MB,,ChIJC3AMfJhkphMRqWT-xt7V-do,2021-02-23,,,,,-11,
LY,Libya,Murqub District,,,LY-MB,,ChIJC3AMfJhkphMRqWT-xt7V-do,2021-02-24,,,,,-3,
LY,Libya,Murqub District,,,LY-MB,,ChIJC3AMfJhkphMRqWT-xt7V-do,2021-02-25,,,,,-13,
LY,Libya,Murqub District,,,LY-MB,,ChIJC3AMfJhkphMRqWT-xt7V-do,2021-02-26,,,,,-20,
LY,Libya,Murqub District,,,LY-MB,,ChIJC3AMfJhkphMRqWT-xt7V-do,2021-02-27,,,,,-10,
LY,Libya,Murqub District,,,LY-MB,,ChIJC3AMfJhkphMRqWT-xt7V-do,2021-02-28,,,,,-10,
LY,Libya,Murqub District,,,LY-MB,,ChIJC3AMfJhkphMRqWT-xt7V-do,2021-03-01,,,,,-9,
LY,Libya,Murqub District,,,LY-MB,,ChIJC3AMfJhkphMRqWT-xt7V-do,2021-03-02,,,,,-10,
LY,Libya,Murqub District,,,LY-MB,,ChIJC3AMfJhkphMRqWT-xt7V-do,2021-03-03,,,,,-4,
LY,Libya,Murqub District,,,LY-MB,,ChIJC3AMfJhkphMRqWT-xt7V-do,2021-03-04,,,,,-16,
LY,Libya,Murqub District,,,LY-MB,,ChIJC3AMfJhkphMRqWT-xt7V-do,2021-03-05,,,,,-24,
LY,Libya,Murqub District,,,LY-MB,,ChIJC3AMfJhkphMRqWT-xt7V-do,2021-03-06,,,,,-6,
LY,Libya,Murqub District,,,LY-MB,,ChIJC3AMfJhkphMRqWT-xt7V-do,2021-03-07,,,,,-6,
LY,Libya,Murqub District,,,LY-MB,,ChIJC3AMfJhkphMRqWT-xt7V-do,2021-03-08,,,,,-4,
LY,Libya,Murqub District,,,LY-MB,,ChIJC3AMfJhkphMRqWT-xt7V-do,2021-03-09,,,,,-4,
LY,Libya,Murqub District,,,LY-MB,,ChIJC3AMfJhkphMRqWT-xt7V-do,2021-03-10,,,,,-3,
LY,Libya,Murqub District,,,LY-MB,,ChIJC3AMfJhkphMRqWT-xt7V-do,2021-03-11,,,,,-7,
LY,Libya,Murqub District,,,LY-MB,,ChIJC3AMfJhkphMRqWT-xt7V-do,2021-03-12,,,,,-14,
LY,Libya,Murqub District,,,LY-MB,,ChIJC3AMfJhkphMRqWT-xt7V-do,2021-03-13,,,,,0,
LY,Libya,Murqub District,,,LY-MB,,ChIJC3AMfJhkphMRqWT-xt7V-do,2021-03-14,,,,,-4,
LY,Libya,Murqub District,,,LY-MB,,ChIJC3AMfJhkphMRqWT-xt7V-do,2021-03-15,,,,,-1,
LY,Libya,Murqub District,,,LY-MB,,ChIJC3AMfJhkphMRqWT-xt7V-do,2021-03-16,,,,,-2,
LY,Libya,Murqub District,,,LY-MB,,ChIJC3AMfJhkphMRqWT-xt7V-do,2021-03-17,,,,,1,
LY,Libya,Murqub District,,,LY-MB,,ChIJC3AMfJhkphMRqWT-xt7V-do,2021-03-18,,,,,-7,
LY,Libya,Murqub District,,,LY-MB,,ChIJC3AMfJhkphMRqWT-xt7V-do,2021-03-19,,,,,-13,
LY,Libya,Murqub District,,,LY-MB,,ChIJC3AMfJhkphMRqWT-xt7V-do,2021-03-20,,,,,-1,
LY,Libya,Murqub District,,,LY-MB,,ChIJC3AMfJhkphMRqWT-xt7V-do,2021-03-21,,,,,3,
LY,Libya,Murqub District,,,LY-MB,,ChIJC3AMfJhkphMRqWT-xt7V-do,2021-03-22,,,,,1,
LY,Libya,Murqub District,,,LY-MB,,ChIJC3AMfJhkphMRqWT-xt7V-do,2021-03-23,,,,,0,
LY,Libya,Murqub District,,,LY-MB,,ChIJC3AMfJhkphMRqWT-xt7V-do,2021-03-24,,,,,4,
LY,Libya,Murqub District,,,LY-MB,,ChIJC3AMfJhkphMRqWT-xt7V-do,2021-03-25,,,,,-5,
LY,Libya,Murqub District,,,LY-MB,,ChIJC3AMfJhkphMRqWT-xt7V-do,2021-03-26,,,,,-10,
LY,Libya,Murqub District,,,LY-MB,,ChIJC3AMfJhkphMRqWT-xt7V-do,2021-03-27,,,,,1,
LY,Libya,Murqub District,,,LY-MB,,ChIJC3AMfJhkphMRqWT-xt7V-do,2021-03-28,,,,,5,
LY,Libya,Murqub District,,,LY-MB,,ChIJC3AMfJhkphMRqWT-xt7V-do,2021-03-29,,,,,2,
LY,Libya,Murqub District,,,LY-MB,,ChIJC3AMfJhkphMRqWT-xt7V-do,2021-03-30,,,,,2,
LY,Libya,Murqub District,,,LY-MB,,ChIJC3AMfJhkphMRqWT-xt7V-do,2021-03-31,,,,,5,
LY,Libya,Murqub District,,,LY-MB,,ChIJC3AMfJhkphMRqWT-xt7V-do,2021-04-01,,,,,-3,
LY,Libya,Murqub District,,,LY-MB,,ChIJC3AMfJhkphMRqWT-xt7V-do,2021-04-02,,,,,-15,
LY,Libya,Murqub District,,,LY-MB,,ChIJC3AMfJhkphMRqWT-xt7V-do,2021-04-03,,,,,4,
LY,Libya,Murqub District,,,LY-MB,,ChIJC3AMfJhkphMRqWT-xt7V-do,2021-04-04,,,,,6,
LY,Libya,Sabha District,,,LY-SB,,ChIJB9pHmcXTxhMR_mpLS3hJ7Ro,2021-01-03,,,,,-8,
LY,Libya,Sabha District,,,LY-SB,,ChIJB9pHmcXTxhMR_mpLS3hJ7Ro,2021-01-04,,,,,-7,
LY,Libya,Sabha District,,,LY-SB,,ChIJB9pHmcXTxhMR_mpLS3hJ7Ro,2021-01-05,,,,,-3,
LY,Libya,Sabha District,,,LY-SB,,ChIJB9pHmcXTxhMR_mpLS3hJ7Ro,2021-01-06,,,,,-10,
LY,Libya,Sabha District,,,LY-SB,,ChIJB9pHmcXTxhMR_mpLS3hJ7Ro,2021-01-07,,,,,-8,
LY,Libya,Sabha District,,,LY-SB,,ChIJB9pHmcXTxhMR_mpLS3hJ7Ro,2021-01-10,,,,,0,
LY,Libya,Sabha District,,,LY-SB,,ChIJB9pHmcXTxhMR_mpLS3hJ7Ro,2021-01-11,,,,,4,
LY,Libya,Sabha District,,,LY-SB,,ChIJB9pHmcXTxhMR_mpLS3hJ7Ro,2021-01-12,,,,,0,
LY,Libya,Sabha District,,,LY-SB,,ChIJB9pHmcXTxhMR_mpLS3hJ7Ro,2021-01-13,,,,,-7,
LY,Libya,Sabha District,,,LY-SB,,ChIJB9pHmcXTxhMR_mpLS3hJ7Ro,2021-01-14,,,,,-15,
LY,Libya,Sabha District,,,LY-SB,,ChIJB9pHmcXTxhMR_mpLS3hJ7Ro,2021-01-17,,,,,-5,
LY,Libya,Sabha District,,,LY-SB,,ChIJB9pHmcXTxhMR_mpLS3hJ7Ro,2021-01-18,,,,,-11,
LY,Libya,Sabha District,,,LY-SB,,ChIJB9pHmcXTxhMR_mpLS3hJ7Ro,2021-01-19,,,,,-11,
LY,Libya,Sabha District,,,LY-SB,,ChIJB9pHmcXTxhMR_mpLS3hJ7Ro,2021-01-20,,,,,-11,
LY,Libya,Sabha District,,,LY-SB,,ChIJB9pHmcXTxhMR_mpLS3hJ7Ro,2021-01-21,,,,,-14,
LY,Libya,Sabha District,,,LY-SB,,ChIJB9pHmcXTxhMR_mpLS3hJ7Ro,2021-01-24,,,,,-3,
LY,Libya,Sabha District,,,LY-SB,,ChIJB9pHmcXTxhMR_mpLS3hJ7Ro,2021-01-25,,,,,-2,
LY,Libya,Sabha District,,,LY-SB,,ChIJB9pHmcXTxhMR_mpLS3hJ7Ro,2021-01-26,,,,,-8,
LY,Libya,Sabha District,,,LY-SB,,ChIJB9pHmcXTxhMR_mpLS3hJ7Ro,2021-01-27,,,,,-6,
LY,Libya,Sabha District,,,LY-SB,,ChIJB9pHmcXTxhMR_mpLS3hJ7Ro,2021-01-28,,,,,-12,
LY,Libya,Sabha District,,,LY-SB,,ChIJB9pHmcXTxhMR_mpLS3hJ7Ro,2021-01-31,,,,,-10,
LY,Libya,Sabha District,,,LY-SB,,ChIJB9pHmcXTxhMR_mpLS3hJ7Ro,2021-02-01,,,,,-12,
LY,Libya,Sabha District,,,LY-SB,,ChIJB9pHmcXTxhMR_mpLS3hJ7Ro,2021-02-02,,,,,-7,
LY,Libya,Sabha District,,,LY-SB,,ChIJB9pHmcXTxhMR_mpLS3hJ7Ro,2021-02-03,,,,,-15,
LY,Libya,Sabha District,,,LY-SB,,ChIJB9pHmcXTxhMR_mpLS3hJ7Ro,2021-02-04,,,,,-19,
LY,Libya,Sabha District,,,LY-SB,,ChIJB9pHmcXTxhMR_mpLS3hJ7Ro,2021-02-07,,,,,-9,
LY,Libya,Sabha District,,,LY-SB,,ChIJB9pHmcXTxhMR_mpLS3hJ7Ro,2021-02-08,,,,,-15,
LY,Libya,Sabha District,,,LY-SB,,ChIJB9pHmcXTxhMR_mpLS3hJ7Ro,2021-02-09,,,,,-10,
LY,Libya,Sabha District,,,LY-SB,,ChIJB9pHmcXTxhMR_mpLS3hJ7Ro,2021-02-10,,,,,-9,
LY,Libya,Sabha District,,,LY-SB,,ChIJB9pHmcXTxhMR_mpLS3hJ7Ro,2021-02-11,,,,,-13,
LY,Libya,Sabha District,,,LY-SB,,ChIJB9pHmcXTxhMR_mpLS3hJ7Ro,2021-02-14,,,,,-5,
LY,Libya,Sabha District,,,LY-SB,,ChIJB9pHmcXTxhMR_mpLS3hJ7Ro,2021-02-15,,,,,-13,
LY,Libya,Sabha District,,,LY-SB,,ChIJB9pHmcXTxhMR_mpLS3hJ7Ro,2021-02-16,,,,,-9,
LY,Libya,Sabha District,,,LY-SB,,ChIJB9pHmcXTxhMR_mpLS3hJ7Ro,2021-02-17,,,,,-27,
LY,Libya,Sabha District,,,LY-SB,,ChIJB9pHmcXTxhMR_mpLS3hJ7Ro,2021-02-18,,,,,-28,
LY,Libya,Sabha District,,,LY-SB,,ChIJB9pHmcXTxhMR_mpLS3hJ7Ro,2021-02-21,,,,,-9,
LY,Libya,Sabha District,,,LY-SB,,ChIJB9pHmcXTxhMR_mpLS3hJ7Ro,2021-02-22,,,,,-17,
LY,Libya,Sabha District,,,LY-SB,,ChIJB9pHmcXTxhMR_mpLS3hJ7Ro,2021-02-23,,,,,-8,
LY,Libya,Sabha District,,,LY-SB,,ChIJB9pHmcXTxhMR_mpLS3hJ7Ro,2021-02-24,,,,,-14,
LY,Libya,Sabha District,,,LY-SB,,ChIJB9pHmcXTxhMR_mpLS3hJ7Ro,2021-02-25,,,,,-10,
LY,Libya,Sabha District,,,LY-SB,,ChIJB9pHmcXTxhMR_mpLS3hJ7Ro,2021-02-28,,,,,-7,
LY,Libya,Sabha District,,,LY-SB,,ChIJB9pHmcXTxhMR_mpLS3hJ7Ro,2021-03-01,,,,,-11,
LY,Libya,Sabha District,,,LY-SB,,ChIJB9pHmcXTxhMR_mpLS3hJ7Ro,2021-03-02,,,,,-8,
LY,Libya,Sabha District,,,LY-SB,,ChIJB9pHmcXTxhMR_mpLS3hJ7Ro,2021-03-03,,,,,-17,
LY,Libya,Sabha District,,,LY-SB,,ChIJB9pHmcXTxhMR_mpLS3hJ7Ro,2021-03-04,,,,,-15,
LY,Libya,Sabha District,,,LY-SB,,ChIJB9pHmcXTxhMR_mpLS3hJ7Ro,2021-03-07,,,,,-6,
LY,Libya,Sabha District,,,LY-SB,,ChIJB9pHmcXTxhMR_mpLS3hJ7Ro,2021-03-08,,,,,-8,
LY,Libya,Sabha District,,,LY-SB,,ChIJB9pHmcXTxhMR_mpLS3hJ7Ro,2021-03-09,,,,,-13,
LY,Libya,Sabha District,,,LY-SB,,ChIJB9pHmcXTxhMR_mpLS3hJ7Ro,2021-03-10,,,,,-11,
LY,Libya,Sabha District,,,LY-SB,,ChIJB9pHmcXTxhMR_mpLS3hJ7Ro,2021-03-11,,,,,-9,
LY,Libya,Sabha District,,,LY-SB,,ChIJB9pHmcXTxhMR_mpLS3hJ7Ro,2021-03-14,,,,,-12,
LY,Libya,Sabha District,,,LY-SB,,ChIJB9pHmcXTxhMR_mpLS3hJ7Ro,2021-03-15,,,,,-13,
LY,Libya,Sabha District,,,LY-SB,,ChIJB9pHmcXTxhMR_mpLS3hJ7Ro,2021-03-16,,,,,-6,
LY,Libya,Sabha District,,,LY-SB,,ChIJB9pHmcXTxhMR_mpLS3hJ7Ro,2021-03-17,,,,,-13,
LY,Libya,Sabha District,,,LY-SB,,ChIJB9pHmcXTxhMR_mpLS3hJ7Ro,2021-03-18,,,,,-13,
LY,Libya,Sabha District,,,LY-SB,,ChIJB9pHmcXTxhMR_mpLS3hJ7Ro,2021-03-21,,,,,-6,
LY,Libya,Sabha District,,,LY-SB,,ChIJB9pHmcXTxhMR_mpLS3hJ7Ro,2021-03-22,,,,,-9,
LY,Libya,Sabha District,,,LY-SB,,ChIJB9pHmcXTxhMR_mpLS3hJ7Ro,2021-03-23,,,,,-6,
LY,Libya,Sabha District,,,LY-SB,,ChIJB9pHmcXTxhMR_mpLS3hJ7Ro,2021-03-24,,,,,-11,
LY,Libya,Sabha District,,,LY-SB,,ChIJB9pHmcXTxhMR_mpLS3hJ7Ro,2021-03-25,,,,,-7,
LY,Libya,Sabha District,,,LY-SB,,ChIJB9pHmcXTxhMR_mpLS3hJ7Ro,2021-03-28,,,,,-7,
LY,Libya,Sabha District,,,LY-SB,,ChIJB9pHmcXTxhMR_mpLS3hJ7Ro,2021-03-29,,,,,-10,
LY,Libya,Sabha District,,,LY-SB,,ChIJB9pHmcXTxhMR_mpLS3hJ7Ro,2021-03-30,,,,,-5,
LY,Libya,Sabha District,,,LY-SB,,ChIJB9pHmcXTxhMR_mpLS3hJ7Ro,2021-03-31,,,,,-8,
LY,Libya,Sabha District,,,LY-SB,,ChIJB9pHmcXTxhMR_mpLS3hJ7Ro,2021-04-01,,,,,-6,
LY,Libya,Sabha District,,,LY-SB,,ChIJB9pHmcXTxhMR_mpLS3hJ7Ro,2021-04-04,,,,,-5,
LY,Libya,Tripoli District,,,LY-TB,,ChIJDQHOjtmSqBMRASUseCw__3s,2021-01-01,14,50,98,,-4,2
LY,Libya,Tripoli District,,,LY-TB,,ChIJDQHOjtmSqBMRASUseCw__3s,2021-01-02,26,61,101,,9,2
LY,Libya,Tripoli District,,,LY-TB,,ChIJDQHOjtmSqBMRASUseCw__3s,2021-01-03,27,67,105,,6,2
LY,Libya,Tripoli District,,,LY-TB,,ChIJDQHOjtmSqBMRASUseCw__3s,2021-01-04,28,65,110,,8,3
LY,Libya,Tripoli District,,,LY-TB,,ChIJDQHOjtmSqBMRASUseCw__3s,2021-01-05,29,68,119,-11,4,3
LY,Libya,Tripoli District,,,LY-TB,,ChIJDQHOjtmSqBMRASUseCw__3s,2021-01-06,27,61,108,,5,2
LY,Libya,Tripoli District,,,LY-TB,,ChIJDQHOjtmSqBMRASUseCw__3s,2021-01-07,29,71,111,,5,2
LY,Libya,Tripoli District,,,LY-TB,,ChIJDQHOjtmSqBMRASUseCw__3s,2021-01-08,15,48,96,,-6,0
LY,Libya,Tripoli District,,,LY-TB,,ChIJDQHOjtmSqBMRASUseCw__3s,2021-01-09,29,63,90,,13,1
LY,Libya,Tripoli District,,,LY-TB,,ChIJDQHOjtmSqBMRASUseCw__3s,2021-01-10,31,72,93,,9,2
LY,Libya,Tripoli District,,,LY-TB,,ChIJDQHOjtmSqBMRASUseCw__3s,2021-01-11,33,71,119,,12,2
LY,Libya,Tripoli District,,,LY-TB,,ChIJDQHOjtmSqBMRASUseCw__3s,2021-01-12,34,71,123,-12,9,2
LY,Libya,Tripoli District,,,LY-TB,,ChIJDQHOjtmSqBMRASUseCw__3s,2021-01-13,30,66,103,,7,1
LY,Libya,Tripoli District,,,LY-TB,,ChIJDQHOjtmSqBMRASUseCw__3s,2021-01-14,30,71,108,,2,1
LY,Libya,Tripoli District,,,LY-TB,,ChIJDQHOjtmSqBMRASUseCw__3s,2021-01-15,13,51,81,,-9,0
LY,Libya,Tripoli District,,,LY-TB,,ChIJDQHOjtmSqBMRASUseCw__3s,2021-01-16,25,61,74,,5,0
LY,Libya,Tripoli District,,,LY-TB,,ChIJDQHOjtmSqBMRASUseCw__3s,2021-01-17,27,69,80,,3,1
LY,Libya,Tripoli District,,,LY-TB,,ChIJDQHOjtmSqBMRASUseCw__3s,2021-01-18,29,69,102,,5,0
LY,Libya,Tripoli District,,,LY-TB,,ChIJDQHOjtmSqBMRASUseCw__3s,2021-01-19,31,67,108,-10,2,-1
LY,Libya,Tripoli District,,,LY-TB,,ChIJDQHOjtmSqBMRASUseCw__3s,2021-01-20,31,68,111,,4,-1
LY,Libya,Tripoli District,,,LY-TB,,ChIJDQHOjtmSqBMRASUseCw__3s,2021-01-21,27,70,103,,2,0
LY,Libya,Tripoli District,,,LY-TB,,ChIJDQHOjtmSqBMRASUseCw__3s,2021-01-22,14,50,86,,-9,-1
LY,Libya,Tripoli District,,,LY-TB,,ChIJDQHOjtmSqBMRASUseCw__3s,2021-01-23,26,65,84,,8,0
LY,Libya,Tripoli District,,,LY-TB,,ChIJDQHOjtmSqBMRASUseCw__3s,2021-01-24,29,78,96,,4,0
LY,Libya,Tripoli District,,,LY-TB,,ChIJDQHOjtmSqBMRASUseCw__3s,2021-01-25,31,74,128,,6,2
LY,Libya,Tripoli District,,,LY-TB,,ChIJDQHOjtmSqBMRASUseCw__3s,2021-01-26,28,70,108,-10,1,2
LY,Libya,Tripoli District,,,LY-TB,,ChIJDQHOjtmSqBMRASUseCw__3s,2021-01-27,29,74,122,,4,1
LY,Libya,Tripoli District,,,LY-TB,,ChIJDQHOjtmSqBMRASUseCw__3s,2021-01-28,30,77,118,,1,1
LY,Libya,Tripoli District,,,LY-TB,,ChIJDQHOjtmSqBMRASUseCw__3s,2021-01-29,17,57,95,,-10,-1
LY,Libya,Tripoli District,,,LY-TB,,ChIJDQHOjtmSqBMRASUseCw__3s,2021-01-30,30,77,106,,8,-3
LY,Libya,Tripoli District,,,LY-TB,,ChIJDQHOjtmSqBMRASUseCw__3s,2021-01-31,35,90,104,,5,-2
LY,Libya,Tripoli District,,,LY-TB,,ChIJDQHOjtmSqBMRASUseCw__3s,2021-02-01,37,89,126,,7,-2
LY,Libya,Tripoli District,,,LY-TB,,ChIJDQHOjtmSqBMRASUseCw__3s,2021-02-02,42,94,136,-12,5,-1
LY,Libya,Tripoli District,,,LY-TB,,ChIJDQHOjtmSqBMRASUseCw__3s,2021-02-03,34,76,132,,4,0
LY,Libya,Tripoli District,,,LY-TB,,ChIJDQHOjtmSqBMRASUseCw__3s,2021-02-04,29,73,139,,0,0
LY,Libya,Tripoli District,,,LY-TB,,ChIJDQHOjtmSqBMRASUseCw__3s,2021-02-05,14,55,121,,-14,-1
LY,Libya,Tripoli District,,,LY-TB,,ChIJDQHOjtmSqBMRASUseCw__3s,2021-02-06,25,65,122,,10,-1
LY,Libya,Tripoli District,,,LY-TB,,ChIJDQHOjtmSqBMRASUseCw__3s,2021-02-07,28,72,118,,6,0
LY,Libya,Tripoli District,,,LY-TB,,ChIJDQHOjtmSqBMRASUseCw__3s,2021-02-08,35,78,136,,9,1
LY,Libya,Tripoli District,,,LY-TB,,ChIJDQHOjtmSqBMRASUseCw__3s,2021-02-09,41,85,143,-9,5,1
LY,Libya,Tripoli District,,,LY-TB,,ChIJDQHOjtmSqBMRASUseCw__3s,2021-02-10,39,84,147,,9,0
LY,Libya,Tripoli District,,,LY-TB,,ChIJDQHOjtmSqBMRASUseCw__3s,2021-02-11,40,86,140,,5,1
LY,Libya,Tripoli District,,,LY-TB,,ChIJDQHOjtmSqBMRASUseCw__3s,2021-02-12,25,63,115,,-11,-1
LY,Libya,Tripoli District,,,LY-TB,,ChIJDQHOjtmSqBMRASUseCw__3s,2021-02-13,43,85,123,,11,-1
LY,Libya,Tripoli District,,,LY-TB,,ChIJDQHOjtmSqBMRASUseCw__3s,2021-02-14,44,87,113,-18,12,0
LY,Libya,Tripoli District,,,LY-TB,,ChIJDQHOjtmSqBMRASUseCw__3s,2021-02-15,37,75,102,-20,10,0
LY,Libya,Tripoli District,,,LY-TB,,ChIJDQHOjtmSqBMRASUseCw__3s,2021-02-16,51,83,137,-7,4,-3
LY,Libya,Tripoli District,,,LY-TB,,ChIJDQHOjtmSqBMRASUseCw__3s,2021-02-17,31,64,208,,-33,4
LY,Libya,Tripoli District,,,LY-TB,,ChIJDQHOjtmSqBMRASUseCw__3s,2021-02-18,36,75,111,,-23,3
LY,Libya,Tripoli District,,,LY-TB,,ChIJDQHOjtmSqBMRASUseCw__3s,2021-02-19,26,63,107,,-11,-3
LY,Libya,Tripoli District,,,LY-TB,,ChIJDQHOjtmSqBMRASUseCw__3s,2021-02-20,44,85,113,,13,-3
LY,Libya,Tripoli District,,,LY-TB,,ChIJDQHOjtmSqBMRASUseCw__3s,2021-02-21,46,90,113,,11,-3
LY,Libya,Tripoli District,,,LY-TB,,ChIJDQHOjtmSqBMRASUseCw__3s,2021-02-22,46,86,124,,13,-3
LY,Libya,Tripoli District,,,LY-TB,,ChIJDQHOjtmSqBMRASUseCw__3s,2021-02-23,45,84,122,-14,8,-1
LY,Libya,Tripoli District,,,LY-TB,,ChIJDQHOjtmSqBMRASUseCw__3s,2021-02-24,46,84,116,,11,-2
LY,Libya,Tripoli District,,,LY-TB,,ChIJDQHOjtmSqBMRASUseCw__3s,2021-02-25,44,86,132,,8,-2
LY,Libya,Tripoli District,,,LY-TB,,ChIJDQHOjtmSqBMRASUseCw__3s,2021-02-26,29,65,95,,-8,-1
LY,Libya,Tripoli District,,,LY-TB,,ChIJDQHOjtmSqBMRASUseCw__3s,2021-02-27,43,84,116,,14,-3
LY,Libya,Tripoli District,,,LY-TB,,ChIJDQHOjtmSqBMRASUseCw__3s,2021-02-28,50,96,114,,13,-3
LY,Libya,Tripoli District,,,LY-TB,,ChIJDQHOjtmSqBMRASUseCw__3s,2021-03-01,51,88,128,,14,-3
LY,Libya,Tripoli District,,,LY-TB,,ChIJDQHOjtmSqBMRASUseCw__3s,2021-03-02,51,92,130,-17,9,-1
LY,Libya,Tripoli District,,,LY-TB,,ChIJDQHOjtmSqBMRASUseCw__3s,2021-03-03,51,95,122,,12,-2
LY,Libya,Tripoli District,,,LY-TB,,ChIJDQHOjtmSqBMRASUseCw__3s,2021-03-04,48,90,123,,9,-1
LY,Libya,Tripoli District,,,LY-TB,,ChIJDQHOjtmSqBMRASUseCw__3s,2021-03-05,33,72,103,,-7,-2
LY,Libya,Tripoli District,,,LY-TB,,ChIJDQHOjtmSqBMRASUseCw__3s,2021-03-06,47,92,108,,15,-3
LY,Libya,Tripoli District,,,LY-TB,,ChIJDQHOjtmSqBMRASUseCw__3s,2021-03-07,51,98,113,,15,-1
LY,Libya,Tripoli District,,,LY-TB,,ChIJDQHOjtmSqBMRASUseCw__3s,2021-03-08,50,91,123,,14,-1
LY,Libya,Tripoli District,,,LY-TB,,ChIJDQHOjtmSqBMRASUseCw__3s,2021-03-09,54,96,133,,11,-1
LY,Libya,Tripoli District,,,LY-TB,,ChIJDQHOjtmSqBMRASUseCw__3s,2021-03-10,54,96,117,,13,-2
LY,Libya,Tripoli District,,,LY-TB,,ChIJDQHOjtmSqBMRASUseCw__3s,2021-03-11,51,96,125,,9,-1
LY,Libya,Tripoli District,,,LY-TB,,ChIJDQHOjtmSqBMRASUseCw__3s,2021-03-12,39,68,108,,-5,0
LY,Libya,Tripoli District,,,LY-TB,,ChIJDQHOjtmSqBMRASUseCw__3s,2021-03-13,51,95,119,,18,-2
LY,Libya,Tripoli District,,,LY-TB,,ChIJDQHOjtmSqBMRASUseCw__3s,2021-03-14,58,104,117,,17,-1
LY,Libya,Tripoli District,,,LY-TB,,ChIJDQHOjtmSqBMRASUseCw__3s,2021-03-15,59,98,136,,19,-1
LY,Libya,Tripoli District,,,LY-TB,,ChIJDQHOjtmSqBMRASUseCw__3s,2021-03-16,60,104,138,,16,0
LY,Libya,Tripoli District,,,LY-TB,,ChIJDQHOjtmSqBMRASUseCw__3s,2021-03-17,61,101,138,,18,-1
LY,Libya,Tripoli District,,,LY-TB,,ChIJDQHOjtmSqBMRASUseCw__3s,2021-03-18,58,100,143,,14,-1
LY,Libya,Tripoli District,,,LY-TB,,ChIJDQHOjtmSqBMRASUseCw__3s,2021-03-19,42,80,111,,-4,-1
LY,Libya,Tripoli District,,,LY-TB,,ChIJDQHOjtmSqBMRASUseCw__3s,2021-03-20,57,102,127,,23,-2
LY,Libya,Tripoli District,,,LY-TB,,ChIJDQHOjtmSqBMRASUseCw__3s,2021-03-21,66,118,129,,23,-2
LY,Libya,Tripoli District,,,LY-TB,,ChIJDQHOjtmSqBMRASUseCw__3s,2021-03-22,62,109,140,,22,-1
LY,Libya,Tripoli District,,,LY-TB,,ChIJDQHOjtmSqBMRASUseCw__3s,2021-03-23,60,103,124,,17,1
LY,Libya,Tripoli District,,,LY-TB,,ChIJDQHOjtmSqBMRASUseCw__3s,2021-03-24,61,101,121,,19,0
LY,Libya,Tripoli District,,,LY-TB,,ChIJDQHOjtmSqBMRASUseCw__3s,2021-03-25,56,100,121,,14,1
LY,Libya,Tripoli District,,,LY-TB,,ChIJDQHOjtmSqBMRASUseCw__3s,2021-03-26,45,86,116,,0,-1
LY,Libya,Tripoli District,,,LY-TB,,ChIJDQHOjtmSqBMRASUseCw__3s,2021-03-27,58,104,126,,25,-3
LY,Libya,Tripoli District,,,LY-TB,,ChIJDQHOjtmSqBMRASUseCw__3s,2021-03-28,61,114,123,,23,-2
LY,Libya,Tripoli District,,,LY-TB,,ChIJDQHOjtmSqBMRASUseCw__3s,2021-03-29,66,106,144,,24,-2
LY,Libya,Tripoli District,,,LY-TB,,ChIJDQHOjtmSqBMRASUseCw__3s,2021-03-30,69,116,141,,20,-1
LY,Libya,Tripoli District,,,LY-TB,,ChIJDQHOjtmSqBMRASUseCw__3s,2021-03-31,70,113,144,,21,-2
LY,Libya,Tripoli District,,,LY-TB,,ChIJDQHOjtmSqBMRASUseCw__3s,2021-04-01,69,111,147,,19,-2
LY,Libya,Tripoli District,,,LY-TB,,ChIJDQHOjtmSqBMRASUseCw__3s,2021-04-02,51,95,127,,1,-2
LY,Libya,Tripoli District,,,LY-TB,,ChIJDQHOjtmSqBMRASUseCw__3s,2021-04-03,64,110,122,,25,-3
LY,Libya,Tripoli District,,,LY-TB,,ChIJDQHOjtmSqBMRASUseCw__3s,2021-04-04,73,128,133,,24,-2
LY,Libya,Zawiya District,,,LY-ZA,,ChIJJ10_wZAhqRMRD3eRyZJ8l-0,2021-01-01,,,,,-14,
LY,Libya,Zawiya District,,,LY-ZA,,ChIJJ10_wZAhqRMRD3eRyZJ8l-0,2021-01-02,,,,,2,
LY,Libya,Zawiya District,,,LY-ZA,,ChIJJ10_wZAhqRMRD3eRyZJ8l-0,2021-01-03,,,,,-7,
LY,Libya,Zawiya District,,,LY-ZA,,ChIJJ10_wZAhqRMRD3eRyZJ8l-0,2021-01-04,,,,,0,
LY,Libya,Zawiya District,,,LY-ZA,,ChIJJ10_wZAhqRMRD3eRyZJ8l-0,2021-01-05,,,,,-7,
LY,Libya,Zawiya District,,,LY-ZA,,ChIJJ10_wZAhqRMRD3eRyZJ8l-0,2021-01-06,,,,,1,
LY,Libya,Zawiya District,,,LY-ZA,,ChIJJ10_wZAhqRMRD3eRyZJ8l-0,2021-01-07,,,,,-8,
LY,Libya,Zawiya District,,,LY-ZA,,ChIJJ10_wZAhqRMRD3eRyZJ8l-0,2021-01-08,,,,,-11,
LY,Libya,Zawiya District,,,LY-ZA,,ChIJJ10_wZAhqRMRD3eRyZJ8l-0,2021-01-09,,,,,7,
LY,Libya,Zawiya District,,,LY-ZA,,ChIJJ10_wZAhqRMRD3eRyZJ8l-0,2021-01-10,,,,,1,
LY,Libya,Zawiya District,,,LY-ZA,,ChIJJ10_wZAhqRMRD3eRyZJ8l-0,2021-01-11,,,,,-2,
LY,Libya,Zawiya District,,,LY-ZA,,ChIJJ10_wZAhqRMRD3eRyZJ8l-0,2021-01-12,,,,,-1,
LY,Libya,Zawiya District,,,LY-ZA,,ChIJJ10_wZAhqRMRD3eRyZJ8l-0,2021-01-13,,,,,0,
LY,Libya,Zawiya District,,,LY-ZA,,ChIJJ10_wZAhqRMRD3eRyZJ8l-0,2021-01-14,,,,,-8,
LY,Libya,Zawiya District,,,LY-ZA,,ChIJJ10_wZAhqRMRD3eRyZJ8l-0,2021-01-15,,,,,-15,
LY,Libya,Zawiya District,,,LY-ZA,,ChIJJ10_wZAhqRMRD3eRyZJ8l-0,2021-01-16,,,,,-4,
LY,Libya,Zawiya District,,,LY-ZA,,ChIJJ10_wZAhqRMRD3eRyZJ8l-0,2021-01-17,,,,,-7,
LY,Libya,Zawiya District,,,LY-ZA,,ChIJJ10_wZAhqRMRD3eRyZJ8l-0,2021-01-18,,,,,-9,
LY,Libya,Zawiya District,,,LY-ZA,,ChIJJ10_wZAhqRMRD3eRyZJ8l-0,2021-01-19,,,,,-8,
LY,Libya,Zawiya District,,,LY-ZA,,ChIJJ10_wZAhqRMRD3eRyZJ8l-0,2021-01-20,,,,,-9,
LY,Libya,Zawiya District,,,LY-ZA,,ChIJJ10_wZAhqRMRD3eRyZJ8l-0,2021-01-21,,,,,-6,
LY,Libya,Zawiya District,,,LY-ZA,,ChIJJ10_wZAhqRMRD3eRyZJ8l-0,2021-01-22,,,,,-25,
LY,Libya,Zawiya District,,,LY-ZA,,ChIJJ10_wZAhqRMRD3eRyZJ8l-0,2021-01-23,,,,,0,
LY,Libya,Zawiya District,,,LY-ZA,,ChIJJ10_wZAhqRMRD3eRyZJ8l-0,2021-01-24,,,,,-8,
LY,Libya,Zawiya District,,,LY-ZA,,ChIJJ10_wZAhqRMRD3eRyZJ8l-0,2021-01-25,,,,,-3,
LY,Libya,Zawiya District,,,LY-ZA,,ChIJJ10_wZAhqRMRD3eRyZJ8l-0,2021-01-26,,,,,-7,
LY,Libya,Zawiya District,,,LY-ZA,,ChIJJ10_wZAhqRMRD3eRyZJ8l-0,2021-01-27,,,,,-5,
LY,Libya,Zawiya District,,,LY-ZA,,ChIJJ10_wZAhqRMRD3eRyZJ8l-0,2021-01-28,,,,,-3,
LY,Libya,Zawiya District,,,LY-ZA,,ChIJJ10_wZAhqRMRD3eRyZJ8l-0,2021-01-29,,,,,-14,
LY,Libya,Zawiya District,,,LY-ZA,,ChIJJ10_wZAhqRMRD3eRyZJ8l-0,2021-01-30,,,,,2,
LY,Libya,Zawiya District,,,LY-ZA,,ChIJJ10_wZAhqRMRD3eRyZJ8l-0,2021-01-31,,,,,-6,
LY,Libya,Zawiya District,,,LY-ZA,,ChIJJ10_wZAhqRMRD3eRyZJ8l-0,2021-02-01,,,,,-8,
LY,Libya,Zawiya District,,,LY-ZA,,ChIJJ10_wZAhqRMRD3eRyZJ8l-0,2021-02-02,,,,,-4,
LY,Libya,Zawiya District,,,LY-ZA,,ChIJJ10_wZAhqRMRD3eRyZJ8l-0,2021-02-03,,,,,-4,
LY,Libya,Zawiya District,,,LY-ZA,,ChIJJ10_wZAhqRMRD3eRyZJ8l-0,2021-02-04,,,,,-11,
LY,Libya,Zawiya District,,,LY-ZA,,ChIJJ10_wZAhqRMRD3eRyZJ8l-0,2021-02-05,,,,,-25,
LY,Libya,Zawiya District,,,LY-ZA,,ChIJJ10_wZAhqRMRD3eRyZJ8l-0,2021-02-06,,,,,-2,
LY,Libya,Zawiya District,,,LY-ZA,,ChIJJ10_wZAhqRMRD3eRyZJ8l-0,2021-02-07,,,,,-6,
LY,Libya,Zawiya District,,,LY-ZA,,ChIJJ10_wZAhqRMRD3eRyZJ8l-0,2021-02-08,,,,,-8,
LY,Libya,Zawiya District,,,LY-ZA,,ChIJJ10_wZAhqRMRD3eRyZJ8l-0,2021-02-09,,,,,-5,
LY,Libya,Zawiya District,,,LY-ZA,,ChIJJ10_wZAhqRMRD3eRyZJ8l-0,2021-02-10,,,,,-6,
LY,Libya,Zawiya District,,,LY-ZA,,ChIJJ10_wZAhqRMRD3eRyZJ8l-0,2021-02-11,,,,,-11,
LY,Libya,Zawiya District,,,LY-ZA,,ChIJJ10_wZAhqRMRD3eRyZJ8l-0,2021-02-12,,,,,-21,
LY,Libya,Zawiya District,,,LY-ZA,,ChIJJ10_wZAhqRMRD3eRyZJ8l-0,2021-02-13,,,,,-7,
LY,Libya,Zawiya District,,,LY-ZA,,ChIJJ10_wZAhqRMRD3eRyZJ8l-0,2021-02-14,,,,,-9,
LY,Libya,Zawiya District,,,LY-ZA,,ChIJJ10_wZAhqRMRD3eRyZJ8l-0,2021-02-15,,,,,-12,
LY,Libya,Zawiya District,,,LY-ZA,,ChIJJ10_wZAhqRMRD3eRyZJ8l-0,2021-02-16,,,,,-18,
LY,Libya,Zawiya District,,,LY-ZA,,ChIJJ10_wZAhqRMRD3eRyZJ8l-0,2021-02-17,,,,,-28,
LY,Libya,Zawiya District,,,LY-ZA,,ChIJJ10_wZAhqRMRD3eRyZJ8l-0,2021-02-18,,,,,-23,
LY,Libya,Zawiya District,,,LY-ZA,,ChIJJ10_wZAhqRMRD3eRyZJ8l-0,2021-02-19,,,,,-26,
LY,Libya,Zawiya District,,,LY-ZA,,ChIJJ10_wZAhqRMRD3eRyZJ8l-0,2021-02-20,,,,,-10,
LY,Libya,Zawiya District,,,LY-ZA,,ChIJJ10_wZAhqRMRD3eRyZJ8l-0,2021-02-21,,,,,-11,
LY,Libya,Zawiya District,,,LY-ZA,,ChIJJ10_wZAhqRMRD3eRyZJ8l-0,2021-02-22,,,,,-9,
LY,Libya,Zawiya District,,,LY-ZA,,ChIJJ10_wZAhqRMRD3eRyZJ8l-0,2021-02-23,,,,,-10,
LY,Libya,Zawiya District,,,LY-ZA,,ChIJJ10_wZAhqRMRD3eRyZJ8l-0,2021-02-24,,,,,-9,
LY,Libya,Zawiya District,,,LY-ZA,,ChIJJ10_wZAhqRMRD3eRyZJ8l-0,2021-02-25,,,,,-11,
LY,Libya,Zawiya District,,,LY-ZA,,ChIJJ10_wZAhqRMRD3eRyZJ8l-0,2021-02-26,,,,,-25,
LY,Libya,Zawiya District,,,LY-ZA,,ChIJJ10_wZAhqRMRD3eRyZJ8l-0,2021-02-27,,,,,-9,
LY,Libya,Zawiya District,,,LY-ZA,,ChIJJ10_wZAhqRMRD3eRyZJ8l-0,2021-02-28,,,,,-10,
LY,Libya,Zawiya District,,,LY-ZA,,ChIJJ10_wZAhqRMRD3eRyZJ8l-0,2021-03-01,,,,,-8,
LY,Libya,Zawiya District,,,LY-ZA,,ChIJJ10_wZAhqRMRD3eRyZJ8l-0,2021-03-02,,,,,-9,
LY,Libya,Zawiya District,,,LY-ZA,,ChIJJ10_wZAhqRMRD3eRyZJ8l-0,2021-03-03,,,,,-1,
LY,Libya,Zawiya District,,,LY-ZA,,ChIJJ10_wZAhqRMRD3eRyZJ8l-0,2021-03-04,,,,,-10,
LY,Libya,Zawiya District,,,LY-ZA,,ChIJJ10_wZAhqRMRD3eRyZJ8l-0,2021-03-05,,,,,-24,
LY,Libya,Zawiya District,,,LY-ZA,,ChIJJ10_wZAhqRMRD3eRyZJ8l-0,2021-03-06,,,,,-2,
LY,Libya,Zawiya District,,,LY-ZA,,ChIJJ10_wZAhqRMRD3eRyZJ8l-0,2021-03-07,,,,,-2,
LY,Libya,Zawiya District,,,LY-ZA,,ChIJJ10_wZAhqRMRD3eRyZJ8l-0,2021-03-08,,,,,-2,
LY,Libya,Zawiya District,,,LY-ZA,,ChIJJ10_wZAhqRMRD3eRyZJ8l-0,2021-03-09,,,,,-9,
LY,Libya,Zawiya District,,,LY-ZA,,ChIJJ10_wZAhqRMRD3eRyZJ8l-0,2021-03-10,,,,,-4,
LY,Libya,Zawiya District,,,LY-ZA,,ChIJJ10_wZAhqRMRD3eRyZJ8l-0,2021-03-11,,,,,-7,
LY,Libya,Zawiya District,,,LY-ZA,,ChIJJ10_wZAhqRMRD3eRyZJ8l-0,2021-03-12,,,,,-22,
LY,Libya,Zawiya District,,,LY-ZA,,ChIJJ10_wZAhqRMRD3eRyZJ8l-0,2021-03-13,,,,,-4,
LY,Libya,Zawiya District,,,LY-ZA,,ChIJJ10_wZAhqRMRD3eRyZJ8l-0,2021-03-14,,,,,-5,
LY,Libya,Zawiya District,,,LY-ZA,,ChIJJ10_wZAhqRMRD3eRyZJ8l-0,2021-03-15,,,,,-4,
LY,Libya,Zawiya District,,,LY-ZA,,ChIJJ10_wZAhqRMRD3eRyZJ8l-0,2021-03-16,,,,,-2,
LY,Libya,Zawiya District,,,LY-ZA,,ChIJJ10_wZAhqRMRD3eRyZJ8l-0,2021-03-17,,,,,-1,
LY,Libya,Zawiya District,,,LY-ZA,,ChIJJ10_wZAhqRMRD3eRyZJ8l-0,2021-03-18,,,,,-4,
LY,Libya,Zawiya District,,,LY-ZA,,ChIJJ10_wZAhqRMRD3eRyZJ8l-0,2021-03-19,,,,,-21,
LY,Libya,Zawiya District,,,LY-ZA,,ChIJJ10_wZAhqRMRD3eRyZJ8l-0,2021-03-20,,,,,1,
LY,Libya,Zawiya District,,,LY-ZA,,ChIJJ10_wZAhqRMRD3eRyZJ8l-0,2021-03-21,,,,,2,
LY,Libya,Zawiya District,,,LY-ZA,,ChIJJ10_wZAhqRMRD3eRyZJ8l-0,2021-03-22,,,,,4,
LY,Libya,Zawiya District,,,LY-ZA,,ChIJJ10_wZAhqRMRD3eRyZJ8l-0,2021-03-23,,,,,3,
LY,Libya,Zawiya District,,,LY-ZA,,ChIJJ10_wZAhqRMRD3eRyZJ8l-0,2021-03-24,,,,,6,
LY,Libya,Zawiya District,,,LY-ZA,,ChIJJ10_wZAhqRMRD3eRyZJ8l-0,2021-03-25,,,,,0,
LY,Libya,Zawiya District,,,LY-ZA,,ChIJJ10_wZAhqRMRD3eRyZJ8l-0,2021-03-26,,,,,-27,
LY,Libya,Zawiya District,,,LY-ZA,,ChIJJ10_wZAhqRMRD3eRyZJ8l-0,2021-03-27,,,,,6,
LY,Libya,Zawiya District,,,LY-ZA,,ChIJJ10_wZAhqRMRD3eRyZJ8l-0,2021-03-28,,,,,2,
LY,Libya,Zawiya District,,,LY-ZA,,ChIJJ10_wZAhqRMRD3eRyZJ8l-0,2021-03-29,,,,,3,
LY,Libya,Zawiya District,,,LY-ZA,,ChIJJ10_wZAhqRMRD3eRyZJ8l-0,2021-03-30,,,,,1,
LY,Libya,Zawiya District,,,LY-ZA,,ChIJJ10_wZAhqRMRD3eRyZJ8l-0,2021-03-31,,,,,4,
LY,Libya,Zawiya District,,,LY-ZA,,ChIJJ10_wZAhqRMRD3eRyZJ8l-0,2021-04-01,,,,,5,
LY,Libya,Zawiya District,,,LY-ZA,,ChIJJ10_wZAhqRMRD3eRyZJ8l-0,2021-04-02,,,,,-20,
LY,Libya,Zawiya District,,,LY-ZA,,ChIJJ10_wZAhqRMRD3eRyZJ8l-0,2021-04-03,,,,,5,
LY,Libya,Zawiya District,,,LY-ZA,,ChIJJ10_wZAhqRMRD3eRyZJ8l-0,2021-04-04,,,,,7,
