country_region_code,country_region,sub_region_1,sub_region_2,metro_area,iso_3166_2_code,census_fips_code,place_id,date,retail_and_recreation_percent_change_from_baseline,grocery_and_pharmacy_percent_change_from_baseline,parks_percent_change_from_baseline,transit_stations_percent_change_from_baseline,workplaces_percent_change_from_baseline,residential_percent_change_from_baseline
GR,Greece,,,,,,ChIJY2xxEcdKWxMRHS2a3HUXOjY,2021-01-01,-73,-76,12,-73,-79,23
GR,Greece,,,,,,ChIJY2xxEcdKWxMRHS2a3HUXOjY,2021-01-02,-70,-64,8,-61,-47,15
GR,Greece,,,,,,ChIJY2xxEcdKWxMRHS2a3HUXOjY,2021-01-03,-63,67,16,-53,-29,12
GR,Greece,,,,,,ChIJY2xxEcdKWxMRHS2a3HUXOjY,2021-01-04,-58,-2,-15,-57,-41,15
GR,Greece,,,,,,ChIJY2xxEcdKWxMRHS2a3HUXOjY,2021-01-05,-51,21,23,-49,-39,12
GR,Greece,,,,,,ChIJY2xxEcdKWxMRHS2a3HUXOjY,2021-01-06,-63,-65,44,-64,-74,23
GR,Greece,,,,,,ChIJY2xxEcdKWxMRHS2a3HUXOjY,2021-01-07,-54,11,6,-51,-37,13
GR,Greece,,,,,,ChIJY2xxEcdKWxMRHS2a3HUXOjY,2021-01-08,-58,2,4,-51,-36,15
GR,Greece,,,,,,ChIJY2xxEcdKWxMRHS2a3HUXOjY,2021-01-09,-62,2,8,-52,-28,12
GR,Greece,,,,,,ChIJY2xxEcdKWxMRHS2a3HUXOjY,2021-01-10,-62,-3,23,-48,-29,11
GR,Greece,,,,,,ChIJY2xxEcdKWxMRHS2a3HUXOjY,2021-01-11,-51,1,11,-46,-31,11
GR,Greece,,,,,,ChIJY2xxEcdKWxMRHS2a3HUXOjY,2021-01-12,-57,-1,-14,-51,-33,12
GR,Greece,,,,,,ChIJY2xxEcdKWxMRHS2a3HUXOjY,2021-01-13,-54,1,2,-50,-33,10
GR,Greece,,,,,,ChIJY2xxEcdKWxMRHS2a3HUXOjY,2021-01-14,-57,-3,-6,-52,-35,10
GR,Greece,,,,,,ChIJY2xxEcdKWxMRHS2a3HUXOjY,2021-01-15,-63,-5,-25,-56,-37,12
GR,Greece,,,,,,ChIJY2xxEcdKWxMRHS2a3HUXOjY,2021-01-16,-73,-14,-46,-67,-38,13
GR,Greece,,,,,,ChIJY2xxEcdKWxMRHS2a3HUXOjY,2021-01-17,-70,-8,-21,-62,-35,11
GR,Greece,,,,,,ChIJY2xxEcdKWxMRHS2a3HUXOjY,2021-01-18,-42,-12,-14,-50,-35,10
GR,Greece,,,,,,ChIJY2xxEcdKWxMRHS2a3HUXOjY,2021-01-19,-44,-9,-15,-47,-34,10
GR,Greece,,,,,,ChIJY2xxEcdKWxMRHS2a3HUXOjY,2021-01-20,-43,-4,0,-46,-32,9
GR,Greece,,,,,,ChIJY2xxEcdKWxMRHS2a3HUXOjY,2021-01-21,-42,-2,2,-44,-32,9
GR,Greece,,,,,,ChIJY2xxEcdKWxMRHS2a3HUXOjY,2021-01-22,-47,-2,-6,-46,-32,11
GR,Greece,,,,,,ChIJY2xxEcdKWxMRHS2a3HUXOjY,2021-01-23,-53,-2,-16,-48,-26,10
GR,Greece,,,,,,ChIJY2xxEcdKWxMRHS2a3HUXOjY,2021-01-24,-51,39,19,-43,-24,9
GR,Greece,,,,,,ChIJY2xxEcdKWxMRHS2a3HUXOjY,2021-01-25,-39,-4,17,-43,-31,9
GR,Greece,,,,,,ChIJY2xxEcdKWxMRHS2a3HUXOjY,2021-01-26,-49,-8,-25,-49,-33,10
GR,Greece,,,,,,ChIJY2xxEcdKWxMRHS2a3HUXOjY,2021-01-27,-47,-5,-18,-50,-32,11
GR,Greece,,,,,,ChIJY2xxEcdKWxMRHS2a3HUXOjY,2021-01-28,-41,2,-2,-45,-31,10
GR,Greece,,,,,,ChIJY2xxEcdKWxMRHS2a3HUXOjY,2021-01-29,-41,6,-1,-43,-31,10
GR,Greece,,,,,,ChIJY2xxEcdKWxMRHS2a3HUXOjY,2021-01-30,-51,6,0,-49,-24,9
GR,Greece,,,,,,ChIJY2xxEcdKWxMRHS2a3HUXOjY,2021-01-31,-60,7,25,-49,-27,9
GR,Greece,,,,,,ChIJY2xxEcdKWxMRHS2a3HUXOjY,2021-02-01,-44,0,1,-48,-30,8
GR,Greece,,,,,,ChIJY2xxEcdKWxMRHS2a3HUXOjY,2021-02-02,-45,2,6,-44,-30,8
GR,Greece,,,,,,ChIJY2xxEcdKWxMRHS2a3HUXOjY,2021-02-03,-45,-1,17,-46,-29,7
GR,Greece,,,,,,ChIJY2xxEcdKWxMRHS2a3HUXOjY,2021-02-04,-45,2,16,-44,-30,7
GR,Greece,,,,,,ChIJY2xxEcdKWxMRHS2a3HUXOjY,2021-02-05,-48,3,11,-45,-30,8
GR,Greece,,,,,,ChIJY2xxEcdKWxMRHS2a3HUXOjY,2021-02-06,-61,-4,15,-54,-30,9
GR,Greece,,,,,,ChIJY2xxEcdKWxMRHS2a3HUXOjY,2021-02-07,-64,-5,27,-53,-32,9
GR,Greece,,,,,,ChIJY2xxEcdKWxMRHS2a3HUXOjY,2021-02-08,-48,-3,3,-47,-32,8
GR,Greece,,,,,,ChIJY2xxEcdKWxMRHS2a3HUXOjY,2021-02-09,-47,3,4,-45,-31,8
GR,Greece,,,,,,ChIJY2xxEcdKWxMRHS2a3HUXOjY,2021-02-10,-44,5,19,-43,-30,7
GR,Greece,,,,,,ChIJY2xxEcdKWxMRHS2a3HUXOjY,2021-02-11,-55,2,-7,-52,-34,10
GR,Greece,,,,,,ChIJY2xxEcdKWxMRHS2a3HUXOjY,2021-02-12,-55,12,4,-51,-33,10
GR,Greece,,,,,,ChIJY2xxEcdKWxMRHS2a3HUXOjY,2021-02-13,-67,-2,-35,-64,-34,12
GR,Greece,,,,,,ChIJY2xxEcdKWxMRHS2a3HUXOjY,2021-02-14,-72,-14,-33,-68,-40,14
GR,Greece,,,,,,ChIJY2xxEcdKWxMRHS2a3HUXOjY,2021-02-15,-61,-13,-25,-61,-45,15
GR,Greece,,,,,,ChIJY2xxEcdKWxMRHS2a3HUXOjY,2021-02-16,-66,-20,-11,-70,-59,20
GR,Greece,,,,,,ChIJY2xxEcdKWxMRHS2a3HUXOjY,2021-02-17,-58,0,-12,-60,-44,15
GR,Greece,,,,,,ChIJY2xxEcdKWxMRHS2a3HUXOjY,2021-02-18,-53,8,-2,-51,-34,11
GR,Greece,,,,,,ChIJY2xxEcdKWxMRHS2a3HUXOjY,2021-02-19,-55,10,9,-50,-33,11
GR,Greece,,,,,,ChIJY2xxEcdKWxMRHS2a3HUXOjY,2021-02-20,-61,2,7,-54,-29,10
GR,Greece,,,,,,ChIJY2xxEcdKWxMRHS2a3HUXOjY,2021-02-21,-64,-1,18,-54,-32,10
GR,Greece,,,,,,ChIJY2xxEcdKWxMRHS2a3HUXOjY,2021-02-22,-47,2,32,-46,-32,8
GR,Greece,,,,,,ChIJY2xxEcdKWxMRHS2a3HUXOjY,2021-02-23,-51,4,22,-47,-32,9
GR,Greece,,,,,,ChIJY2xxEcdKWxMRHS2a3HUXOjY,2021-02-24,-49,6,31,-47,-32,9
GR,Greece,,,,,,ChIJY2xxEcdKWxMRHS2a3HUXOjY,2021-02-25,-50,9,17,-47,-32,9
GR,Greece,,,,,,ChIJY2xxEcdKWxMRHS2a3HUXOjY,2021-02-26,-51,16,23,-46,-32,10
GR,Greece,,,,,,ChIJY2xxEcdKWxMRHS2a3HUXOjY,2021-02-27,-56,7,34,-49,-28,8
GR,Greece,,,,,,ChIJY2xxEcdKWxMRHS2a3HUXOjY,2021-02-28,-63,3,21,-52,-31,9
GR,Greece,,,,,,ChIJY2xxEcdKWxMRHS2a3HUXOjY,2021-03-01,-46,7,33,-44,-31,8
GR,Greece,,,,,,ChIJY2xxEcdKWxMRHS2a3HUXOjY,2021-03-02,-52,7,2,-48,-32,9
GR,Greece,,,,,,ChIJY2xxEcdKWxMRHS2a3HUXOjY,2021-03-03,-48,17,25,-46,-31,8
GR,Greece,,,,,,ChIJY2xxEcdKWxMRHS2a3HUXOjY,2021-03-04,-55,9,8,-50,-34,10
GR,Greece,,,,,,ChIJY2xxEcdKWxMRHS2a3HUXOjY,2021-03-05,-58,5,9,-50,-36,12
GR,Greece,,,,,,ChIJY2xxEcdKWxMRHS2a3HUXOjY,2021-03-06,-62,4,10,-55,-30,10
GR,Greece,,,,,,ChIJY2xxEcdKWxMRHS2a3HUXOjY,2021-03-07,-67,-1,7,-57,-33,11
GR,Greece,,,,,,ChIJY2xxEcdKWxMRHS2a3HUXOjY,2021-03-08,-50,4,24,-48,-34,10
GR,Greece,,,,,,ChIJY2xxEcdKWxMRHS2a3HUXOjY,2021-03-09,-55,4,6,-50,-35,10
GR,Greece,,,,,,ChIJY2xxEcdKWxMRHS2a3HUXOjY,2021-03-10,-54,7,15,-48,-34,11
GR,Greece,,,,,,ChIJY2xxEcdKWxMRHS2a3HUXOjY,2021-03-11,-57,9,-6,-52,-35,11
GR,Greece,,,,,,ChIJY2xxEcdKWxMRHS2a3HUXOjY,2021-03-12,-55,21,16,-48,-34,11
GR,Greece,,,,,,ChIJY2xxEcdKWxMRHS2a3HUXOjY,2021-03-13,-59,21,21,-52,-28,9
GR,Greece,,,,,,ChIJY2xxEcdKWxMRHS2a3HUXOjY,2021-03-14,-60,28,36,-52,-28,10
GR,Greece,,,,,,ChIJY2xxEcdKWxMRHS2a3HUXOjY,2021-03-15,-60,-54,40,-65,-76,19
GR,Greece,,,,,,ChIJY2xxEcdKWxMRHS2a3HUXOjY,2021-03-16,-58,5,-9,-50,-36,11
GR,Greece,,,,,,ChIJY2xxEcdKWxMRHS2a3HUXOjY,2021-03-17,-55,7,10,-48,-35,11
GR,Greece,,,,,,ChIJY2xxEcdKWxMRHS2a3HUXOjY,2021-03-18,-54,9,12,-48,-35,11
GR,Greece,,,,,,ChIJY2xxEcdKWxMRHS2a3HUXOjY,2021-03-19,-57,11,9,-48,-35,13
GR,Greece,,,,,,ChIJY2xxEcdKWxMRHS2a3HUXOjY,2021-03-20,-65,6,-13,-55,-29,11
GR,Greece,,,,,,ChIJY2xxEcdKWxMRHS2a3HUXOjY,2021-03-21,-66,2,11,-51,-30,11
GR,Greece,,,,,,ChIJY2xxEcdKWxMRHS2a3HUXOjY,2021-03-22,-48,8,23,-46,-34,10
GR,Greece,,,,,,ChIJY2xxEcdKWxMRHS2a3HUXOjY,2021-03-23,-56,8,-19,-53,-35,11
GR,Greece,,,,,,ChIJY2xxEcdKWxMRHS2a3HUXOjY,2021-03-24,-48,36,15,-46,-34,9
GR,Greece,,,,,,ChIJY2xxEcdKWxMRHS2a3HUXOjY,2021-03-25,-66,-62,23,-67,-74,22
GR,Greece,,,,,,ChIJY2xxEcdKWxMRHS2a3HUXOjY,2021-03-26,-52,22,20,-47,-35,12
GR,Greece,,,,,,ChIJY2xxEcdKWxMRHS2a3HUXOjY,2021-03-27,-54,14,45,-45,-24,8
GR,Greece,,,,,,ChIJY2xxEcdKWxMRHS2a3HUXOjY,2021-03-28,-53,21,80,-40,-26,7
GR,Greece,,,,,,ChIJY2xxEcdKWxMRHS2a3HUXOjY,2021-03-29,-44,9,55,-43,-33,9
GR,Greece,,,,,,ChIJY2xxEcdKWxMRHS2a3HUXOjY,2021-03-30,-48,13,26,-46,-33,9
GR,Greece,,,,,,ChIJY2xxEcdKWxMRHS2a3HUXOjY,2021-03-31,-51,10,6,-50,-34,10
GR,Greece,,,,,,ChIJY2xxEcdKWxMRHS2a3HUXOjY,2021-04-01,-50,14,19,-46,-33,10
GR,Greece,,,,,,ChIJY2xxEcdKWxMRHS2a3HUXOjY,2021-04-02,-49,20,40,-42,-32,10
GR,Greece,,,,,,ChIJY2xxEcdKWxMRHS2a3HUXOjY,2021-04-03,-49,15,66,-38,-23,5
GR,Greece,,,,,,ChIJY2xxEcdKWxMRHS2a3HUXOjY,2021-04-04,-51,24,76,-36,-26,6
GR,Greece,Decentralized Administration of Attica,,,,,ChIJ46OMPb_HoRQROW96xvEHbos,2021-01-01,-75,-79,23,-73,-83,25
GR,Greece,Decentralized Administration of Attica,,,,,ChIJ46OMPb_HoRQROW96xvEHbos,2021-01-02,-72,-67,12,-61,-46,17
GR,Greece,Decentralized Administration of Attica,,,,,ChIJ46OMPb_HoRQROW96xvEHbos,2021-01-03,-64,66,20,-54,-25,13
GR,Greece,Decentralized Administration of Attica,,,,,ChIJ46OMPb_HoRQROW96xvEHbos,2021-01-04,-59,-2,-13,-58,-42,18
GR,Greece,Decentralized Administration of Attica,,,,,ChIJ46OMPb_HoRQROW96xvEHbos,2021-01-05,-53,20,36,-51,-41,15
GR,Greece,Decentralized Administration of Attica,,,,,ChIJ46OMPb_HoRQROW96xvEHbos,2021-01-06,-63,-65,90,-64,-78,27
GR,Greece,Decentralized Administration of Attica,,,,,ChIJ46OMPb_HoRQROW96xvEHbos,2021-01-07,-56,8,13,-52,-39,16
GR,Greece,Decentralized Administration of Attica,,,,,ChIJ46OMPb_HoRQROW96xvEHbos,2021-01-08,-60,1,9,-52,-37,18
GR,Greece,Decentralized Administration of Attica,,,,,ChIJ46OMPb_HoRQROW96xvEHbos,2021-01-09,-63,-3,26,-52,-27,14
GR,Greece,Decentralized Administration of Attica,,,,,ChIJ46OMPb_HoRQROW96xvEHbos,2021-01-10,-59,-1,49,-48,-24,12
GR,Greece,Decentralized Administration of Attica,,,,,ChIJ46OMPb_HoRQROW96xvEHbos,2021-01-11,-50,1,34,-46,-32,13
GR,Greece,Decentralized Administration of Attica,,,,,ChIJ46OMPb_HoRQROW96xvEHbos,2021-01-12,-59,-3,-16,-52,-34,14
GR,Greece,Decentralized Administration of Attica,,,,,ChIJ46OMPb_HoRQROW96xvEHbos,2021-01-13,-56,-1,18,-50,-34,13
GR,Greece,Decentralized Administration of Attica,,,,,ChIJ46OMPb_HoRQROW96xvEHbos,2021-01-14,-58,-6,5,-52,-36,12
GR,Greece,Decentralized Administration of Attica,,,,,ChIJ46OMPb_HoRQROW96xvEHbos,2021-01-15,-65,-8,-26,-57,-38,14
GR,Greece,Decentralized Administration of Attica,,,,,ChIJ46OMPb_HoRQROW96xvEHbos,2021-01-16,-76,-19,-58,-68,-36,15
GR,Greece,Decentralized Administration of Attica,,,,,ChIJ46OMPb_HoRQROW96xvEHbos,2021-01-17,-70,-9,-20,-62,-31,12
GR,Greece,Decentralized Administration of Attica,,,,,ChIJ46OMPb_HoRQROW96xvEHbos,2021-01-18,-40,-13,-15,-49,-35,12
GR,Greece,Decentralized Administration of Attica,,,,,ChIJ46OMPb_HoRQROW96xvEHbos,2021-01-19,-41,-10,-11,-47,-34,11
GR,Greece,Decentralized Administration of Attica,,,,,ChIJ46OMPb_HoRQROW96xvEHbos,2021-01-20,-41,-6,10,-46,-34,12
GR,Greece,Decentralized Administration of Attica,,,,,ChIJ46OMPb_HoRQROW96xvEHbos,2021-01-21,-40,-5,15,-43,-33,11
GR,Greece,Decentralized Administration of Attica,,,,,ChIJ46OMPb_HoRQROW96xvEHbos,2021-01-22,-45,-3,-2,-45,-33,12
GR,Greece,Decentralized Administration of Attica,,,,,ChIJ46OMPb_HoRQROW96xvEHbos,2021-01-23,-51,-7,-13,-47,-23,10
GR,Greece,Decentralized Administration of Attica,,,,,ChIJ46OMPb_HoRQROW96xvEHbos,2021-01-24,-47,46,28,-42,-18,9
GR,Greece,Decentralized Administration of Attica,,,,,ChIJ46OMPb_HoRQROW96xvEHbos,2021-01-25,-36,-6,33,-42,-32,10
GR,Greece,Decentralized Administration of Attica,,,,,ChIJ46OMPb_HoRQROW96xvEHbos,2021-01-26,-45,-8,-21,-48,-33,12
GR,Greece,Decentralized Administration of Attica,,,,,ChIJ46OMPb_HoRQROW96xvEHbos,2021-01-27,-45,-7,-10,-50,-33,12
GR,Greece,Decentralized Administration of Attica,,,,,ChIJ46OMPb_HoRQROW96xvEHbos,2021-01-28,-39,-2,3,-45,-32,12
GR,Greece,Decentralized Administration of Attica,,,,,ChIJ46OMPb_HoRQROW96xvEHbos,2021-01-29,-38,5,4,-43,-32,12
GR,Greece,Decentralized Administration of Attica,,,,,ChIJ46OMPb_HoRQROW96xvEHbos,2021-01-30,-53,1,13,-49,-21,10
GR,Greece,Decentralized Administration of Attica,,,,,ChIJ46OMPb_HoRQROW96xvEHbos,2021-01-31,-60,9,39,-49,-24,10
GR,Greece,Decentralized Administration of Attica,,,,,ChIJ46OMPb_HoRQROW96xvEHbos,2021-02-01,-50,-4,-6,-49,-32,12
GR,Greece,Decentralized Administration of Attica,,,,,ChIJ46OMPb_HoRQROW96xvEHbos,2021-02-02,-45,2,21,-45,-31,10
GR,Greece,Decentralized Administration of Attica,,,,,ChIJ46OMPb_HoRQROW96xvEHbos,2021-02-03,-47,-1,35,-47,-31,11
GR,Greece,Decentralized Administration of Attica,,,,,ChIJ46OMPb_HoRQROW96xvEHbos,2021-02-04,-46,2,29,-45,-32,10
GR,Greece,Decentralized Administration of Attica,,,,,ChIJ46OMPb_HoRQROW96xvEHbos,2021-02-05,-50,4,19,-46,-32,11
GR,Greece,Decentralized Administration of Attica,,,,,ChIJ46OMPb_HoRQROW96xvEHbos,2021-02-06,-67,-11,24,-55,-31,13
GR,Greece,Decentralized Administration of Attica,,,,,ChIJ46OMPb_HoRQROW96xvEHbos,2021-02-07,-64,-5,43,-53,-28,11
GR,Greece,Decentralized Administration of Attica,,,,,ChIJ46OMPb_HoRQROW96xvEHbos,2021-02-08,-48,0,23,-46,-33,11
GR,Greece,Decentralized Administration of Attica,,,,,ChIJ46OMPb_HoRQROW96xvEHbos,2021-02-09,-46,5,21,-45,-32,11
GR,Greece,Decentralized Administration of Attica,,,,,ChIJ46OMPb_HoRQROW96xvEHbos,2021-02-10,-42,7,35,-43,-31,10
GR,Greece,Decentralized Administration of Attica,,,,,ChIJ46OMPb_HoRQROW96xvEHbos,2021-02-11,-62,-4,-2,-54,-39,15
GR,Greece,Decentralized Administration of Attica,,,,,ChIJ46OMPb_HoRQROW96xvEHbos,2021-02-12,-61,8,14,-53,-38,16
GR,Greece,Decentralized Administration of Attica,,,,,ChIJ46OMPb_HoRQROW96xvEHbos,2021-02-13,-73,-11,-44,-66,-33,15
GR,Greece,Decentralized Administration of Attica,,,,,ChIJ46OMPb_HoRQROW96xvEHbos,2021-02-14,-74,-16,-50,-69,-33,15
GR,Greece,Decentralized Administration of Attica,,,,,ChIJ46OMPb_HoRQROW96xvEHbos,2021-02-15,-65,-14,-26,-62,-48,19
GR,Greece,Decentralized Administration of Attica,,,,,ChIJ46OMPb_HoRQROW96xvEHbos,2021-02-16,-76,-36,23,-73,-81,31
GR,Greece,Decentralized Administration of Attica,,,,,ChIJ46OMPb_HoRQROW96xvEHbos,2021-02-17,-65,-2,-9,-63,-54,22
GR,Greece,Decentralized Administration of Attica,,,,,ChIJ46OMPb_HoRQROW96xvEHbos,2021-02-18,-59,5,-2,-53,-39,15
GR,Greece,Decentralized Administration of Attica,,,,,ChIJ46OMPb_HoRQROW96xvEHbos,2021-02-19,-60,8,14,-51,-38,16
GR,Greece,Decentralized Administration of Attica,,,,,ChIJ46OMPb_HoRQROW96xvEHbos,2021-02-20,-66,-7,15,-55,-27,13
GR,Greece,Decentralized Administration of Attica,,,,,ChIJ46OMPb_HoRQROW96xvEHbos,2021-02-21,-64,-2,28,-54,-27,12
GR,Greece,Decentralized Administration of Attica,,,,,ChIJ46OMPb_HoRQROW96xvEHbos,2021-02-22,-52,1,53,-47,-36,13
GR,Greece,Decentralized Administration of Attica,,,,,ChIJ46OMPb_HoRQROW96xvEHbos,2021-02-23,-55,0,37,-48,-37,14
GR,Greece,Decentralized Administration of Attica,,,,,ChIJ46OMPb_HoRQROW96xvEHbos,2021-02-24,-55,2,54,-48,-37,14
GR,Greece,Decentralized Administration of Attica,,,,,ChIJ46OMPb_HoRQROW96xvEHbos,2021-02-25,-57,4,25,-49,-37,14
GR,Greece,Decentralized Administration of Attica,,,,,ChIJ46OMPb_HoRQROW96xvEHbos,2021-02-26,-58,12,31,-48,-36,15
GR,Greece,Decentralized Administration of Attica,,,,,ChIJ46OMPb_HoRQROW96xvEHbos,2021-02-27,-62,-4,49,-51,-27,11
GR,Greece,Decentralized Administration of Attica,,,,,ChIJ46OMPb_HoRQROW96xvEHbos,2021-02-28,-65,3,25,-53,-26,11
GR,Greece,Decentralized Administration of Attica,,,,,ChIJ46OMPb_HoRQROW96xvEHbos,2021-03-01,-51,6,54,-45,-35,12
GR,Greece,Decentralized Administration of Attica,,,,,ChIJ46OMPb_HoRQROW96xvEHbos,2021-03-02,-58,4,4,-50,-36,14
GR,Greece,Decentralized Administration of Attica,,,,,ChIJ46OMPb_HoRQROW96xvEHbos,2021-03-03,-55,14,40,-48,-36,13
GR,Greece,Decentralized Administration of Attica,,,,,ChIJ46OMPb_HoRQROW96xvEHbos,2021-03-04,-59,3,15,-52,-37,14
GR,Greece,Decentralized Administration of Attica,,,,,ChIJ46OMPb_HoRQROW96xvEHbos,2021-03-05,-61,2,19,-51,-37,16
GR,Greece,Decentralized Administration of Attica,,,,,ChIJ46OMPb_HoRQROW96xvEHbos,2021-03-06,-65,-4,29,-55,-28,14
GR,Greece,Decentralized Administration of Attica,,,,,ChIJ46OMPb_HoRQROW96xvEHbos,2021-03-07,-69,-1,9,-58,-28,14
GR,Greece,Decentralized Administration of Attica,,,,,ChIJ46OMPb_HoRQROW96xvEHbos,2021-03-08,-53,3,38,-48,-37,14
GR,Greece,Decentralized Administration of Attica,,,,,ChIJ46OMPb_HoRQROW96xvEHbos,2021-03-09,-57,2,22,-51,-37,15
GR,Greece,Decentralized Administration of Attica,,,,,ChIJ46OMPb_HoRQROW96xvEHbos,2021-03-10,-56,5,50,-49,-37,14
GR,Greece,Decentralized Administration of Attica,,,,,ChIJ46OMPb_HoRQROW96xvEHbos,2021-03-11,-61,5,-3,-53,-38,15
GR,Greece,Decentralized Administration of Attica,,,,,ChIJ46OMPb_HoRQROW96xvEHbos,2021-03-12,-59,19,26,-50,-37,15
GR,Greece,Decentralized Administration of Attica,,,,,ChIJ46OMPb_HoRQROW96xvEHbos,2021-03-13,-64,9,27,-53,-27,13
GR,Greece,Decentralized Administration of Attica,,,,,ChIJ46OMPb_HoRQROW96xvEHbos,2021-03-14,-62,32,38,-52,-23,12
GR,Greece,Decentralized Administration of Attica,,,,,ChIJ46OMPb_HoRQROW96xvEHbos,2021-03-15,-58,-55,101,-65,-79,24
GR,Greece,Decentralized Administration of Attica,,,,,ChIJ46OMPb_HoRQROW96xvEHbos,2021-03-16,-60,3,6,-51,-36,14
GR,Greece,Decentralized Administration of Attica,,,,,ChIJ46OMPb_HoRQROW96xvEHbos,2021-03-17,-57,5,38,-49,-36,15
GR,Greece,Decentralized Administration of Attica,,,,,ChIJ46OMPb_HoRQROW96xvEHbos,2021-03-18,-57,5,28,-49,-36,15
GR,Greece,Decentralized Administration of Attica,,,,,ChIJ46OMPb_HoRQROW96xvEHbos,2021-03-19,-59,9,24,-49,-35,16
GR,Greece,Decentralized Administration of Attica,,,,,ChIJ46OMPb_HoRQROW96xvEHbos,2021-03-20,-66,-1,4,-55,-26,13
GR,Greece,Decentralized Administration of Attica,,,,,ChIJ46OMPb_HoRQROW96xvEHbos,2021-03-21,-63,7,36,-51,-21,12
GR,Greece,Decentralized Administration of Attica,,,,,ChIJ46OMPb_HoRQROW96xvEHbos,2021-03-22,-48,7,61,-45,-34,12
GR,Greece,Decentralized Administration of Attica,,,,,ChIJ46OMPb_HoRQROW96xvEHbos,2021-03-23,-58,4,-22,-54,-35,14
GR,Greece,Decentralized Administration of Attica,,,,,ChIJ46OMPb_HoRQROW96xvEHbos,2021-03-24,-50,31,37,-46,-35,13
GR,Greece,Decentralized Administration of Attica,,,,,ChIJ46OMPb_HoRQROW96xvEHbos,2021-03-25,-69,-66,32,-69,-78,28
GR,Greece,Decentralized Administration of Attica,,,,,ChIJ46OMPb_HoRQROW96xvEHbos,2021-03-26,-55,19,30,-48,-36,15
GR,Greece,Decentralized Administration of Attica,,,,,ChIJ46OMPb_HoRQROW96xvEHbos,2021-03-27,-57,4,61,-46,-22,11
GR,Greece,Decentralized Administration of Attica,,,,,ChIJ46OMPb_HoRQROW96xvEHbos,2021-03-28,-54,16,93,-41,-20,9
GR,Greece,Decentralized Administration of Attica,,,,,ChIJ46OMPb_HoRQROW96xvEHbos,2021-03-29,-47,7,81,-44,-34,12
GR,Greece,Decentralized Administration of Attica,,,,,ChIJ46OMPb_HoRQROW96xvEHbos,2021-03-30,-51,8,37,-47,-34,13
GR,Greece,Decentralized Administration of Attica,,,,,ChIJ46OMPb_HoRQROW96xvEHbos,2021-03-31,-58,1,-10,-53,-36,15
GR,Greece,Decentralized Administration of Attica,,,,,ChIJ46OMPb_HoRQROW96xvEHbos,2021-04-01,-55,7,14,-48,-34,14
GR,Greece,Decentralized Administration of Attica,,,,,ChIJ46OMPb_HoRQROW96xvEHbos,2021-04-02,-51,17,56,-42,-33,13
GR,Greece,Decentralized Administration of Attica,,,,,ChIJ46OMPb_HoRQROW96xvEHbos,2021-04-03,-51,5,101,-38,-19,7
GR,Greece,Decentralized Administration of Attica,,,,,ChIJ46OMPb_HoRQROW96xvEHbos,2021-04-04,-49,25,110,-34,-19,7
GR,Greece,Decentralized Administration of Crete,,,,,ChIJg7ePxdcDmxQRmJlhKBGUMrs,2021-01-01,-70,-72,-10,-78,-75,16
GR,Greece,Decentralized Administration of Crete,,,,,ChIJg7ePxdcDmxQRmJlhKBGUMrs,2021-01-02,-67,-55,-6,-64,-45,11
GR,Greece,Decentralized Administration of Crete,,,,,ChIJg7ePxdcDmxQRmJlhKBGUMrs,2021-01-03,-60,55,19,-51,-27,8
GR,Greece,Decentralized Administration of Crete,,,,,ChIJg7ePxdcDmxQRmJlhKBGUMrs,2021-01-04,-51,4,-7,-54,-38,10
GR,Greece,Decentralized Administration of Crete,,,,,ChIJg7ePxdcDmxQRmJlhKBGUMrs,2021-01-05,-50,14,5,-52,-37,8
GR,Greece,Decentralized Administration of Crete,,,,,ChIJg7ePxdcDmxQRmJlhKBGUMrs,2021-01-06,-62,-59,27,-66,-70,18
GR,Greece,Decentralized Administration of Crete,,,,,ChIJg7ePxdcDmxQRmJlhKBGUMrs,2021-01-07,-47,8,15,-51,-35,8
GR,Greece,Decentralized Administration of Crete,,,,,ChIJg7ePxdcDmxQRmJlhKBGUMrs,2021-01-08,-55,1,-1,-53,-34,11
GR,Greece,Decentralized Administration of Crete,,,,,ChIJg7ePxdcDmxQRmJlhKBGUMrs,2021-01-09,-60,4,-11,-55,-26,9
GR,Greece,Decentralized Administration of Crete,,,,,ChIJg7ePxdcDmxQRmJlhKBGUMrs,2021-01-10,-59,0,28,-48,-27,7
GR,Greece,Decentralized Administration of Crete,,,,,ChIJg7ePxdcDmxQRmJlhKBGUMrs,2021-01-11,-47,5,7,-47,-30,8
GR,Greece,Decentralized Administration of Crete,,,,,ChIJg7ePxdcDmxQRmJlhKBGUMrs,2021-01-12,-53,-3,-17,-53,-32,9
GR,Greece,Decentralized Administration of Crete,,,,,ChIJg7ePxdcDmxQRmJlhKBGUMrs,2021-01-13,-53,0,-5,-52,-32,7
GR,Greece,Decentralized Administration of Crete,,,,,ChIJg7ePxdcDmxQRmJlhKBGUMrs,2021-01-14,-53,-5,-13,-52,-34,7
GR,Greece,Decentralized Administration of Crete,,,,,ChIJg7ePxdcDmxQRmJlhKBGUMrs,2021-01-15,-63,-11,-45,-56,-36,11
GR,Greece,Decentralized Administration of Crete,,,,,ChIJg7ePxdcDmxQRmJlhKBGUMrs,2021-01-16,-67,-6,-47,-60,-32,10
GR,Greece,Decentralized Administration of Crete,,,,,ChIJg7ePxdcDmxQRmJlhKBGUMrs,2021-01-17,-71,-9,-38,-61,-33,10
GR,Greece,Decentralized Administration of Crete,,,,,ChIJg7ePxdcDmxQRmJlhKBGUMrs,2021-01-18,-49,-14,-44,-56,-36,10
GR,Greece,Decentralized Administration of Crete,,,,,ChIJg7ePxdcDmxQRmJlhKBGUMrs,2021-01-19,-46,-8,-29,-52,-34,9
GR,Greece,Decentralized Administration of Crete,,,,,ChIJg7ePxdcDmxQRmJlhKBGUMrs,2021-01-20,-41,0,9,-52,-32,7
GR,Greece,Decentralized Administration of Crete,,,,,ChIJg7ePxdcDmxQRmJlhKBGUMrs,2021-01-21,-37,-3,12,-48,-31,6
GR,Greece,Decentralized Administration of Crete,,,,,ChIJg7ePxdcDmxQRmJlhKBGUMrs,2021-01-22,-44,0,-4,-49,-31,8
GR,Greece,Decentralized Administration of Crete,,,,,ChIJg7ePxdcDmxQRmJlhKBGUMrs,2021-01-23,-50,6,-10,-57,-25,6
GR,Greece,Decentralized Administration of Crete,,,,,ChIJg7ePxdcDmxQRmJlhKBGUMrs,2021-01-24,-56,32,10,-59,-25,7
GR,Greece,Decentralized Administration of Crete,,,,,ChIJg7ePxdcDmxQRmJlhKBGUMrs,2021-01-25,-41,-1,-3,-48,-31,7
GR,Greece,Decentralized Administration of Crete,,,,,ChIJg7ePxdcDmxQRmJlhKBGUMrs,2021-01-26,-43,-4,-12,-52,-31,7
GR,Greece,Decentralized Administration of Crete,,,,,ChIJg7ePxdcDmxQRmJlhKBGUMrs,2021-01-27,-46,-7,-21,-54,-31,9
GR,Greece,Decentralized Administration of Crete,,,,,ChIJg7ePxdcDmxQRmJlhKBGUMrs,2021-01-28,-38,0,-3,-50,-30,7
GR,Greece,Decentralized Administration of Crete,,,,,ChIJg7ePxdcDmxQRmJlhKBGUMrs,2021-01-29,-41,3,-6,-51,-29,7
GR,Greece,Decentralized Administration of Crete,,,,,ChIJg7ePxdcDmxQRmJlhKBGUMrs,2021-01-30,-47,9,-15,-59,-22,7
GR,Greece,Decentralized Administration of Crete,,,,,ChIJg7ePxdcDmxQRmJlhKBGUMrs,2021-01-31,-57,8,26,-53,-26,6
GR,Greece,Decentralized Administration of Crete,,,,,ChIJg7ePxdcDmxQRmJlhKBGUMrs,2021-02-01,-38,3,-3,-46,-27,4
GR,Greece,Decentralized Administration of Crete,,,,,ChIJg7ePxdcDmxQRmJlhKBGUMrs,2021-02-02,-40,0,1,-44,-28,4
GR,Greece,Decentralized Administration of Crete,,,,,ChIJg7ePxdcDmxQRmJlhKBGUMrs,2021-02-03,-43,-4,5,-47,-29,4
GR,Greece,Decentralized Administration of Crete,,,,,ChIJg7ePxdcDmxQRmJlhKBGUMrs,2021-02-04,-38,-4,13,-45,-29,2
GR,Greece,Decentralized Administration of Crete,,,,,ChIJg7ePxdcDmxQRmJlhKBGUMrs,2021-02-05,-44,1,2,-47,-29,4
GR,Greece,Decentralized Administration of Crete,,,,,ChIJg7ePxdcDmxQRmJlhKBGUMrs,2021-02-06,-50,3,6,-54,-25,4
GR,Greece,Decentralized Administration of Crete,,,,,ChIJg7ePxdcDmxQRmJlhKBGUMrs,2021-02-07,-63,-7,16,-56,-32,6
GR,Greece,Decentralized Administration of Crete,,,,,ChIJg7ePxdcDmxQRmJlhKBGUMrs,2021-02-08,-43,-2,-8,-46,-30,4
GR,Greece,Decentralized Administration of Crete,,,,,ChIJg7ePxdcDmxQRmJlhKBGUMrs,2021-02-09,-42,-2,0,-47,-30,4
GR,Greece,Decentralized Administration of Crete,,,,,ChIJg7ePxdcDmxQRmJlhKBGUMrs,2021-02-10,-41,2,19,-47,-29,3
GR,Greece,Decentralized Administration of Crete,,,,,ChIJg7ePxdcDmxQRmJlhKBGUMrs,2021-02-11,-40,2,9,-47,-29,3
GR,Greece,Decentralized Administration of Crete,,,,,ChIJg7ePxdcDmxQRmJlhKBGUMrs,2021-02-12,-44,7,0,-47,-29,4
GR,Greece,Decentralized Administration of Crete,,,,,ChIJg7ePxdcDmxQRmJlhKBGUMrs,2021-02-13,-49,13,0,-55,-25,4
GR,Greece,Decentralized Administration of Crete,,,,,ChIJg7ePxdcDmxQRmJlhKBGUMrs,2021-02-14,-64,-2,-7,-58,-31,7
GR,Greece,Decentralized Administration of Crete,,,,,ChIJg7ePxdcDmxQRmJlhKBGUMrs,2021-02-15,-56,-10,-49,-56,-34,9
GR,Greece,Decentralized Administration of Crete,,,,,ChIJg7ePxdcDmxQRmJlhKBGUMrs,2021-02-16,-63,-20,-56,-66,-45,14
GR,Greece,Decentralized Administration of Crete,,,,,ChIJg7ePxdcDmxQRmJlhKBGUMrs,2021-02-17,-57,-10,-40,-62,-42,13
GR,Greece,Decentralized Administration of Crete,,,,,ChIJg7ePxdcDmxQRmJlhKBGUMrs,2021-02-18,-42,4,-1,-47,-28,5
GR,Greece,Decentralized Administration of Crete,,,,,ChIJg7ePxdcDmxQRmJlhKBGUMrs,2021-02-19,-44,8,2,-50,-27,5
GR,Greece,Decentralized Administration of Crete,,,,,ChIJg7ePxdcDmxQRmJlhKBGUMrs,2021-02-20,-53,12,-3,-56,-25,6
GR,Greece,Decentralized Administration of Crete,,,,,ChIJg7ePxdcDmxQRmJlhKBGUMrs,2021-02-21,-73,-22,-46,-65,-36,11
GR,Greece,Decentralized Administration of Crete,,,,,ChIJg7ePxdcDmxQRmJlhKBGUMrs,2021-02-22,-47,4,-8,-51,-28,6
GR,Greece,Decentralized Administration of Crete,,,,,ChIJg7ePxdcDmxQRmJlhKBGUMrs,2021-02-23,-47,2,-5,-51,-29,5
GR,Greece,Decentralized Administration of Crete,,,,,ChIJg7ePxdcDmxQRmJlhKBGUMrs,2021-02-24,-45,5,15,-49,-27,5
GR,Greece,Decentralized Administration of Crete,,,,,ChIJg7ePxdcDmxQRmJlhKBGUMrs,2021-02-25,-48,3,-15,-45,-27,6
GR,Greece,Decentralized Administration of Crete,,,,,ChIJg7ePxdcDmxQRmJlhKBGUMrs,2021-02-26,-48,11,-5,-47,-26,6
GR,Greece,Decentralized Administration of Crete,,,,,ChIJg7ePxdcDmxQRmJlhKBGUMrs,2021-02-27,-50,16,7,-54,-24,5
GR,Greece,Decentralized Administration of Crete,,,,,ChIJg7ePxdcDmxQRmJlhKBGUMrs,2021-02-28,-62,-9,17,-58,-31,7
GR,Greece,Decentralized Administration of Crete,,,,,ChIJg7ePxdcDmxQRmJlhKBGUMrs,2021-03-01,-45,5,-4,-48,-27,5
GR,Greece,Decentralized Administration of Crete,,,,,ChIJg7ePxdcDmxQRmJlhKBGUMrs,2021-03-02,-51,1,-30,-53,-29,7
GR,Greece,Decentralized Administration of Crete,,,,,ChIJg7ePxdcDmxQRmJlhKBGUMrs,2021-03-03,-49,13,-19,-50,-29,7
GR,Greece,Decentralized Administration of Crete,,,,,ChIJg7ePxdcDmxQRmJlhKBGUMrs,2021-03-04,-51,9,-4,-50,-32,6
GR,Greece,Decentralized Administration of Crete,,,,,ChIJg7ePxdcDmxQRmJlhKBGUMrs,2021-03-05,-56,2,-10,-51,-33,9
GR,Greece,Decentralized Administration of Crete,,,,,ChIJg7ePxdcDmxQRmJlhKBGUMrs,2021-03-06,-57,12,-8,-54,-28,7
GR,Greece,Decentralized Administration of Crete,,,,,ChIJg7ePxdcDmxQRmJlhKBGUMrs,2021-03-07,-68,-18,-9,-60,-33,9
GR,Greece,Decentralized Administration of Crete,,,,,ChIJg7ePxdcDmxQRmJlhKBGUMrs,2021-03-08,-51,5,-14,-50,-33,8
GR,Greece,Decentralized Administration of Crete,,,,,ChIJg7ePxdcDmxQRmJlhKBGUMrs,2021-03-09,-52,1,-14,-51,-34,8
GR,Greece,Decentralized Administration of Crete,,,,,ChIJg7ePxdcDmxQRmJlhKBGUMrs,2021-03-10,-51,4,5,-50,-32,7
GR,Greece,Decentralized Administration of Crete,,,,,ChIJg7ePxdcDmxQRmJlhKBGUMrs,2021-03-11,-52,3,-19,-49,-33,8
GR,Greece,Decentralized Administration of Crete,,,,,ChIJg7ePxdcDmxQRmJlhKBGUMrs,2021-03-12,-52,18,-5,-48,-32,8
GR,Greece,Decentralized Administration of Crete,,,,,ChIJg7ePxdcDmxQRmJlhKBGUMrs,2021-03-13,-54,34,-5,-51,-25,6
GR,Greece,Decentralized Administration of Crete,,,,,ChIJg7ePxdcDmxQRmJlhKBGUMrs,2021-03-14,-69,0,-25,-65,-31,11
GR,Greece,Decentralized Administration of Crete,,,,,ChIJg7ePxdcDmxQRmJlhKBGUMrs,2021-03-15,-61,-40,4,-70,-73,14
GR,Greece,Decentralized Administration of Crete,,,,,ChIJg7ePxdcDmxQRmJlhKBGUMrs,2021-03-16,-59,-4,-31,-51,-37,9
GR,Greece,Decentralized Administration of Crete,,,,,ChIJg7ePxdcDmxQRmJlhKBGUMrs,2021-03-17,-55,4,-7,-50,-35,10
GR,Greece,Decentralized Administration of Crete,,,,,ChIJg7ePxdcDmxQRmJlhKBGUMrs,2021-03-18,-51,4,5,-48,-35,8
GR,Greece,Decentralized Administration of Crete,,,,,ChIJg7ePxdcDmxQRmJlhKBGUMrs,2021-03-19,-58,5,-13,-53,-35,11
GR,Greece,Decentralized Administration of Crete,,,,,ChIJg7ePxdcDmxQRmJlhKBGUMrs,2021-03-20,-54,19,7,-54,-25,6
GR,Greece,Decentralized Administration of Crete,,,,,ChIJg7ePxdcDmxQRmJlhKBGUMrs,2021-03-21,-57,7,35,-55,-28,7
GR,Greece,Decentralized Administration of Crete,,,,,ChIJg7ePxdcDmxQRmJlhKBGUMrs,2021-03-22,-45,11,11,-49,-33,7
GR,Greece,Decentralized Administration of Crete,,,,,ChIJg7ePxdcDmxQRmJlhKBGUMrs,2021-03-23,-53,1,-29,-54,-35,9
GR,Greece,Decentralized Administration of Crete,,,,,ChIJg7ePxdcDmxQRmJlhKBGUMrs,2021-03-24,-50,33,-20,-47,-35,8
GR,Greece,Decentralized Administration of Crete,,,,,ChIJg7ePxdcDmxQRmJlhKBGUMrs,2021-03-25,-70,-65,-29,-71,-72,19
GR,Greece,Decentralized Administration of Crete,,,,,ChIJg7ePxdcDmxQRmJlhKBGUMrs,2021-03-26,-52,19,-2,-53,-34,9
GR,Greece,Decentralized Administration of Crete,,,,,ChIJg7ePxdcDmxQRmJlhKBGUMrs,2021-03-27,-53,19,1,-48,-22,6
GR,Greece,Decentralized Administration of Crete,,,,,ChIJg7ePxdcDmxQRmJlhKBGUMrs,2021-03-28,-55,11,54,-47,-28,5
GR,Greece,Decentralized Administration of Crete,,,,,ChIJg7ePxdcDmxQRmJlhKBGUMrs,2021-03-29,-43,11,27,-47,-31,6
GR,Greece,Decentralized Administration of Crete,,,,,ChIJg7ePxdcDmxQRmJlhKBGUMrs,2021-03-30,-49,10,-9,-49,-33,7
GR,Greece,Decentralized Administration of Crete,,,,,ChIJg7ePxdcDmxQRmJlhKBGUMrs,2021-03-31,-56,1,-36,-53,-36,10
GR,Greece,Decentralized Administration of Crete,,,,,ChIJg7ePxdcDmxQRmJlhKBGUMrs,2021-04-01,-53,3,-26,-47,-34,10
GR,Greece,Decentralized Administration of Crete,,,,,ChIJg7ePxdcDmxQRmJlhKBGUMrs,2021-04-02,-47,20,22,-45,-30,8
GR,Greece,Decentralized Administration of Crete,,,,,ChIJg7ePxdcDmxQRmJlhKBGUMrs,2021-04-03,-47,22,30,-45,-20,3
GR,Greece,Decentralized Administration of Crete,,,,,ChIJg7ePxdcDmxQRmJlhKBGUMrs,2021-04-04,-55,11,34,-53,-28,5
GR,Greece,Decentralized Administration of Epirus and Western Macedonia,,,,,ChIJU3RRff6AWRMRtvnowr0VAGQ,2021-01-01,-75,-76,-10,-83,-74,22
GR,Greece,Decentralized Administration of Epirus and Western Macedonia,,,,,ChIJU3RRff6AWRMRtvnowr0VAGQ,2021-01-02,-70,-67,-2,-68,-49,15
GR,Greece,Decentralized Administration of Epirus and Western Macedonia,,,,,ChIJU3RRff6AWRMRtvnowr0VAGQ,2021-01-03,-67,81,-16,-56,-35,13
GR,Greece,Decentralized Administration of Epirus and Western Macedonia,,,,,ChIJU3RRff6AWRMRtvnowr0VAGQ,2021-01-04,-62,-2,-30,-62,-39,14
GR,Greece,Decentralized Administration of Epirus and Western Macedonia,,,,,ChIJU3RRff6AWRMRtvnowr0VAGQ,2021-01-05,-53,19,10,-52,-37,11
GR,Greece,Decentralized Administration of Epirus and Western Macedonia,,,,,ChIJU3RRff6AWRMRtvnowr0VAGQ,2021-01-06,-72,-71,-28,-75,-69,20
GR,Greece,Decentralized Administration of Epirus and Western Macedonia,,,,,ChIJU3RRff6AWRMRtvnowr0VAGQ,2021-01-07,-59,7,-19,-59,-36,12
GR,Greece,Decentralized Administration of Epirus and Western Macedonia,,,,,ChIJU3RRff6AWRMRtvnowr0VAGQ,2021-01-08,-60,0,-14,-57,-35,14
GR,Greece,Decentralized Administration of Epirus and Western Macedonia,,,,,ChIJU3RRff6AWRMRtvnowr0VAGQ,2021-01-09,-63,3,-8,-54,-30,12
GR,Greece,Decentralized Administration of Epirus and Western Macedonia,,,,,ChIJU3RRff6AWRMRtvnowr0VAGQ,2021-01-10,-67,5,0,-60,-33,11
GR,Greece,Decentralized Administration of Epirus and Western Macedonia,,,,,ChIJU3RRff6AWRMRtvnowr0VAGQ,2021-01-11,-59,-6,-29,-61,-30,11
GR,Greece,Decentralized Administration of Epirus and Western Macedonia,,,,,ChIJU3RRff6AWRMRtvnowr0VAGQ,2021-01-12,-55,3,10,-53,-30,9
GR,Greece,Decentralized Administration of Epirus and Western Macedonia,,,,,ChIJU3RRff6AWRMRtvnowr0VAGQ,2021-01-13,-58,0,-9,-60,-34,7
GR,Greece,Decentralized Administration of Epirus and Western Macedonia,,,,,ChIJU3RRff6AWRMRtvnowr0VAGQ,2021-01-14,-59,-4,-10,-62,-35,8
GR,Greece,Decentralized Administration of Epirus and Western Macedonia,,,,,ChIJU3RRff6AWRMRtvnowr0VAGQ,2021-01-15,-64,-6,-21,-64,-39,10
GR,Greece,Decentralized Administration of Epirus and Western Macedonia,,,,,ChIJU3RRff6AWRMRtvnowr0VAGQ,2021-01-16,-71,-13,-35,-67,-42,12
GR,Greece,Decentralized Administration of Epirus and Western Macedonia,,,,,ChIJU3RRff6AWRMRtvnowr0VAGQ,2021-01-17,-72,-8,-18,-65,-41,11
GR,Greece,Decentralized Administration of Epirus and Western Macedonia,,,,,ChIJU3RRff6AWRMRtvnowr0VAGQ,2021-01-18,-49,-10,-11,-61,-35,8
GR,Greece,Decentralized Administration of Epirus and Western Macedonia,,,,,ChIJU3RRff6AWRMRtvnowr0VAGQ,2021-01-19,-50,-11,-5,-59,-34,9
GR,Greece,Decentralized Administration of Epirus and Western Macedonia,,,,,ChIJU3RRff6AWRMRtvnowr0VAGQ,2021-01-20,-52,-6,-10,-58,-35,8
GR,Greece,Decentralized Administration of Epirus and Western Macedonia,,,,,ChIJU3RRff6AWRMRtvnowr0VAGQ,2021-01-21,-53,-5,-28,-59,-33,9
GR,Greece,Decentralized Administration of Epirus and Western Macedonia,,,,,ChIJU3RRff6AWRMRtvnowr0VAGQ,2021-01-22,-52,-3,-17,-58,-33,10
GR,Greece,Decentralized Administration of Epirus and Western Macedonia,,,,,ChIJU3RRff6AWRMRtvnowr0VAGQ,2021-01-23,-62,-4,-46,-56,-32,10
GR,Greece,Decentralized Administration of Epirus and Western Macedonia,,,,,ChIJU3RRff6AWRMRtvnowr0VAGQ,2021-01-24,-64,35,-25,-60,-32,10
GR,Greece,Decentralized Administration of Epirus and Western Macedonia,,,,,ChIJU3RRff6AWRMRtvnowr0VAGQ,2021-01-25,-49,-6,-1,-59,-31,8
GR,Greece,Decentralized Administration of Epirus and Western Macedonia,,,,,ChIJU3RRff6AWRMRtvnowr0VAGQ,2021-01-26,-55,-12,-31,-60,-32,10
GR,Greece,Decentralized Administration of Epirus and Western Macedonia,,,,,ChIJU3RRff6AWRMRtvnowr0VAGQ,2021-01-27,-52,-3,-11,-66,-33,9
GR,Greece,Decentralized Administration of Epirus and Western Macedonia,,,,,ChIJU3RRff6AWRMRtvnowr0VAGQ,2021-01-28,-47,4,2,-61,-30,7
GR,Greece,Decentralized Administration of Epirus and Western Macedonia,,,,,ChIJU3RRff6AWRMRtvnowr0VAGQ,2021-01-29,-49,4,-14,-63,-30,9
GR,Greece,Decentralized Administration of Epirus and Western Macedonia,,,,,ChIJU3RRff6AWRMRtvnowr0VAGQ,2021-01-30,-53,7,-6,-59,-27,8
GR,Greece,Decentralized Administration of Epirus and Western Macedonia,,,,,ChIJU3RRff6AWRMRtvnowr0VAGQ,2021-01-31,-69,0,-21,-67,-33,10
GR,Greece,Decentralized Administration of Epirus and Western Macedonia,,,,,ChIJU3RRff6AWRMRtvnowr0VAGQ,2021-02-01,-48,1,-11,-59,-26,6
GR,Greece,Decentralized Administration of Epirus and Western Macedonia,,,,,ChIJU3RRff6AWRMRtvnowr0VAGQ,2021-02-02,-50,-3,-15,-57,-26,6
GR,Greece,Decentralized Administration of Epirus and Western Macedonia,,,,,ChIJU3RRff6AWRMRtvnowr0VAGQ,2021-02-03,-48,-2,11,-58,-29,3
GR,Greece,Decentralized Administration of Epirus and Western Macedonia,,,,,ChIJU3RRff6AWRMRtvnowr0VAGQ,2021-02-04,-48,-1,9,-56,-28,3
GR,Greece,Decentralized Administration of Epirus and Western Macedonia,,,,,ChIJU3RRff6AWRMRtvnowr0VAGQ,2021-02-05,-49,2,9,-59,-29,4
GR,Greece,Decentralized Administration of Epirus and Western Macedonia,,,,,ChIJU3RRff6AWRMRtvnowr0VAGQ,2021-02-06,-53,0,22,-54,-29,5
GR,Greece,Decentralized Administration of Epirus and Western Macedonia,,,,,ChIJU3RRff6AWRMRtvnowr0VAGQ,2021-02-07,-66,3,16,-65,-35,6
GR,Greece,Decentralized Administration of Epirus and Western Macedonia,,,,,ChIJU3RRff6AWRMRtvnowr0VAGQ,2021-02-08,-56,-9,-22,-65,-30,5
GR,Greece,Decentralized Administration of Epirus and Western Macedonia,,,,,ChIJU3RRff6AWRMRtvnowr0VAGQ,2021-02-09,-52,-3,-17,-57,-28,5
GR,Greece,Decentralized Administration of Epirus and Western Macedonia,,,,,ChIJU3RRff6AWRMRtvnowr0VAGQ,2021-02-10,-49,0,15,-59,-30,4
GR,Greece,Decentralized Administration of Epirus and Western Macedonia,,,,,ChIJU3RRff6AWRMRtvnowr0VAGQ,2021-02-11,-53,4,-21,-61,-28,5
GR,Greece,Decentralized Administration of Epirus and Western Macedonia,,,,,ChIJU3RRff6AWRMRtvnowr0VAGQ,2021-02-12,-49,16,5,-56,-28,4
GR,Greece,Decentralized Administration of Epirus and Western Macedonia,,,,,ChIJU3RRff6AWRMRtvnowr0VAGQ,2021-02-13,-65,-2,-51,-70,-35,10
GR,Greece,Decentralized Administration of Epirus and Western Macedonia,,,,,ChIJU3RRff6AWRMRtvnowr0VAGQ,2021-02-14,-74,-10,-29,-76,-49,13
GR,Greece,Decentralized Administration of Epirus and Western Macedonia,,,,,ChIJU3RRff6AWRMRtvnowr0VAGQ,2021-02-15,-63,-18,-26,-72,-42,12
GR,Greece,Decentralized Administration of Epirus and Western Macedonia,,,,,ChIJU3RRff6AWRMRtvnowr0VAGQ,2021-02-16,-56,-5,-11,-68,-34,9
GR,Greece,Decentralized Administration of Epirus and Western Macedonia,,,,,ChIJU3RRff6AWRMRtvnowr0VAGQ,2021-02-17,-53,3,-1,-65,-33,7
GR,Greece,Decentralized Administration of Epirus and Western Macedonia,,,,,ChIJU3RRff6AWRMRtvnowr0VAGQ,2021-02-18,-50,7,4,-61,-30,6
GR,Greece,Decentralized Administration of Epirus and Western Macedonia,,,,,ChIJU3RRff6AWRMRtvnowr0VAGQ,2021-02-19,-50,8,8,-63,-30,7
GR,Greece,Decentralized Administration of Epirus and Western Macedonia,,,,,ChIJU3RRff6AWRMRtvnowr0VAGQ,2021-02-20,-55,8,6,-59,-30,6
GR,Greece,Decentralized Administration of Epirus and Western Macedonia,,,,,ChIJU3RRff6AWRMRtvnowr0VAGQ,2021-02-21,-61,18,35,-59,-35,6
GR,Greece,Decentralized Administration of Epirus and Western Macedonia,,,,,ChIJU3RRff6AWRMRtvnowr0VAGQ,2021-02-22,-47,3,20,-58,-25,2
GR,Greece,Decentralized Administration of Epirus and Western Macedonia,,,,,ChIJU3RRff6AWRMRtvnowr0VAGQ,2021-02-23,-44,6,26,-60,-25,3
GR,Greece,Decentralized Administration of Epirus and Western Macedonia,,,,,ChIJU3RRff6AWRMRtvnowr0VAGQ,2021-02-24,-45,12,29,-55,-27,2
GR,Greece,Decentralized Administration of Epirus and Western Macedonia,,,,,ChIJU3RRff6AWRMRtvnowr0VAGQ,2021-02-25,-44,16,20,-54,-25,2
GR,Greece,Decentralized Administration of Epirus and Western Macedonia,,,,,ChIJU3RRff6AWRMRtvnowr0VAGQ,2021-02-26,-44,19,27,-53,-26,3
GR,Greece,Decentralized Administration of Epirus and Western Macedonia,,,,,ChIJU3RRff6AWRMRtvnowr0VAGQ,2021-02-27,-50,14,23,-51,-30,4
GR,Greece,Decentralized Administration of Epirus and Western Macedonia,,,,,ChIJU3RRff6AWRMRtvnowr0VAGQ,2021-02-28,-63,14,25,-56,-36,6
GR,Greece,Decentralized Administration of Epirus and Western Macedonia,,,,,ChIJU3RRff6AWRMRtvnowr0VAGQ,2021-03-01,-46,5,23,-50,-25,2
GR,Greece,Decentralized Administration of Epirus and Western Macedonia,,,,,ChIJU3RRff6AWRMRtvnowr0VAGQ,2021-03-02,-45,8,23,-54,-26,3
GR,Greece,Decentralized Administration of Epirus and Western Macedonia,,,,,ChIJU3RRff6AWRMRtvnowr0VAGQ,2021-03-03,-43,23,27,-56,-27,2
GR,Greece,Decentralized Administration of Epirus and Western Macedonia,,,,,ChIJU3RRff6AWRMRtvnowr0VAGQ,2021-03-04,-52,11,9,-62,-31,4
GR,Greece,Decentralized Administration of Epirus and Western Macedonia,,,,,ChIJU3RRff6AWRMRtvnowr0VAGQ,2021-03-05,-55,7,2,-60,-33,7
GR,Greece,Decentralized Administration of Epirus and Western Macedonia,,,,,ChIJU3RRff6AWRMRtvnowr0VAGQ,2021-03-06,-61,8,-12,-61,-34,7
GR,Greece,Decentralized Administration of Epirus and Western Macedonia,,,,,ChIJU3RRff6AWRMRtvnowr0VAGQ,2021-03-07,-65,11,17,-60,-38,8
GR,Greece,Decentralized Administration of Epirus and Western Macedonia,,,,,ChIJU3RRff6AWRMRtvnowr0VAGQ,2021-03-08,-52,1,9,-58,-31,5
GR,Greece,Decentralized Administration of Epirus and Western Macedonia,,,,,ChIJU3RRff6AWRMRtvnowr0VAGQ,2021-03-09,-51,4,17,-62,-31,5
GR,Greece,Decentralized Administration of Epirus and Western Macedonia,,,,,ChIJU3RRff6AWRMRtvnowr0VAGQ,2021-03-10,-56,7,-16,-64,-34,7
GR,Greece,Decentralized Administration of Epirus and Western Macedonia,,,,,ChIJU3RRff6AWRMRtvnowr0VAGQ,2021-03-11,-53,9,11,-60,-34,6
GR,Greece,Decentralized Administration of Epirus and Western Macedonia,,,,,ChIJU3RRff6AWRMRtvnowr0VAGQ,2021-03-12,-51,24,20,-57,-31,6
GR,Greece,Decentralized Administration of Epirus and Western Macedonia,,,,,ChIJU3RRff6AWRMRtvnowr0VAGQ,2021-03-13,-57,26,15,-53,-33,5
GR,Greece,Decentralized Administration of Epirus and Western Macedonia,,,,,ChIJU3RRff6AWRMRtvnowr0VAGQ,2021-03-14,-61,30,33,-60,-33,6
GR,Greece,Decentralized Administration of Epirus and Western Macedonia,,,,,ChIJU3RRff6AWRMRtvnowr0VAGQ,2021-03-15,-70,-59,-18,-77,-72,16
GR,Greece,Decentralized Administration of Epirus and Western Macedonia,,,,,ChIJU3RRff6AWRMRtvnowr0VAGQ,2021-03-16,-58,4,-4,-63,-36,8
GR,Greece,Decentralized Administration of Epirus and Western Macedonia,,,,,ChIJU3RRff6AWRMRtvnowr0VAGQ,2021-03-17,-57,9,1,-64,-38,8
GR,Greece,Decentralized Administration of Epirus and Western Macedonia,,,,,ChIJU3RRff6AWRMRtvnowr0VAGQ,2021-03-18,-57,7,0,-64,-37,8
GR,Greece,Decentralized Administration of Epirus and Western Macedonia,,,,,ChIJU3RRff6AWRMRtvnowr0VAGQ,2021-03-19,-58,8,9,-66,-36,9
GR,Greece,Decentralized Administration of Epirus and Western Macedonia,,,,,ChIJU3RRff6AWRMRtvnowr0VAGQ,2021-03-20,-68,6,-41,-68,-35,10
GR,Greece,Decentralized Administration of Epirus and Western Macedonia,,,,,ChIJU3RRff6AWRMRtvnowr0VAGQ,2021-03-21,-73,-9,-23,-69,-40,12
GR,Greece,Decentralized Administration of Epirus and Western Macedonia,,,,,ChIJU3RRff6AWRMRtvnowr0VAGQ,2021-03-22,-58,2,-12,-68,-36,9
GR,Greece,Decentralized Administration of Epirus and Western Macedonia,,,,,ChIJU3RRff6AWRMRtvnowr0VAGQ,2021-03-23,-57,10,-6,-67,-36,9
GR,Greece,Decentralized Administration of Epirus and Western Macedonia,,,,,ChIJU3RRff6AWRMRtvnowr0VAGQ,2021-03-24,-50,37,22,-60,-37,6
GR,Greece,Decentralized Administration of Epirus and Western Macedonia,,,,,ChIJU3RRff6AWRMRtvnowr0VAGQ,2021-03-25,-65,-61,47,-75,-69,16
GR,Greece,Decentralized Administration of Epirus and Western Macedonia,,,,,ChIJU3RRff6AWRMRtvnowr0VAGQ,2021-03-26,-52,23,24,-61,-36,8
GR,Greece,Decentralized Administration of Epirus and Western Macedonia,,,,,ChIJU3RRff6AWRMRtvnowr0VAGQ,2021-03-27,-55,16,37,-53,-32,6
GR,Greece,Decentralized Administration of Epirus and Western Macedonia,,,,,ChIJU3RRff6AWRMRtvnowr0VAGQ,2021-03-28,-59,31,57,-55,-34,6
GR,Greece,Decentralized Administration of Epirus and Western Macedonia,,,,,ChIJU3RRff6AWRMRtvnowr0VAGQ,2021-03-29,-50,7,40,-63,-34,5
GR,Greece,Decentralized Administration of Epirus and Western Macedonia,,,,,ChIJU3RRff6AWRMRtvnowr0VAGQ,2021-03-30,-49,16,51,-59,-34,6
GR,Greece,Decentralized Administration of Epirus and Western Macedonia,,,,,ChIJU3RRff6AWRMRtvnowr0VAGQ,2021-03-31,-47,22,47,-59,-36,5
GR,Greece,Decentralized Administration of Epirus and Western Macedonia,,,,,ChIJU3RRff6AWRMRtvnowr0VAGQ,2021-04-01,-48,20,48,-56,-35,5
GR,Greece,Decentralized Administration of Epirus and Western Macedonia,,,,,ChIJU3RRff6AWRMRtvnowr0VAGQ,2021-04-02,-50,21,41,-59,-34,7
GR,Greece,Decentralized Administration of Epirus and Western Macedonia,,,,,ChIJU3RRff6AWRMRtvnowr0VAGQ,2021-04-03,-54,17,35,-54,-30,4
GR,Greece,Decentralized Administration of Epirus and Western Macedonia,,,,,ChIJU3RRff6AWRMRtvnowr0VAGQ,2021-04-04,-60,23,50,-58,-34,6
GR,Greece,Decentralized Administration of Macedonia and Thrace,,,,,ChIJ18P0sJ04qRQRlpORtPMYgD8,2021-01-01,-76,-74,-4,-82,-79,24
GR,Greece,Decentralized Administration of Macedonia and Thrace,,,,,ChIJ18P0sJ04qRQRlpORtPMYgD8,2021-01-02,-72,-66,-2,-68,-50,16
GR,Greece,Decentralized Administration of Macedonia and Thrace,,,,,ChIJ18P0sJ04qRQRlpORtPMYgD8,2021-01-03,-65,63,5,-63,-30,13
GR,Greece,Decentralized Administration of Macedonia and Thrace,,,,,ChIJ18P0sJ04qRQRlpORtPMYgD8,2021-01-04,-63,-11,-49,-62,-42,15
GR,Greece,Decentralized Administration of Macedonia and Thrace,,,,,ChIJ18P0sJ04qRQRlpORtPMYgD8,2021-01-05,-53,16,10,-53,-38,12
GR,Greece,Decentralized Administration of Macedonia and Thrace,,,,,ChIJ18P0sJ04qRQRlpORtPMYgD8,2021-01-06,-66,-65,21,-70,-73,22
GR,Greece,Decentralized Administration of Macedonia and Thrace,,,,,ChIJ18P0sJ04qRQRlpORtPMYgD8,2021-01-07,-58,5,-12,-54,-38,13
GR,Greece,Decentralized Administration of Macedonia and Thrace,,,,,ChIJ18P0sJ04qRQRlpORtPMYgD8,2021-01-08,-60,-1,-14,-59,-36,16
GR,Greece,Decentralized Administration of Macedonia and Thrace,,,,,ChIJ18P0sJ04qRQRlpORtPMYgD8,2021-01-09,-66,-1,-28,-62,-31,13
GR,Greece,Decentralized Administration of Macedonia and Thrace,,,,,ChIJ18P0sJ04qRQRlpORtPMYgD8,2021-01-10,-75,-23,-46,-62,-34,14
GR,Greece,Decentralized Administration of Macedonia and Thrace,,,,,ChIJ18P0sJ04qRQRlpORtPMYgD8,2021-01-11,-58,-5,-42,-59,-32,12
GR,Greece,Decentralized Administration of Macedonia and Thrace,,,,,ChIJ18P0sJ04qRQRlpORtPMYgD8,2021-01-12,-60,-5,-32,-58,-33,12
GR,Greece,Decentralized Administration of Macedonia and Thrace,,,,,ChIJ18P0sJ04qRQRlpORtPMYgD8,2021-01-13,-58,-2,-21,-55,-33,9
GR,Greece,Decentralized Administration of Macedonia and Thrace,,,,,ChIJ18P0sJ04qRQRlpORtPMYgD8,2021-01-14,-61,-7,-26,-58,-36,9
GR,Greece,Decentralized Administration of Macedonia and Thrace,,,,,ChIJ18P0sJ04qRQRlpORtPMYgD8,2021-01-15,-64,-7,-32,-63,-38,12
GR,Greece,Decentralized Administration of Macedonia and Thrace,,,,,ChIJ18P0sJ04qRQRlpORtPMYgD8,2021-01-16,-74,-18,-52,-72,-42,13
GR,Greece,Decentralized Administration of Macedonia and Thrace,,,,,ChIJ18P0sJ04qRQRlpORtPMYgD8,2021-01-17,-74,-8,-37,-71,-39,12
GR,Greece,Decentralized Administration of Macedonia and Thrace,,,,,ChIJ18P0sJ04qRQRlpORtPMYgD8,2021-01-18,-44,-11,-33,-56,-35,9
GR,Greece,Decentralized Administration of Macedonia and Thrace,,,,,ChIJ18P0sJ04qRQRlpORtPMYgD8,2021-01-19,-48,-12,-32,-54,-35,9
GR,Greece,Decentralized Administration of Macedonia and Thrace,,,,,ChIJ18P0sJ04qRQRlpORtPMYgD8,2021-01-20,-47,-7,-20,-50,-33,9
GR,Greece,Decentralized Administration of Macedonia and Thrace,,,,,ChIJ18P0sJ04qRQRlpORtPMYgD8,2021-01-21,-47,-5,-12,-51,-33,9
GR,Greece,Decentralized Administration of Macedonia and Thrace,,,,,ChIJ18P0sJ04qRQRlpORtPMYgD8,2021-01-22,-49,-3,-13,-55,-33,11
GR,Greece,Decentralized Administration of Macedonia and Thrace,,,,,ChIJ18P0sJ04qRQRlpORtPMYgD8,2021-01-23,-55,-3,-28,-55,-29,9
GR,Greece,Decentralized Administration of Macedonia and Thrace,,,,,ChIJ18P0sJ04qRQRlpORtPMYgD8,2021-01-24,-53,37,14,-59,-26,9
GR,Greece,Decentralized Administration of Macedonia and Thrace,,,,,ChIJ18P0sJ04qRQRlpORtPMYgD8,2021-01-25,-43,-6,-14,-53,-32,8
GR,Greece,Decentralized Administration of Macedonia and Thrace,,,,,ChIJ18P0sJ04qRQRlpORtPMYgD8,2021-01-26,-53,-12,-44,-55,-33,9
GR,Greece,Decentralized Administration of Macedonia and Thrace,,,,,ChIJ18P0sJ04qRQRlpORtPMYgD8,2021-01-27,-53,-9,-39,-57,-33,10
GR,Greece,Decentralized Administration of Macedonia and Thrace,,,,,ChIJ18P0sJ04qRQRlpORtPMYgD8,2021-01-28,-47,0,-17,-53,-32,9
GR,Greece,Decentralized Administration of Macedonia and Thrace,,,,,ChIJ18P0sJ04qRQRlpORtPMYgD8,2021-01-29,-46,3,-12,-55,-31,10
GR,Greece,Decentralized Administration of Macedonia and Thrace,,,,,ChIJ18P0sJ04qRQRlpORtPMYgD8,2021-01-30,-52,4,-22,-57,-27,9
GR,Greece,Decentralized Administration of Macedonia and Thrace,,,,,ChIJ18P0sJ04qRQRlpORtPMYgD8,2021-01-31,-64,3,5,-64,-29,10
GR,Greece,Decentralized Administration of Macedonia and Thrace,,,,,ChIJ18P0sJ04qRQRlpORtPMYgD8,2021-02-01,-42,1,-13,-52,-29,6
GR,Greece,Decentralized Administration of Macedonia and Thrace,,,,,ChIJ18P0sJ04qRQRlpORtPMYgD8,2021-02-02,-43,1,-3,-49,-28,6
GR,Greece,Decentralized Administration of Macedonia and Thrace,,,,,ChIJ18P0sJ04qRQRlpORtPMYgD8,2021-02-03,-46,-3,3,-48,-29,6
GR,Greece,Decentralized Administration of Macedonia and Thrace,,,,,ChIJ18P0sJ04qRQRlpORtPMYgD8,2021-02-04,-46,1,3,-49,-30,5
GR,Greece,Decentralized Administration of Macedonia and Thrace,,,,,ChIJ18P0sJ04qRQRlpORtPMYgD8,2021-02-05,-47,1,-2,-51,-30,7
GR,Greece,Decentralized Administration of Macedonia and Thrace,,,,,ChIJ18P0sJ04qRQRlpORtPMYgD8,2021-02-06,-64,-4,-13,-60,-32,9
GR,Greece,Decentralized Administration of Macedonia and Thrace,,,,,ChIJ18P0sJ04qRQRlpORtPMYgD8,2021-02-07,-69,-12,-5,-66,-34,10
GR,Greece,Decentralized Administration of Macedonia and Thrace,,,,,ChIJ18P0sJ04qRQRlpORtPMYgD8,2021-02-08,-51,-5,-27,-55,-31,7
GR,Greece,Decentralized Administration of Macedonia and Thrace,,,,,ChIJ18P0sJ04qRQRlpORtPMYgD8,2021-02-09,-50,1,-6,-52,-30,7
GR,Greece,Decentralized Administration of Macedonia and Thrace,,,,,ChIJ18P0sJ04qRQRlpORtPMYgD8,2021-02-10,-49,2,4,-49,-30,6
GR,Greece,Decentralized Administration of Macedonia and Thrace,,,,,ChIJ18P0sJ04qRQRlpORtPMYgD8,2021-02-11,-53,6,-17,-52,-31,7
GR,Greece,Decentralized Administration of Macedonia and Thrace,,,,,ChIJ18P0sJ04qRQRlpORtPMYgD8,2021-02-12,-55,14,-27,-53,-31,8
GR,Greece,Decentralized Administration of Macedonia and Thrace,,,,,ChIJ18P0sJ04qRQRlpORtPMYgD8,2021-02-13,-71,-5,-57,-67,-38,12
GR,Greece,Decentralized Administration of Macedonia and Thrace,,,,,ChIJ18P0sJ04qRQRlpORtPMYgD8,2021-02-14,-75,-23,-32,-76,-49,15
GR,Greece,Decentralized Administration of Macedonia and Thrace,,,,,ChIJ18P0sJ04qRQRlpORtPMYgD8,2021-02-15,-60,-14,-41,-64,-43,13
GR,Greece,Decentralized Administration of Macedonia and Thrace,,,,,ChIJ18P0sJ04qRQRlpORtPMYgD8,2021-02-16,-58,-6,-31,-61,-38,12
GR,Greece,Decentralized Administration of Macedonia and Thrace,,,,,ChIJ18P0sJ04qRQRlpORtPMYgD8,2021-02-17,-54,1,-14,-54,-32,9
GR,Greece,Decentralized Administration of Macedonia and Thrace,,,,,ChIJ18P0sJ04qRQRlpORtPMYgD8,2021-02-18,-53,6,-7,-49,-30,7
GR,Greece,Decentralized Administration of Macedonia and Thrace,,,,,ChIJ18P0sJ04qRQRlpORtPMYgD8,2021-02-19,-53,9,-4,-53,-29,9
GR,Greece,Decentralized Administration of Macedonia and Thrace,,,,,ChIJ18P0sJ04qRQRlpORtPMYgD8,2021-02-20,-63,2,-18,-59,-32,9
GR,Greece,Decentralized Administration of Macedonia and Thrace,,,,,ChIJ18P0sJ04qRQRlpORtPMYgD8,2021-02-21,-65,2,16,-63,-33,9
GR,Greece,Decentralized Administration of Macedonia and Thrace,,,,,ChIJ18P0sJ04qRQRlpORtPMYgD8,2021-02-22,-48,2,2,-50,-28,6
GR,Greece,Decentralized Administration of Macedonia and Thrace,,,,,ChIJ18P0sJ04qRQRlpORtPMYgD8,2021-02-23,-49,4,11,-49,-28,6
GR,Greece,Decentralized Administration of Macedonia and Thrace,,,,,ChIJ18P0sJ04qRQRlpORtPMYgD8,2021-02-24,-48,6,20,-46,-27,6
GR,Greece,Decentralized Administration of Macedonia and Thrace,,,,,ChIJ18P0sJ04qRQRlpORtPMYgD8,2021-02-25,-48,11,20,-45,-28,5
GR,Greece,Decentralized Administration of Macedonia and Thrace,,,,,ChIJ18P0sJ04qRQRlpORtPMYgD8,2021-02-26,-48,16,17,-47,-27,7
GR,Greece,Decentralized Administration of Macedonia and Thrace,,,,,ChIJ18P0sJ04qRQRlpORtPMYgD8,2021-02-27,-56,9,16,-53,-29,6
GR,Greece,Decentralized Administration of Macedonia and Thrace,,,,,ChIJ18P0sJ04qRQRlpORtPMYgD8,2021-02-28,-67,0,-3,-62,-33,9
GR,Greece,Decentralized Administration of Macedonia and Thrace,,,,,ChIJ18P0sJ04qRQRlpORtPMYgD8,2021-03-01,-44,8,7,-47,-26,5
GR,Greece,Decentralized Administration of Macedonia and Thrace,,,,,ChIJ18P0sJ04qRQRlpORtPMYgD8,2021-03-02,-47,9,7,-45,-27,6
GR,Greece,Decentralized Administration of Macedonia and Thrace,,,,,ChIJ18P0sJ04qRQRlpORtPMYgD8,2021-03-03,-45,17,23,-44,-27,5
GR,Greece,Decentralized Administration of Macedonia and Thrace,,,,,ChIJ18P0sJ04qRQRlpORtPMYgD8,2021-03-04,-55,9,2,-52,-32,7
GR,Greece,Decentralized Administration of Macedonia and Thrace,,,,,ChIJ18P0sJ04qRQRlpORtPMYgD8,2021-03-05,-57,6,0,-55,-33,10
GR,Greece,Decentralized Administration of Macedonia and Thrace,,,,,ChIJ18P0sJ04qRQRlpORtPMYgD8,2021-03-06,-65,4,-18,-61,-32,9
GR,Greece,Decentralized Administration of Macedonia and Thrace,,,,,ChIJ18P0sJ04qRQRlpORtPMYgD8,2021-03-07,-70,-6,-15,-66,-35,11
GR,Greece,Decentralized Administration of Macedonia and Thrace,,,,,ChIJ18P0sJ04qRQRlpORtPMYgD8,2021-03-08,-50,4,2,-53,-32,7
GR,Greece,Decentralized Administration of Macedonia and Thrace,,,,,ChIJ18P0sJ04qRQRlpORtPMYgD8,2021-03-09,-57,2,-19,-56,-33,9
GR,Greece,Decentralized Administration of Macedonia and Thrace,,,,,ChIJ18P0sJ04qRQRlpORtPMYgD8,2021-03-10,-57,3,-20,-51,-33,9
GR,Greece,Decentralized Administration of Macedonia and Thrace,,,,,ChIJ18P0sJ04qRQRlpORtPMYgD8,2021-03-11,-57,9,-12,-51,-34,9
GR,Greece,Decentralized Administration of Macedonia and Thrace,,,,,ChIJ18P0sJ04qRQRlpORtPMYgD8,2021-03-12,-55,19,2,-53,-32,10
GR,Greece,Decentralized Administration of Macedonia and Thrace,,,,,ChIJ18P0sJ04qRQRlpORtPMYgD8,2021-03-13,-59,21,8,-54,-29,8
GR,Greece,Decentralized Administration of Macedonia and Thrace,,,,,ChIJ18P0sJ04qRQRlpORtPMYgD8,2021-03-14,-59,26,40,-63,-28,8
GR,Greece,Decentralized Administration of Macedonia and Thrace,,,,,ChIJ18P0sJ04qRQRlpORtPMYgD8,2021-03-15,-64,-54,-6,-69,-74,18
GR,Greece,Decentralized Administration of Macedonia and Thrace,,,,,ChIJ18P0sJ04qRQRlpORtPMYgD8,2021-03-16,-59,6,-31,-51,-35,9
GR,Greece,Decentralized Administration of Macedonia and Thrace,,,,,ChIJ18P0sJ04qRQRlpORtPMYgD8,2021-03-17,-57,6,-16,-49,-34,10
GR,Greece,Decentralized Administration of Macedonia and Thrace,,,,,ChIJ18P0sJ04qRQRlpORtPMYgD8,2021-03-18,-54,10,5,-50,-34,9
GR,Greece,Decentralized Administration of Macedonia and Thrace,,,,,ChIJ18P0sJ04qRQRlpORtPMYgD8,2021-03-19,-58,10,-8,-55,-34,11
GR,Greece,Decentralized Administration of Macedonia and Thrace,,,,,ChIJ18P0sJ04qRQRlpORtPMYgD8,2021-03-20,-70,3,-53,-64,-32,12
GR,Greece,Decentralized Administration of Macedonia and Thrace,,,,,ChIJ18P0sJ04qRQRlpORtPMYgD8,2021-03-21,-76,-16,-53,-69,-36,12
GR,Greece,Decentralized Administration of Macedonia and Thrace,,,,,ChIJ18P0sJ04qRQRlpORtPMYgD8,2021-03-22,-54,5,-32,-56,-33,10
GR,Greece,Decentralized Administration of Macedonia and Thrace,,,,,ChIJ18P0sJ04qRQRlpORtPMYgD8,2021-03-23,-55,10,-24,-55,-34,10
GR,Greece,Decentralized Administration of Macedonia and Thrace,,,,,ChIJ18P0sJ04qRQRlpORtPMYgD8,2021-03-24,-50,35,-9,-47,-33,8
GR,Greece,Decentralized Administration of Macedonia and Thrace,,,,,ChIJ18P0sJ04qRQRlpORtPMYgD8,2021-03-25,-65,-59,22,-69,-73,19
GR,Greece,Decentralized Administration of Macedonia and Thrace,,,,,ChIJ18P0sJ04qRQRlpORtPMYgD8,2021-03-26,-52,19,10,-52,-34,10
GR,Greece,Decentralized Administration of Macedonia and Thrace,,,,,ChIJ18P0sJ04qRQRlpORtPMYgD8,2021-03-27,-54,15,28,-51,-26,7
GR,Greece,Decentralized Administration of Macedonia and Thrace,,,,,ChIJ18P0sJ04qRQRlpORtPMYgD8,2021-03-28,-54,28,70,-51,-27,6
GR,Greece,Decentralized Administration of Macedonia and Thrace,,,,,ChIJ18P0sJ04qRQRlpORtPMYgD8,2021-03-29,-47,8,13,-51,-32,7
GR,Greece,Decentralized Administration of Macedonia and Thrace,,,,,ChIJ18P0sJ04qRQRlpORtPMYgD8,2021-03-30,-47,13,21,-48,-32,7
GR,Greece,Decentralized Administration of Macedonia and Thrace,,,,,ChIJ18P0sJ04qRQRlpORtPMYgD8,2021-03-31,-47,16,27,-44,-32,7
GR,Greece,Decentralized Administration of Macedonia and Thrace,,,,,ChIJ18P0sJ04qRQRlpORtPMYgD8,2021-04-01,-48,18,28,-45,-31,7
GR,Greece,Decentralized Administration of Macedonia and Thrace,,,,,ChIJ18P0sJ04qRQRlpORtPMYgD8,2021-04-02,-50,17,24,-48,-31,9
GR,Greece,Decentralized Administration of Macedonia and Thrace,,,,,ChIJ18P0sJ04qRQRlpORtPMYgD8,2021-04-03,-51,17,36,-47,-25,5
GR,Greece,Decentralized Administration of Macedonia and Thrace,,,,,ChIJ18P0sJ04qRQRlpORtPMYgD8,2021-04-04,-57,22,32,-56,-28,7
GR,Greece,"Decentralized Administration of Peloponnese, Western Greece and the Ionian",,,,,ChIJ2_mmEEl5YBMRs6pM2wtaLpc,2021-01-01,-66,-71,13,-74,-72,19
GR,Greece,"Decentralized Administration of Peloponnese, Western Greece and the Ionian",,,,,ChIJ2_mmEEl5YBMRs6pM2wtaLpc,2021-01-02,-66,-57,-18,-61,-45,13
GR,Greece,"Decentralized Administration of Peloponnese, Western Greece and the Ionian",,,,,ChIJ2_mmEEl5YBMRs6pM2wtaLpc,2021-01-03,-61,67,5,-59,-27,10
GR,Greece,"Decentralized Administration of Peloponnese, Western Greece and the Ionian",,,,,ChIJ2_mmEEl5YBMRs6pM2wtaLpc,2021-01-04,-55,8,-24,-56,-38,13
GR,Greece,"Decentralized Administration of Peloponnese, Western Greece and the Ionian",,,,,ChIJ2_mmEEl5YBMRs6pM2wtaLpc,2021-01-05,-45,29,17,-46,-36,9
GR,Greece,"Decentralized Administration of Peloponnese, Western Greece and the Ionian",,,,,ChIJ2_mmEEl5YBMRs6pM2wtaLpc,2021-01-06,-59,-64,24,-63,-66,17
GR,Greece,"Decentralized Administration of Peloponnese, Western Greece and the Ionian",,,,,ChIJ2_mmEEl5YBMRs6pM2wtaLpc,2021-01-07,-48,18,5,-47,-34,9
GR,Greece,"Decentralized Administration of Peloponnese, Western Greece and the Ionian",,,,,ChIJ2_mmEEl5YBMRs6pM2wtaLpc,2021-01-08,-52,8,3,-50,-33,13
GR,Greece,"Decentralized Administration of Peloponnese, Western Greece and the Ionian",,,,,ChIJ2_mmEEl5YBMRs6pM2wtaLpc,2021-01-09,-55,11,-2,-50,-27,9
GR,Greece,"Decentralized Administration of Peloponnese, Western Greece and the Ionian",,,,,ChIJ2_mmEEl5YBMRs6pM2wtaLpc,2021-01-10,-57,2,22,-56,-26,8
GR,Greece,"Decentralized Administration of Peloponnese, Western Greece and the Ionian",,,,,ChIJ2_mmEEl5YBMRs6pM2wtaLpc,2021-01-11,-46,13,6,-45,-28,8
GR,Greece,"Decentralized Administration of Peloponnese, Western Greece and the Ionian",,,,,ChIJ2_mmEEl5YBMRs6pM2wtaLpc,2021-01-12,-47,9,4,-49,-31,9
GR,Greece,"Decentralized Administration of Peloponnese, Western Greece and the Ionian",,,,,ChIJ2_mmEEl5YBMRs6pM2wtaLpc,2021-01-13,-49,5,2,-47,-29,7
GR,Greece,"Decentralized Administration of Peloponnese, Western Greece and the Ionian",,,,,ChIJ2_mmEEl5YBMRs6pM2wtaLpc,2021-01-14,-51,2,-3,-51,-33,7
GR,Greece,"Decentralized Administration of Peloponnese, Western Greece and the Ionian",,,,,ChIJ2_mmEEl5YBMRs6pM2wtaLpc,2021-01-15,-56,-2,-18,-56,-35,10
GR,Greece,"Decentralized Administration of Peloponnese, Western Greece and the Ionian",,,,,ChIJ2_mmEEl5YBMRs6pM2wtaLpc,2021-01-16,-64,-5,-37,-63,-36,10
GR,Greece,"Decentralized Administration of Peloponnese, Western Greece and the Ionian",,,,,ChIJ2_mmEEl5YBMRs6pM2wtaLpc,2021-01-17,-64,-7,-9,-65,-32,7
GR,Greece,"Decentralized Administration of Peloponnese, Western Greece and the Ionian",,,,,ChIJ2_mmEEl5YBMRs6pM2wtaLpc,2021-01-18,-43,-3,-10,-56,-34,8
GR,Greece,"Decentralized Administration of Peloponnese, Western Greece and the Ionian",,,,,ChIJ2_mmEEl5YBMRs6pM2wtaLpc,2021-01-19,-40,-3,2,-49,-33,7
GR,Greece,"Decentralized Administration of Peloponnese, Western Greece and the Ionian",,,,,ChIJ2_mmEEl5YBMRs6pM2wtaLpc,2021-01-20,-42,0,7,-48,-30,7
GR,Greece,"Decentralized Administration of Peloponnese, Western Greece and the Ionian",,,,,ChIJ2_mmEEl5YBMRs6pM2wtaLpc,2021-01-21,-43,2,-9,-49,-31,7
GR,Greece,"Decentralized Administration of Peloponnese, Western Greece and the Ionian",,,,,ChIJ2_mmEEl5YBMRs6pM2wtaLpc,2021-01-22,-47,2,-15,-53,-31,10
GR,Greece,"Decentralized Administration of Peloponnese, Western Greece and the Ionian",,,,,ChIJ2_mmEEl5YBMRs6pM2wtaLpc,2021-01-23,-54,1,-30,-59,-28,9
GR,Greece,"Decentralized Administration of Peloponnese, Western Greece and the Ionian",,,,,ChIJ2_mmEEl5YBMRs6pM2wtaLpc,2021-01-24,-57,27,0,-63,-26,8
GR,Greece,"Decentralized Administration of Peloponnese, Western Greece and the Ionian",,,,,ChIJ2_mmEEl5YBMRs6pM2wtaLpc,2021-01-25,-40,6,4,-50,-29,7
GR,Greece,"Decentralized Administration of Peloponnese, Western Greece and the Ionian",,,,,ChIJ2_mmEEl5YBMRs6pM2wtaLpc,2021-01-26,-49,-10,-26,-58,-34,9
GR,Greece,"Decentralized Administration of Peloponnese, Western Greece and the Ionian",,,,,ChIJ2_mmEEl5YBMRs6pM2wtaLpc,2021-01-27,-41,5,-1,-49,-29,8
GR,Greece,"Decentralized Administration of Peloponnese, Western Greece and the Ionian",,,,,ChIJ2_mmEEl5YBMRs6pM2wtaLpc,2021-01-28,-38,11,5,-48,-29,6
GR,Greece,"Decentralized Administration of Peloponnese, Western Greece and the Ionian",,,,,ChIJ2_mmEEl5YBMRs6pM2wtaLpc,2021-01-29,-41,12,-10,-49,-29,9
GR,Greece,"Decentralized Administration of Peloponnese, Western Greece and the Ionian",,,,,ChIJ2_mmEEl5YBMRs6pM2wtaLpc,2021-01-30,-47,14,-8,-52,-23,7
GR,Greece,"Decentralized Administration of Peloponnese, Western Greece and the Ionian",,,,,ChIJ2_mmEEl5YBMRs6pM2wtaLpc,2021-01-31,-60,0,7,-61,-27,7
GR,Greece,"Decentralized Administration of Peloponnese, Western Greece and the Ionian",,,,,ChIJ2_mmEEl5YBMRs6pM2wtaLpc,2021-02-01,-43,9,-5,-49,-28,6
GR,Greece,"Decentralized Administration of Peloponnese, Western Greece and the Ionian",,,,,ChIJ2_mmEEl5YBMRs6pM2wtaLpc,2021-02-02,-44,3,-3,-49,-30,6
GR,Greece,"Decentralized Administration of Peloponnese, Western Greece and the Ionian",,,,,ChIJ2_mmEEl5YBMRs6pM2wtaLpc,2021-02-03,-42,1,19,-44,-28,4
GR,Greece,"Decentralized Administration of Peloponnese, Western Greece and the Ionian",,,,,ChIJ2_mmEEl5YBMRs6pM2wtaLpc,2021-02-04,-44,4,9,-45,-28,3
GR,Greece,"Decentralized Administration of Peloponnese, Western Greece and the Ionian",,,,,ChIJ2_mmEEl5YBMRs6pM2wtaLpc,2021-02-05,-46,4,4,-47,-29,6
GR,Greece,"Decentralized Administration of Peloponnese, Western Greece and the Ionian",,,,,ChIJ2_mmEEl5YBMRs6pM2wtaLpc,2021-02-06,-52,3,6,-53,-28,5
GR,Greece,"Decentralized Administration of Peloponnese, Western Greece and the Ionian",,,,,ChIJ2_mmEEl5YBMRs6pM2wtaLpc,2021-02-07,-61,-8,17,-62,-31,5
GR,Greece,"Decentralized Administration of Peloponnese, Western Greece and the Ionian",,,,,ChIJ2_mmEEl5YBMRs6pM2wtaLpc,2021-02-08,-51,-2,-15,-51,-32,5
GR,Greece,"Decentralized Administration of Peloponnese, Western Greece and the Ionian",,,,,ChIJ2_mmEEl5YBMRs6pM2wtaLpc,2021-02-09,-46,2,-7,-49,-31,5
GR,Greece,"Decentralized Administration of Peloponnese, Western Greece and the Ionian",,,,,ChIJ2_mmEEl5YBMRs6pM2wtaLpc,2021-02-10,-45,2,17,-45,-30,5
GR,Greece,"Decentralized Administration of Peloponnese, Western Greece and the Ionian",,,,,ChIJ2_mmEEl5YBMRs6pM2wtaLpc,2021-02-11,-51,4,-18,-50,-32,6
GR,Greece,"Decentralized Administration of Peloponnese, Western Greece and the Ionian",,,,,ChIJ2_mmEEl5YBMRs6pM2wtaLpc,2021-02-12,-47,12,9,-48,-31,6
GR,Greece,"Decentralized Administration of Peloponnese, Western Greece and the Ionian",,,,,ChIJ2_mmEEl5YBMRs6pM2wtaLpc,2021-02-13,-58,7,-29,-60,-31,7
GR,Greece,"Decentralized Administration of Peloponnese, Western Greece and the Ionian",,,,,ChIJ2_mmEEl5YBMRs6pM2wtaLpc,2021-02-14,-69,-14,-29,-70,-37,10
GR,Greece,"Decentralized Administration of Peloponnese, Western Greece and the Ionian",,,,,ChIJ2_mmEEl5YBMRs6pM2wtaLpc,2021-02-15,-55,-5,-25,-61,-38,9
GR,Greece,"Decentralized Administration of Peloponnese, Western Greece and the Ionian",,,,,ChIJ2_mmEEl5YBMRs6pM2wtaLpc,2021-02-16,-51,0,-10,-59,-37,9
GR,Greece,"Decentralized Administration of Peloponnese, Western Greece and the Ionian",,,,,ChIJ2_mmEEl5YBMRs6pM2wtaLpc,2021-02-17,-47,5,10,-48,-31,7
GR,Greece,"Decentralized Administration of Peloponnese, Western Greece and the Ionian",,,,,ChIJ2_mmEEl5YBMRs6pM2wtaLpc,2021-02-18,-47,10,6,-47,-30,6
GR,Greece,"Decentralized Administration of Peloponnese, Western Greece and the Ionian",,,,,ChIJ2_mmEEl5YBMRs6pM2wtaLpc,2021-02-19,-48,10,9,-48,-30,7
GR,Greece,"Decentralized Administration of Peloponnese, Western Greece and the Ionian",,,,,ChIJ2_mmEEl5YBMRs6pM2wtaLpc,2021-02-20,-53,11,2,-54,-29,5
GR,Greece,"Decentralized Administration of Peloponnese, Western Greece and the Ionian",,,,,ChIJ2_mmEEl5YBMRs6pM2wtaLpc,2021-02-21,-60,1,25,-61,-32,6
GR,Greece,"Decentralized Administration of Peloponnese, Western Greece and the Ionian",,,,,ChIJ2_mmEEl5YBMRs6pM2wtaLpc,2021-02-22,-45,7,19,-46,-30,4
GR,Greece,"Decentralized Administration of Peloponnese, Western Greece and the Ionian",,,,,ChIJ2_mmEEl5YBMRs6pM2wtaLpc,2021-02-23,-44,6,25,-48,-30,4
GR,Greece,"Decentralized Administration of Peloponnese, Western Greece and the Ionian",,,,,ChIJ2_mmEEl5YBMRs6pM2wtaLpc,2021-02-24,-43,8,31,-44,-28,4
GR,Greece,"Decentralized Administration of Peloponnese, Western Greece and the Ionian",,,,,ChIJ2_mmEEl5YBMRs6pM2wtaLpc,2021-02-25,-46,14,14,-47,-30,5
GR,Greece,"Decentralized Administration of Peloponnese, Western Greece and the Ionian",,,,,ChIJ2_mmEEl5YBMRs6pM2wtaLpc,2021-02-26,-46,18,18,-44,-30,6
GR,Greece,"Decentralized Administration of Peloponnese, Western Greece and the Ionian",,,,,ChIJ2_mmEEl5YBMRs6pM2wtaLpc,2021-02-27,-49,17,14,-50,-29,4
GR,Greece,"Decentralized Administration of Peloponnese, Western Greece and the Ionian",,,,,ChIJ2_mmEEl5YBMRs6pM2wtaLpc,2021-02-28,-58,6,34,-58,-32,5
GR,Greece,"Decentralized Administration of Peloponnese, Western Greece and the Ionian",,,,,ChIJ2_mmEEl5YBMRs6pM2wtaLpc,2021-03-01,-45,12,14,-47,-30,5
GR,Greece,"Decentralized Administration of Peloponnese, Western Greece and the Ionian",,,,,ChIJ2_mmEEl5YBMRs6pM2wtaLpc,2021-03-02,-46,11,12,-46,-31,5
GR,Greece,"Decentralized Administration of Peloponnese, Western Greece and the Ionian",,,,,ChIJ2_mmEEl5YBMRs6pM2wtaLpc,2021-03-03,-43,23,26,-41,-29,4
GR,Greece,"Decentralized Administration of Peloponnese, Western Greece and the Ionian",,,,,ChIJ2_mmEEl5YBMRs6pM2wtaLpc,2021-03-04,-52,11,2,-51,-34,6
GR,Greece,"Decentralized Administration of Peloponnese, Western Greece and the Ionian",,,,,ChIJ2_mmEEl5YBMRs6pM2wtaLpc,2021-03-05,-55,4,-3,-52,-35,9
GR,Greece,"Decentralized Administration of Peloponnese, Western Greece and the Ionian",,,,,ChIJ2_mmEEl5YBMRs6pM2wtaLpc,2021-03-06,-57,10,-6,-54,-31,6
GR,Greece,"Decentralized Administration of Peloponnese, Western Greece and the Ionian",,,,,ChIJ2_mmEEl5YBMRs6pM2wtaLpc,2021-03-07,-62,0,19,-61,-34,7
GR,Greece,"Decentralized Administration of Peloponnese, Western Greece and the Ionian",,,,,ChIJ2_mmEEl5YBMRs6pM2wtaLpc,2021-03-08,-49,8,7,-49,-34,6
GR,Greece,"Decentralized Administration of Peloponnese, Western Greece and the Ionian",,,,,ChIJ2_mmEEl5YBMRs6pM2wtaLpc,2021-03-09,-48,7,16,-48,-35,6
GR,Greece,"Decentralized Administration of Peloponnese, Western Greece and the Ionian",,,,,ChIJ2_mmEEl5YBMRs6pM2wtaLpc,2021-03-10,-49,9,9,-48,-33,7
GR,Greece,"Decentralized Administration of Peloponnese, Western Greece and the Ionian",,,,,ChIJ2_mmEEl5YBMRs6pM2wtaLpc,2021-03-11,-50,15,-2,-48,-34,7
GR,Greece,"Decentralized Administration of Peloponnese, Western Greece and the Ionian",,,,,ChIJ2_mmEEl5YBMRs6pM2wtaLpc,2021-03-12,-51,21,12,-46,-33,8
GR,Greece,"Decentralized Administration of Peloponnese, Western Greece and the Ionian",,,,,ChIJ2_mmEEl5YBMRs6pM2wtaLpc,2021-03-13,-52,32,7,-49,-28,5
GR,Greece,"Decentralized Administration of Peloponnese, Western Greece and the Ionian",,,,,ChIJ2_mmEEl5YBMRs6pM2wtaLpc,2021-03-14,-58,20,33,-61,-30,6
GR,Greece,"Decentralized Administration of Peloponnese, Western Greece and the Ionian",,,,,ChIJ2_mmEEl5YBMRs6pM2wtaLpc,2021-03-15,-66,-52,-21,-71,-71,15
GR,Greece,"Decentralized Administration of Peloponnese, Western Greece and the Ionian",,,,,ChIJ2_mmEEl5YBMRs6pM2wtaLpc,2021-03-16,-52,7,-5,-49,-36,7
GR,Greece,"Decentralized Administration of Peloponnese, Western Greece and the Ionian",,,,,ChIJ2_mmEEl5YBMRs6pM2wtaLpc,2021-03-17,-51,9,1,-46,-34,8
GR,Greece,"Decentralized Administration of Peloponnese, Western Greece and the Ionian",,,,,ChIJ2_mmEEl5YBMRs6pM2wtaLpc,2021-03-18,-52,11,-9,-49,-34,8
GR,Greece,"Decentralized Administration of Peloponnese, Western Greece and the Ionian",,,,,ChIJ2_mmEEl5YBMRs6pM2wtaLpc,2021-03-19,-53,13,1,-50,-34,10
GR,Greece,"Decentralized Administration of Peloponnese, Western Greece and the Ionian",,,,,ChIJ2_mmEEl5YBMRs6pM2wtaLpc,2021-03-20,-57,16,-17,-57,-28,8
GR,Greece,"Decentralized Administration of Peloponnese, Western Greece and the Ionian",,,,,ChIJ2_mmEEl5YBMRs6pM2wtaLpc,2021-03-21,-62,3,12,-61,-31,7
GR,Greece,"Decentralized Administration of Peloponnese, Western Greece and the Ionian",,,,,ChIJ2_mmEEl5YBMRs6pM2wtaLpc,2021-03-22,-48,14,2,-50,-33,7
GR,Greece,"Decentralized Administration of Peloponnese, Western Greece and the Ionian",,,,,ChIJ2_mmEEl5YBMRs6pM2wtaLpc,2021-03-23,-48,14,-2,-50,-34,7
GR,Greece,"Decentralized Administration of Peloponnese, Western Greece and the Ionian",,,,,ChIJ2_mmEEl5YBMRs6pM2wtaLpc,2021-03-24,-39,42,35,-40,-31,5
GR,Greece,"Decentralized Administration of Peloponnese, Western Greece and the Ionian",,,,,ChIJ2_mmEEl5YBMRs6pM2wtaLpc,2021-03-25,-58,-58,34,-63,-67,15
GR,Greece,"Decentralized Administration of Peloponnese, Western Greece and the Ionian",,,,,ChIJ2_mmEEl5YBMRs6pM2wtaLpc,2021-03-26,-46,29,18,-47,-34,8
GR,Greece,"Decentralized Administration of Peloponnese, Western Greece and the Ionian",,,,,ChIJ2_mmEEl5YBMRs6pM2wtaLpc,2021-03-27,-47,23,28,-45,-25,4
GR,Greece,"Decentralized Administration of Peloponnese, Western Greece and the Ionian",,,,,ChIJ2_mmEEl5YBMRs6pM2wtaLpc,2021-03-28,-52,19,60,-51,-29,4
GR,Greece,"Decentralized Administration of Peloponnese, Western Greece and the Ionian",,,,,ChIJ2_mmEEl5YBMRs6pM2wtaLpc,2021-03-29,-41,18,33,-44,-32,5
GR,Greece,"Decentralized Administration of Peloponnese, Western Greece and the Ionian",,,,,ChIJ2_mmEEl5YBMRs6pM2wtaLpc,2021-03-30,-41,20,30,-44,-32,5
GR,Greece,"Decentralized Administration of Peloponnese, Western Greece and the Ionian",,,,,ChIJ2_mmEEl5YBMRs6pM2wtaLpc,2021-03-31,-41,23,29,-41,-31,6
GR,Greece,"Decentralized Administration of Peloponnese, Western Greece and the Ionian",,,,,ChIJ2_mmEEl5YBMRs6pM2wtaLpc,2021-04-01,-41,25,31,-41,-31,5
GR,Greece,"Decentralized Administration of Peloponnese, Western Greece and the Ionian",,,,,ChIJ2_mmEEl5YBMRs6pM2wtaLpc,2021-04-02,-43,25,30,-42,-31,7
GR,Greece,"Decentralized Administration of Peloponnese, Western Greece and the Ionian",,,,,ChIJ2_mmEEl5YBMRs6pM2wtaLpc,2021-04-03,-45,24,31,-41,-24,2
GR,Greece,"Decentralized Administration of Peloponnese, Western Greece and the Ionian",,,,,ChIJ2_mmEEl5YBMRs6pM2wtaLpc,2021-04-04,-51,21,54,-50,-27,3
GR,Greece,Decentralized Administration of the Aegean,,,,,ChIJ_cl3FUb9vBQRnAYUSIHP3a0,2021-01-01,-69,-78,19,-67,-71,17
GR,Greece,Decentralized Administration of the Aegean,,,,,ChIJ_cl3FUb9vBQRnAYUSIHP3a0,2021-01-02,-63,-58,24,-52,-47,13
GR,Greece,Decentralized Administration of the Aegean,,,,,ChIJ_cl3FUb9vBQRnAYUSIHP3a0,2021-01-03,-60,41,24,-46,-32,10
GR,Greece,Decentralized Administration of the Aegean,,,,,ChIJ_cl3FUb9vBQRnAYUSIHP3a0,2021-01-04,-45,4,29,-43,-34,9
GR,Greece,Decentralized Administration of the Aegean,,,,,ChIJ_cl3FUb9vBQRnAYUSIHP3a0,2021-01-05,-45,10,27,-41,-37,9
GR,Greece,Decentralized Administration of the Aegean,,,,,ChIJ_cl3FUb9vBQRnAYUSIHP3a0,2021-01-06,-54,-63,32,-46,-63,14
GR,Greece,Decentralized Administration of the Aegean,,,,,ChIJ_cl3FUb9vBQRnAYUSIHP3a0,2021-01-07,-44,15,27,-40,-35,8
GR,Greece,Decentralized Administration of the Aegean,,,,,ChIJ_cl3FUb9vBQRnAYUSIHP3a0,2021-01-08,-48,-3,23,-41,-33,11
GR,Greece,Decentralized Administration of the Aegean,,,,,ChIJ_cl3FUb9vBQRnAYUSIHP3a0,2021-01-09,-54,3,6,-48,-29,10
GR,Greece,Decentralized Administration of the Aegean,,,,,ChIJ_cl3FUb9vBQRnAYUSIHP3a0,2021-01-10,-59,-5,27,-37,-30,9
GR,Greece,Decentralized Administration of the Aegean,,,,,ChIJ_cl3FUb9vBQRnAYUSIHP3a0,2021-01-11,-40,4,35,-37,-26,8
GR,Greece,Decentralized Administration of the Aegean,,,,,ChIJ_cl3FUb9vBQRnAYUSIHP3a0,2021-01-12,-49,-5,7,-43,-31,9
GR,Greece,Decentralized Administration of the Aegean,,,,,ChIJ_cl3FUb9vBQRnAYUSIHP3a0,2021-01-13,-40,1,19,-38,-29,5
GR,Greece,Decentralized Administration of the Aegean,,,,,ChIJ_cl3FUb9vBQRnAYUSIHP3a0,2021-01-14,-50,-3,12,-46,-34,7
GR,Greece,Decentralized Administration of the Aegean,,,,,ChIJ_cl3FUb9vBQRnAYUSIHP3a0,2021-01-15,-52,-8,2,-49,-36,9
GR,Greece,Decentralized Administration of the Aegean,,,,,ChIJ_cl3FUb9vBQRnAYUSIHP3a0,2021-01-16,-61,-9,-13,-55,-35,9
GR,Greece,Decentralized Administration of the Aegean,,,,,ChIJ_cl3FUb9vBQRnAYUSIHP3a0,2021-01-17,-67,-18,-6,-56,-39,9
GR,Greece,Decentralized Administration of the Aegean,,,,,ChIJ_cl3FUb9vBQRnAYUSIHP3a0,2021-01-18,-43,-12,11,-48,-33,8
GR,Greece,Decentralized Administration of the Aegean,,,,,ChIJ_cl3FUb9vBQRnAYUSIHP3a0,2021-01-19,-45,-13,6,-43,-34,8
GR,Greece,Decentralized Administration of the Aegean,,,,,ChIJ_cl3FUb9vBQRnAYUSIHP3a0,2021-01-20,-36,-3,17,-36,-30,5
GR,Greece,Decentralized Administration of the Aegean,,,,,ChIJ_cl3FUb9vBQRnAYUSIHP3a0,2021-01-21,-41,-1,24,-38,-30,6
GR,Greece,Decentralized Administration of the Aegean,,,,,ChIJ_cl3FUb9vBQRnAYUSIHP3a0,2021-01-22,-45,-10,10,-43,-31,9
GR,Greece,Decentralized Administration of the Aegean,,,,,ChIJ_cl3FUb9vBQRnAYUSIHP3a0,2021-01-23,-48,0,10,-47,-28,8
GR,Greece,Decentralized Administration of the Aegean,,,,,ChIJ_cl3FUb9vBQRnAYUSIHP3a0,2021-01-24,-57,4,25,-45,-32,8
GR,Greece,Decentralized Administration of the Aegean,,,,,ChIJ_cl3FUb9vBQRnAYUSIHP3a0,2021-01-25,-39,-7,24,-43,-28,7
GR,Greece,Decentralized Administration of the Aegean,,,,,ChIJ_cl3FUb9vBQRnAYUSIHP3a0,2021-01-26,-44,-6,9,-43,-31,7
GR,Greece,Decentralized Administration of the Aegean,,,,,ChIJ_cl3FUb9vBQRnAYUSIHP3a0,2021-01-27,-41,-5,-6,-42,-31,7
GR,Greece,Decentralized Administration of the Aegean,,,,,ChIJ_cl3FUb9vBQRnAYUSIHP3a0,2021-01-28,-43,1,12,-40,-31,7
GR,Greece,Decentralized Administration of the Aegean,,,,,ChIJ_cl3FUb9vBQRnAYUSIHP3a0,2021-01-29,-37,0,24,-39,-29,7
GR,Greece,Decentralized Administration of the Aegean,,,,,ChIJ_cl3FUb9vBQRnAYUSIHP3a0,2021-01-30,-49,1,-2,-48,-28,8
GR,Greece,Decentralized Administration of the Aegean,,,,,ChIJ_cl3FUb9vBQRnAYUSIHP3a0,2021-01-31,-56,4,35,-36,-30,7
GR,Greece,Decentralized Administration of the Aegean,,,,,ChIJ_cl3FUb9vBQRnAYUSIHP3a0,2021-02-01,-39,-1,15,-43,-25,5
GR,Greece,Decentralized Administration of the Aegean,,,,,ChIJ_cl3FUb9vBQRnAYUSIHP3a0,2021-02-02,-41,-6,11,-37,-28,5
GR,Greece,Decentralized Administration of the Aegean,,,,,ChIJ_cl3FUb9vBQRnAYUSIHP3a0,2021-02-03,-34,-3,21,-29,-26,2
GR,Greece,Decentralized Administration of the Aegean,,,,,ChIJ_cl3FUb9vBQRnAYUSIHP3a0,2021-02-04,-38,-1,35,-31,-27,2
GR,Greece,Decentralized Administration of the Aegean,,,,,ChIJ_cl3FUb9vBQRnAYUSIHP3a0,2021-02-05,-39,-5,31,-34,-27,3
GR,Greece,Decentralized Administration of the Aegean,,,,,ChIJ_cl3FUb9vBQRnAYUSIHP3a0,2021-02-06,-45,1,33,-43,-27,4
GR,Greece,Decentralized Administration of the Aegean,,,,,ChIJ_cl3FUb9vBQRnAYUSIHP3a0,2021-02-07,-58,-6,31,-42,-33,5
GR,Greece,Decentralized Administration of the Aegean,,,,,ChIJ_cl3FUb9vBQRnAYUSIHP3a0,2021-02-08,-43,-8,8,-46,-27,4
GR,Greece,Decentralized Administration of the Aegean,,,,,ChIJ_cl3FUb9vBQRnAYUSIHP3a0,2021-02-09,-40,-3,17,-35,-28,3
GR,Greece,Decentralized Administration of the Aegean,,,,,ChIJ_cl3FUb9vBQRnAYUSIHP3a0,2021-02-10,-34,1,26,-32,-25,1
GR,Greece,Decentralized Administration of the Aegean,,,,,ChIJ_cl3FUb9vBQRnAYUSIHP3a0,2021-02-11,-41,5,23,-40,-28,3
GR,Greece,Decentralized Administration of the Aegean,,,,,ChIJ_cl3FUb9vBQRnAYUSIHP3a0,2021-02-12,-40,5,37,-35,-27,3
GR,Greece,Decentralized Administration of the Aegean,,,,,ChIJ_cl3FUb9vBQRnAYUSIHP3a0,2021-02-13,-46,9,27,-46,-28,4
GR,Greece,Decentralized Administration of the Aegean,,,,,ChIJ_cl3FUb9vBQRnAYUSIHP3a0,2021-02-14,-65,-10,-1,-53,-39,9
GR,Greece,Decentralized Administration of the Aegean,,,,,ChIJ_cl3FUb9vBQRnAYUSIHP3a0,2021-02-15,-48,-7,10,-51,-32,6
GR,Greece,Decentralized Administration of the Aegean,,,,,ChIJ_cl3FUb9vBQRnAYUSIHP3a0,2021-02-16,-56,-15,-17,-61,-39,10
GR,Greece,Decentralized Administration of the Aegean,,,,,ChIJ_cl3FUb9vBQRnAYUSIHP3a0,2021-02-17,-46,-2,-8,-50,-36,7
GR,Greece,Decentralized Administration of the Aegean,,,,,ChIJ_cl3FUb9vBQRnAYUSIHP3a0,2021-02-18,-46,6,15,-40,-30,4
GR,Greece,Decentralized Administration of the Aegean,,,,,ChIJ_cl3FUb9vBQRnAYUSIHP3a0,2021-02-19,-43,4,28,-40,-28,4
GR,Greece,Decentralized Administration of the Aegean,,,,,ChIJ_cl3FUb9vBQRnAYUSIHP3a0,2021-02-20,-46,11,27,-42,-28,4
GR,Greece,Decentralized Administration of the Aegean,,,,,ChIJ_cl3FUb9vBQRnAYUSIHP3a0,2021-02-21,-64,-9,11,-49,-38,7
GR,Greece,Decentralized Administration of the Aegean,,,,,ChIJ_cl3FUb9vBQRnAYUSIHP3a0,2021-02-22,-37,3,40,-37,-24,2
GR,Greece,Decentralized Administration of the Aegean,,,,,ChIJ_cl3FUb9vBQRnAYUSIHP3a0,2021-02-23,-40,1,29,-31,-28,2
GR,Greece,Decentralized Administration of the Aegean,,,,,ChIJ_cl3FUb9vBQRnAYUSIHP3a0,2021-02-24,-35,9,24,-35,-25,1
GR,Greece,Decentralized Administration of the Aegean,,,,,ChIJ_cl3FUb9vBQRnAYUSIHP3a0,2021-02-25,-40,10,28,-37,-27,3
GR,Greece,Decentralized Administration of the Aegean,,,,,ChIJ_cl3FUb9vBQRnAYUSIHP3a0,2021-02-26,-38,11,36,-31,-26,3
GR,Greece,Decentralized Administration of the Aegean,,,,,ChIJ_cl3FUb9vBQRnAYUSIHP3a0,2021-02-27,-42,14,37,-39,-27,3
GR,Greece,Decentralized Administration of the Aegean,,,,,ChIJ_cl3FUb9vBQRnAYUSIHP3a0,2021-02-28,-58,3,35,-43,-34,5
GR,Greece,Decentralized Administration of the Aegean,,,,,ChIJ_cl3FUb9vBQRnAYUSIHP3a0,2021-03-01,-36,7,35,-36,-24,2
GR,Greece,Decentralized Administration of the Aegean,,,,,ChIJ_cl3FUb9vBQRnAYUSIHP3a0,2021-03-02,-44,4,7,-38,-28,4
GR,Greece,Decentralized Administration of the Aegean,,,,,ChIJ_cl3FUb9vBQRnAYUSIHP3a0,2021-03-03,-35,21,18,-32,-25,2
GR,Greece,Decentralized Administration of the Aegean,,,,,ChIJ_cl3FUb9vBQRnAYUSIHP3a0,2021-03-04,-50,6,22,-41,-34,5
GR,Greece,Decentralized Administration of the Aegean,,,,,ChIJ_cl3FUb9vBQRnAYUSIHP3a0,2021-03-05,-49,-3,23,-42,-34,7
GR,Greece,Decentralized Administration of the Aegean,,,,,ChIJ_cl3FUb9vBQRnAYUSIHP3a0,2021-03-06,-53,9,18,-45,-32,6
GR,Greece,Decentralized Administration of the Aegean,,,,,ChIJ_cl3FUb9vBQRnAYUSIHP3a0,2021-03-07,-62,-2,21,-46,-38,7
GR,Greece,Decentralized Administration of the Aegean,,,,,ChIJ_cl3FUb9vBQRnAYUSIHP3a0,2021-03-08,-43,4,32,-39,-30,5
GR,Greece,Decentralized Administration of the Aegean,,,,,ChIJ_cl3FUb9vBQRnAYUSIHP3a0,2021-03-09,-48,0,18,-36,-34,6
GR,Greece,Decentralized Administration of the Aegean,,,,,ChIJ_cl3FUb9vBQRnAYUSIHP3a0,2021-03-10,-39,10,27,-31,-31,4
GR,Greece,Decentralized Administration of the Aegean,,,,,ChIJ_cl3FUb9vBQRnAYUSIHP3a0,2021-03-11,-52,9,3,-45,-34,7
GR,Greece,Decentralized Administration of the Aegean,,,,,ChIJ_cl3FUb9vBQRnAYUSIHP3a0,2021-03-12,-45,14,27,-34,-33,6
GR,Greece,Decentralized Administration of the Aegean,,,,,ChIJ_cl3FUb9vBQRnAYUSIHP3a0,2021-03-13,-46,30,36,-37,-29,4
GR,Greece,Decentralized Administration of the Aegean,,,,,ChIJ_cl3FUb9vBQRnAYUSIHP3a0,2021-03-14,-60,20,21,-45,-35,7
GR,Greece,Decentralized Administration of the Aegean,,,,,ChIJ_cl3FUb9vBQRnAYUSIHP3a0,2021-03-15,-60,-50,27,-60,-68,12
GR,Greece,Decentralized Administration of the Aegean,,,,,ChIJ_cl3FUb9vBQRnAYUSIHP3a0,2021-03-16,-51,-1,6,-40,-37,7
GR,Greece,Decentralized Administration of the Aegean,,,,,ChIJ_cl3FUb9vBQRnAYUSIHP3a0,2021-03-17,-42,9,18,-33,-33,5
GR,Greece,Decentralized Administration of the Aegean,,,,,ChIJ_cl3FUb9vBQRnAYUSIHP3a0,2021-03-18,-45,10,31,-34,-34,6
GR,Greece,Decentralized Administration of the Aegean,,,,,ChIJ_cl3FUb9vBQRnAYUSIHP3a0,2021-03-19,-49,2,19,-40,-35,9
GR,Greece,Decentralized Administration of the Aegean,,,,,ChIJ_cl3FUb9vBQRnAYUSIHP3a0,2021-03-20,-52,13,13,-44,-29,7
GR,Greece,Decentralized Administration of the Aegean,,,,,ChIJ_cl3FUb9vBQRnAYUSIHP3a0,2021-03-21,-56,8,37,-34,-32,6
GR,Greece,Decentralized Administration of the Aegean,,,,,ChIJ_cl3FUb9vBQRnAYUSIHP3a0,2021-03-22,-39,7,40,-38,-30,5
GR,Greece,Decentralized Administration of the Aegean,,,,,ChIJ_cl3FUb9vBQRnAYUSIHP3a0,2021-03-23,-47,4,6,-42,-35,7
GR,Greece,Decentralized Administration of the Aegean,,,,,ChIJ_cl3FUb9vBQRnAYUSIHP3a0,2021-03-24,-35,37,18,-34,-32,4
GR,Greece,Decentralized Administration of the Aegean,,,,,ChIJ_cl3FUb9vBQRnAYUSIHP3a0,2021-03-25,-59,-59,22,-52,-66,14
GR,Greece,Decentralized Administration of the Aegean,,,,,ChIJ_cl3FUb9vBQRnAYUSIHP3a0,2021-03-26,-41,17,27,-36,-33,7
GR,Greece,Decentralized Administration of the Aegean,,,,,ChIJ_cl3FUb9vBQRnAYUSIHP3a0,2021-03-27,-41,22,47,-30,-25,4
GR,Greece,Decentralized Administration of the Aegean,,,,,ChIJ_cl3FUb9vBQRnAYUSIHP3a0,2021-03-28,-49,16,71,-21,-31,4
GR,Greece,Decentralized Administration of the Aegean,,,,,ChIJ_cl3FUb9vBQRnAYUSIHP3a0,2021-03-29,-33,11,63,-27,-28,3
GR,Greece,Decentralized Administration of the Aegean,,,,,ChIJ_cl3FUb9vBQRnAYUSIHP3a0,2021-03-30,-40,9,29,-33,-32,5
GR,Greece,Decentralized Administration of the Aegean,,,,,ChIJ_cl3FUb9vBQRnAYUSIHP3a0,2021-03-31,-38,13,15,-35,-32,5
GR,Greece,Decentralized Administration of the Aegean,,,,,ChIJ_cl3FUb9vBQRnAYUSIHP3a0,2021-04-01,-40,15,25,-30,-31,6
GR,Greece,Decentralized Administration of the Aegean,,,,,ChIJ_cl3FUb9vBQRnAYUSIHP3a0,2021-04-02,-36,14,50,-25,-29,5
GR,Greece,Decentralized Administration of the Aegean,,,,,ChIJ_cl3FUb9vBQRnAYUSIHP3a0,2021-04-03,-40,22,51,-31,-24,3
GR,Greece,Decentralized Administration of the Aegean,,,,,ChIJ_cl3FUb9vBQRnAYUSIHP3a0,2021-04-04,-55,11,32,-35,-31,6
GR,Greece,Decentralized Administration of Thessaly and Central Greece,,,,,ChIJ5SpzMnSrWBMRs4OzBaOO1FE,2021-01-01,-69,-75,18,-75,-76,23
GR,Greece,Decentralized Administration of Thessaly and Central Greece,,,,,ChIJ5SpzMnSrWBMRs4OzBaOO1FE,2021-01-02,-65,-62,18,-58,-48,14
GR,Greece,Decentralized Administration of Thessaly and Central Greece,,,,,ChIJ5SpzMnSrWBMRs4OzBaOO1FE,2021-01-03,-66,63,4,-48,-35,12
GR,Greece,Decentralized Administration of Thessaly and Central Greece,,,,,ChIJ5SpzMnSrWBMRs4OzBaOO1FE,2021-01-04,-59,4,-22,-52,-39,14
GR,Greece,Decentralized Administration of Thessaly and Central Greece,,,,,ChIJ5SpzMnSrWBMRs4OzBaOO1FE,2021-01-05,-45,28,37,-36,-37,10
GR,Greece,Decentralized Administration of Thessaly and Central Greece,,,,,ChIJ5SpzMnSrWBMRs4OzBaOO1FE,2021-01-06,-61,-67,42,-58,-69,20
GR,Greece,Decentralized Administration of Thessaly and Central Greece,,,,,ChIJ5SpzMnSrWBMRs4OzBaOO1FE,2021-01-07,-51,16,16,-40,-35,11
GR,Greece,Decentralized Administration of Thessaly and Central Greece,,,,,ChIJ5SpzMnSrWBMRs4OzBaOO1FE,2021-01-08,-55,8,9,-48,-34,14
GR,Greece,Decentralized Administration of Thessaly and Central Greece,,,,,ChIJ5SpzMnSrWBMRs4OzBaOO1FE,2021-01-09,-57,9,23,-46,-28,10
GR,Greece,Decentralized Administration of Thessaly and Central Greece,,,,,ChIJ5SpzMnSrWBMRs4OzBaOO1FE,2021-01-10,-64,-3,12,-48,-32,10
GR,Greece,Decentralized Administration of Thessaly and Central Greece,,,,,ChIJ5SpzMnSrWBMRs4OzBaOO1FE,2021-01-11,-54,4,-6,-44,-29,9
GR,Greece,Decentralized Administration of Thessaly and Central Greece,,,,,ChIJ5SpzMnSrWBMRs4OzBaOO1FE,2021-01-12,-55,5,-12,-44,-32,10
GR,Greece,Decentralized Administration of Thessaly and Central Greece,,,,,ChIJ5SpzMnSrWBMRs4OzBaOO1FE,2021-01-13,-54,3,6,-42,-31,8
GR,Greece,Decentralized Administration of Thessaly and Central Greece,,,,,ChIJ5SpzMnSrWBMRs4OzBaOO1FE,2021-01-14,-56,0,-3,-46,-33,7
GR,Greece,Decentralized Administration of Thessaly and Central Greece,,,,,ChIJ5SpzMnSrWBMRs4OzBaOO1FE,2021-01-15,-63,1,-25,-55,-36,10
GR,Greece,Decentralized Administration of Thessaly and Central Greece,,,,,ChIJ5SpzMnSrWBMRs4OzBaOO1FE,2021-01-16,-74,-11,-46,-68,-41,13
GR,Greece,Decentralized Administration of Thessaly and Central Greece,,,,,ChIJ5SpzMnSrWBMRs4OzBaOO1FE,2021-01-17,-74,-17,-32,-66,-42,12
GR,Greece,Decentralized Administration of Thessaly and Central Greece,,,,,ChIJ5SpzMnSrWBMRs4OzBaOO1FE,2021-01-18,-49,-13,-24,-53,-34,9
GR,Greece,Decentralized Administration of Thessaly and Central Greece,,,,,ChIJ5SpzMnSrWBMRs4OzBaOO1FE,2021-01-19,-48,-8,-18,-46,-35,9
GR,Greece,Decentralized Administration of Thessaly and Central Greece,,,,,ChIJ5SpzMnSrWBMRs4OzBaOO1FE,2021-01-20,-46,-3,-3,-46,-32,8
GR,Greece,Decentralized Administration of Thessaly and Central Greece,,,,,ChIJ5SpzMnSrWBMRs4OzBaOO1FE,2021-01-21,-46,-3,-2,-44,-31,8
GR,Greece,Decentralized Administration of Thessaly and Central Greece,,,,,ChIJ5SpzMnSrWBMRs4OzBaOO1FE,2021-01-22,-49,1,-6,-50,-32,10
GR,Greece,Decentralized Administration of Thessaly and Central Greece,,,,,ChIJ5SpzMnSrWBMRs4OzBaOO1FE,2021-01-23,-56,3,-17,-57,-28,9
GR,Greece,Decentralized Administration of Thessaly and Central Greece,,,,,ChIJ5SpzMnSrWBMRs4OzBaOO1FE,2021-01-24,-60,28,1,-59,-30,9
GR,Greece,Decentralized Administration of Thessaly and Central Greece,,,,,ChIJ5SpzMnSrWBMRs4OzBaOO1FE,2021-01-25,-44,-2,1,-46,-30,7
GR,Greece,Decentralized Administration of Thessaly and Central Greece,,,,,ChIJ5SpzMnSrWBMRs4OzBaOO1FE,2021-01-26,-51,-5,-29,-48,-33,9
GR,Greece,Decentralized Administration of Thessaly and Central Greece,,,,,ChIJ5SpzMnSrWBMRs4OzBaOO1FE,2021-01-27,-49,-2,-20,-47,-32,9
GR,Greece,Decentralized Administration of Thessaly and Central Greece,,,,,ChIJ5SpzMnSrWBMRs4OzBaOO1FE,2021-01-28,-44,1,-4,-42,-29,8
GR,Greece,Decentralized Administration of Thessaly and Central Greece,,,,,ChIJ5SpzMnSrWBMRs4OzBaOO1FE,2021-01-29,-44,8,-6,-46,-30,9
GR,Greece,Decentralized Administration of Thessaly and Central Greece,,,,,ChIJ5SpzMnSrWBMRs4OzBaOO1FE,2021-01-30,-51,9,-9,-50,-25,8
GR,Greece,Decentralized Administration of Thessaly and Central Greece,,,,,ChIJ5SpzMnSrWBMRs4OzBaOO1FE,2021-01-31,-65,-8,-7,-55,-33,9
GR,Greece,Decentralized Administration of Thessaly and Central Greece,,,,,ChIJ5SpzMnSrWBMRs4OzBaOO1FE,2021-02-01,-42,4,-5,-41,-26,5
GR,Greece,Decentralized Administration of Thessaly and Central Greece,,,,,ChIJ5SpzMnSrWBMRs4OzBaOO1FE,2021-02-02,-43,2,-3,-37,-28,5
GR,Greece,Decentralized Administration of Thessaly and Central Greece,,,,,ChIJ5SpzMnSrWBMRs4OzBaOO1FE,2021-02-03,-44,-3,7,-39,-28,5
GR,Greece,Decentralized Administration of Thessaly and Central Greece,,,,,ChIJ5SpzMnSrWBMRs4OzBaOO1FE,2021-02-04,-44,-1,6,-40,-28,4
GR,Greece,Decentralized Administration of Thessaly and Central Greece,,,,,ChIJ5SpzMnSrWBMRs4OzBaOO1FE,2021-02-05,-47,2,-2,-45,-30,6
GR,Greece,Decentralized Administration of Thessaly and Central Greece,,,,,ChIJ5SpzMnSrWBMRs4OzBaOO1FE,2021-02-06,-53,3,11,-51,-28,5
GR,Greece,Decentralized Administration of Thessaly and Central Greece,,,,,ChIJ5SpzMnSrWBMRs4OzBaOO1FE,2021-02-07,-66,-12,2,-57,-36,7
GR,Greece,Decentralized Administration of Thessaly and Central Greece,,,,,ChIJ5SpzMnSrWBMRs4OzBaOO1FE,2021-02-08,-49,-5,-18,-48,-30,5
GR,Greece,Decentralized Administration of Thessaly and Central Greece,,,,,ChIJ5SpzMnSrWBMRs4OzBaOO1FE,2021-02-09,-47,2,-10,-41,-31,5
GR,Greece,Decentralized Administration of Thessaly and Central Greece,,,,,ChIJ5SpzMnSrWBMRs4OzBaOO1FE,2021-02-10,-45,2,8,-38,-29,4
GR,Greece,Decentralized Administration of Thessaly and Central Greece,,,,,ChIJ5SpzMnSrWBMRs4OzBaOO1FE,2021-02-11,-47,7,-12,-42,-28,5
GR,Greece,Decentralized Administration of Thessaly and Central Greece,,,,,ChIJ5SpzMnSrWBMRs4OzBaOO1FE,2021-02-12,-48,19,-5,-46,-29,5
GR,Greece,Decentralized Administration of Thessaly and Central Greece,,,,,ChIJ5SpzMnSrWBMRs4OzBaOO1FE,2021-02-13,-64,12,-45,-59,-33,9
GR,Greece,Decentralized Administration of Thessaly and Central Greece,,,,,ChIJ5SpzMnSrWBMRs4OzBaOO1FE,2021-02-14,-76,-24,-38,-73,-49,14
GR,Greece,Decentralized Administration of Thessaly and Central Greece,,,,,ChIJ5SpzMnSrWBMRs4OzBaOO1FE,2021-02-15,-65,-24,-40,-67,-54,16
GR,Greece,Decentralized Administration of Thessaly and Central Greece,,,,,ChIJ5SpzMnSrWBMRs4OzBaOO1FE,2021-02-16,-61,-14,-38,-66,-48,15
GR,Greece,Decentralized Administration of Thessaly and Central Greece,,,,,ChIJ5SpzMnSrWBMRs4OzBaOO1FE,2021-02-17,-54,-1,-17,-54,-37,11
GR,Greece,Decentralized Administration of Thessaly and Central Greece,,,,,ChIJ5SpzMnSrWBMRs4OzBaOO1FE,2021-02-18,-49,6,-12,-45,-29,7
GR,Greece,Decentralized Administration of Thessaly and Central Greece,,,,,ChIJ5SpzMnSrWBMRs4OzBaOO1FE,2021-02-19,-50,10,-5,-50,-30,8
GR,Greece,Decentralized Administration of Thessaly and Central Greece,,,,,ChIJ5SpzMnSrWBMRs4OzBaOO1FE,2021-02-20,-54,13,2,-53,-28,7
GR,Greece,Decentralized Administration of Thessaly and Central Greece,,,,,ChIJ5SpzMnSrWBMRs4OzBaOO1FE,2021-02-21,-71,-13,-24,-61,-37,10
GR,Greece,Decentralized Administration of Thessaly and Central Greece,,,,,ChIJ5SpzMnSrWBMRs4OzBaOO1FE,2021-02-22,-45,5,2,-43,-27,4
GR,Greece,Decentralized Administration of Thessaly and Central Greece,,,,,ChIJ5SpzMnSrWBMRs4OzBaOO1FE,2021-02-23,-44,8,7,-39,-28,4
GR,Greece,Decentralized Administration of Thessaly and Central Greece,,,,,ChIJ5SpzMnSrWBMRs4OzBaOO1FE,2021-02-24,-42,9,19,-36,-28,4
GR,Greece,Decentralized Administration of Thessaly and Central Greece,,,,,ChIJ5SpzMnSrWBMRs4OzBaOO1FE,2021-02-25,-43,12,11,-36,-25,4
GR,Greece,Decentralized Administration of Thessaly and Central Greece,,,,,ChIJ5SpzMnSrWBMRs4OzBaOO1FE,2021-02-26,-44,20,9,-42,-27,5
GR,Greece,Decentralized Administration of Thessaly and Central Greece,,,,,ChIJ5SpzMnSrWBMRs4OzBaOO1FE,2021-02-27,-48,19,27,-43,-26,4
GR,Greece,Decentralized Administration of Thessaly and Central Greece,,,,,ChIJ5SpzMnSrWBMRs4OzBaOO1FE,2021-02-28,-70,-9,-23,-56,-38,8
GR,Greece,Decentralized Administration of Thessaly and Central Greece,,,,,ChIJ5SpzMnSrWBMRs4OzBaOO1FE,2021-03-01,-41,9,9,-39,-26,3
GR,Greece,Decentralized Administration of Thessaly and Central Greece,,,,,ChIJ5SpzMnSrWBMRs4OzBaOO1FE,2021-03-02,-45,10,-8,-38,-28,5
GR,Greece,Decentralized Administration of Thessaly and Central Greece,,,,,ChIJ5SpzMnSrWBMRs4OzBaOO1FE,2021-03-03,-38,17,45,-34,-27,2
GR,Greece,Decentralized Administration of Thessaly and Central Greece,,,,,ChIJ5SpzMnSrWBMRs4OzBaOO1FE,2021-03-04,-47,19,14,-41,-33,3
GR,Greece,Decentralized Administration of Thessaly and Central Greece,,,,,ChIJ5SpzMnSrWBMRs4OzBaOO1FE,2021-03-05,-50,8,7,-49,-35,6
GR,Greece,Decentralized Administration of Thessaly and Central Greece,,,,,ChIJ5SpzMnSrWBMRs4OzBaOO1FE,2021-03-06,-57,13,6,-51,-29,5
GR,Greece,Decentralized Administration of Thessaly and Central Greece,,,,,ChIJ5SpzMnSrWBMRs4OzBaOO1FE,2021-03-07,-69,-8,-17,-60,-38,9
GR,Greece,Decentralized Administration of Thessaly and Central Greece,,,,,ChIJ5SpzMnSrWBMRs4OzBaOO1FE,2021-03-08,-45,7,9,-44,-32,5
GR,Greece,Decentralized Administration of Thessaly and Central Greece,,,,,ChIJ5SpzMnSrWBMRs4OzBaOO1FE,2021-03-09,-50,7,-3,-43,-34,6
GR,Greece,Decentralized Administration of Thessaly and Central Greece,,,,,ChIJ5SpzMnSrWBMRs4OzBaOO1FE,2021-03-10,-51,10,6,-44,-33,7
GR,Greece,Decentralized Administration of Thessaly and Central Greece,,,,,ChIJ5SpzMnSrWBMRs4OzBaOO1FE,2021-03-11,-52,13,-8,-43,-32,8
GR,Greece,Decentralized Administration of Thessaly and Central Greece,,,,,ChIJ5SpzMnSrWBMRs4OzBaOO1FE,2021-03-12,-50,26,11,-45,-33,7
GR,Greece,Decentralized Administration of Thessaly and Central Greece,,,,,ChIJ5SpzMnSrWBMRs4OzBaOO1FE,2021-03-13,-53,34,24,-46,-27,4
GR,Greece,Decentralized Administration of Thessaly and Central Greece,,,,,ChIJ5SpzMnSrWBMRs4OzBaOO1FE,2021-03-14,-57,20,34,-57,-31,6
GR,Greece,Decentralized Administration of Thessaly and Central Greece,,,,,ChIJ5SpzMnSrWBMRs4OzBaOO1FE,2021-03-15,-60,-55,20,-59,-72,14
GR,Greece,Decentralized Administration of Thessaly and Central Greece,,,,,ChIJ5SpzMnSrWBMRs4OzBaOO1FE,2021-03-16,-53,9,-12,-39,-35,7
GR,Greece,Decentralized Administration of Thessaly and Central Greece,,,,,ChIJ5SpzMnSrWBMRs4OzBaOO1FE,2021-03-17,-50,12,6,-40,-33,7
GR,Greece,Decentralized Administration of Thessaly and Central Greece,,,,,ChIJ5SpzMnSrWBMRs4OzBaOO1FE,2021-03-18,-49,11,4,-40,-32,7
GR,Greece,Decentralized Administration of Thessaly and Central Greece,,,,,ChIJ5SpzMnSrWBMRs4OzBaOO1FE,2021-03-19,-52,14,1,-48,-34,9
GR,Greece,Decentralized Administration of Thessaly and Central Greece,,,,,ChIJ5SpzMnSrWBMRs4OzBaOO1FE,2021-03-20,-68,12,-43,-58,-32,11
GR,Greece,Decentralized Administration of Thessaly and Central Greece,,,,,ChIJ5SpzMnSrWBMRs4OzBaOO1FE,2021-03-21,-74,-17,-40,-62,-39,12
GR,Greece,Decentralized Administration of Thessaly and Central Greece,,,,,ChIJ5SpzMnSrWBMRs4OzBaOO1FE,2021-03-22,-50,13,-4,-45,-32,7
GR,Greece,Decentralized Administration of Thessaly and Central Greece,,,,,ChIJ5SpzMnSrWBMRs4OzBaOO1FE,2021-03-23,-56,13,-34,-49,-35,9
GR,Greece,Decentralized Administration of Thessaly and Central Greece,,,,,ChIJ5SpzMnSrWBMRs4OzBaOO1FE,2021-03-24,-44,45,7,-38,-33,6
GR,Greece,Decentralized Administration of Thessaly and Central Greece,,,,,ChIJ5SpzMnSrWBMRs4OzBaOO1FE,2021-03-25,-61,-64,17,-61,-70,18
GR,Greece,Decentralized Administration of Thessaly and Central Greece,,,,,ChIJ5SpzMnSrWBMRs4OzBaOO1FE,2021-03-26,-48,26,9,-47,-35,9
GR,Greece,Decentralized Administration of Thessaly and Central Greece,,,,,ChIJ5SpzMnSrWBMRs4OzBaOO1FE,2021-03-27,-49,24,36,-43,-25,5
GR,Greece,Decentralized Administration of Thessaly and Central Greece,,,,,ChIJ5SpzMnSrWBMRs4OzBaOO1FE,2021-03-28,-55,12,51,-41,-31,5
GR,Greece,Decentralized Administration of Thessaly and Central Greece,,,,,ChIJ5SpzMnSrWBMRs4OzBaOO1FE,2021-03-29,-43,14,27,-38,-31,5
GR,Greece,Decentralized Administration of Thessaly and Central Greece,,,,,ChIJ5SpzMnSrWBMRs4OzBaOO1FE,2021-03-30,-44,19,16,-38,-33,6
GR,Greece,Decentralized Administration of Thessaly and Central Greece,,,,,ChIJ5SpzMnSrWBMRs4OzBaOO1FE,2021-03-31,-45,20,12,-39,-33,7
GR,Greece,Decentralized Administration of Thessaly and Central Greece,,,,,ChIJ5SpzMnSrWBMRs4OzBaOO1FE,2021-04-01,-44,17,25,-39,-30,6
GR,Greece,Decentralized Administration of Thessaly and Central Greece,,,,,ChIJ5SpzMnSrWBMRs4OzBaOO1FE,2021-04-02,-44,23,29,-41,-31,7
GR,Greece,Decentralized Administration of Thessaly and Central Greece,,,,,ChIJ5SpzMnSrWBMRs4OzBaOO1FE,2021-04-03,-46,23,53,-40,-24,2
GR,Greece,Decentralized Administration of Thessaly and Central Greece,,,,,ChIJ5SpzMnSrWBMRs4OzBaOO1FE,2021-04-04,-51,23,64,-41,-30,3
