country_region_code,country_region,sub_region_1,sub_region_2,metro_area,iso_3166_2_code,census_fips_code,place_id,date,retail_and_recreation_percent_change_from_baseline,grocery_and_pharmacy_percent_change_from_baseline,parks_percent_change_from_baseline,transit_stations_percent_change_from_baseline,workplaces_percent_change_from_baseline,residential_percent_change_from_baseline
MD,Moldova,,,,,,ChIJoWm3KDZ8yUARy6xT36wZgSU,2021-01-01,-66,-58,-13,-67,-85,14
MD,Moldova,,,,,,ChIJoWm3KDZ8yUARy6xT36wZgSU,2021-01-02,-39,-26,-8,-45,-47,2
MD,Moldova,,,,,,ChIJoWm3KDZ8yUARy6xT36wZgSU,2021-01-03,-31,-18,-19,-38,-27,0
MD,Moldova,,,,,,ChIJoWm3KDZ8yUARy6xT36wZgSU,2021-01-04,-24,-14,-16,-34,-42,5
MD,Moldova,,,,,,ChIJoWm3KDZ8yUARy6xT36wZgSU,2021-01-05,-22,0,-25,-30,-42,4
MD,Moldova,,,,,,ChIJoWm3KDZ8yUARy6xT36wZgSU,2021-01-06,-12,22,-6,-14,-45,1
MD,Moldova,,,,,,ChIJoWm3KDZ8yUARy6xT36wZgSU,2021-01-07,-58,-38,-20,-53,-81,9
MD,Moldova,,,,,,ChIJoWm3KDZ8yUARy6xT36wZgSU,2021-01-08,-47,-30,-22,-50,-73,10
MD,Moldova,,,,,,ChIJoWm3KDZ8yUARy6xT36wZgSU,2021-01-09,-29,-14,-18,-35,-31,-2
MD,Moldova,,,,,,ChIJoWm3KDZ8yUARy6xT36wZgSU,2021-01-10,-23,-10,-15,-30,-19,-3
MD,Moldova,,,,,,ChIJoWm3KDZ8yUARy6xT36wZgSU,2021-01-11,-19,-11,-18,-27,-19,-2
MD,Moldova,,,,,,ChIJoWm3KDZ8yUARy6xT36wZgSU,2021-01-12,-18,-1,-22,-24,-19,-2
MD,Moldova,,,,,,ChIJoWm3KDZ8yUARy6xT36wZgSU,2021-01-13,-17,5,-19,-21,-21,-6
MD,Moldova,,,,,,ChIJoWm3KDZ8yUARy6xT36wZgSU,2021-01-14,-24,-9,-18,-31,-26,-5
MD,Moldova,,,,,,ChIJoWm3KDZ8yUARy6xT36wZgSU,2021-01-15,-32,-16,-31,-38,-25,-3
MD,Moldova,,,,,,ChIJoWm3KDZ8yUARy6xT36wZgSU,2021-01-16,-32,-17,-37,-39,-22,-4
MD,Moldova,,,,,,ChIJoWm3KDZ8yUARy6xT36wZgSU,2021-01-17,-34,-20,-36,-41,-26,-2
MD,Moldova,,,,,,ChIJoWm3KDZ8yUARy6xT36wZgSU,2021-01-18,-29,-20,-29,-36,-23,-2
MD,Moldova,,,,,,ChIJoWm3KDZ8yUARy6xT36wZgSU,2021-01-19,-27,-11,-28,-33,-24,-2
MD,Moldova,,,,,,ChIJoWm3KDZ8yUARy6xT36wZgSU,2021-01-20,-24,-5,-28,-28,-23,-4
MD,Moldova,,,,,,ChIJoWm3KDZ8yUARy6xT36wZgSU,2021-01-21,-24,-9,-21,-31,-21,-3
MD,Moldova,,,,,,ChIJoWm3KDZ8yUARy6xT36wZgSU,2021-01-22,-28,-10,-22,-33,-20,-3
MD,Moldova,,,,,,ChIJoWm3KDZ8yUARy6xT36wZgSU,2021-01-23,-28,-11,-20,-34,-20,-4
MD,Moldova,,,,,,ChIJoWm3KDZ8yUARy6xT36wZgSU,2021-01-24,-32,-16,-29,-36,-21,-3
MD,Moldova,,,,,,ChIJoWm3KDZ8yUARy6xT36wZgSU,2021-01-25,-29,-21,-31,-35,-20,-3
MD,Moldova,,,,,,ChIJoWm3KDZ8yUARy6xT36wZgSU,2021-01-26,-26,-10,-27,-31,-20,-3
MD,Moldova,,,,,,ChIJoWm3KDZ8yUARy6xT36wZgSU,2021-01-27,-26,-8,-27,-30,-20,-4
MD,Moldova,,,,,,ChIJoWm3KDZ8yUARy6xT36wZgSU,2021-01-28,-32,-15,-23,-37,-23,-1
MD,Moldova,,,,,,ChIJoWm3KDZ8yUARy6xT36wZgSU,2021-01-29,-30,-9,-24,-36,-20,-3
MD,Moldova,,,,,,ChIJoWm3KDZ8yUARy6xT36wZgSU,2021-01-30,-31,-11,-27,-37,-20,-4
MD,Moldova,,,,,,ChIJoWm3KDZ8yUARy6xT36wZgSU,2021-01-31,-32,-14,-30,-38,-23,-4
MD,Moldova,,,,,,ChIJoWm3KDZ8yUARy6xT36wZgSU,2021-02-01,-30,-18,-27,-36,-20,-3
MD,Moldova,,,,,,ChIJoWm3KDZ8yUARy6xT36wZgSU,2021-02-02,-26,-8,-29,-34,-20,-4
MD,Moldova,,,,,,ChIJoWm3KDZ8yUARy6xT36wZgSU,2021-02-03,-24,-6,-30,-33,-20,-5
MD,Moldova,,,,,,ChIJoWm3KDZ8yUARy6xT36wZgSU,2021-02-04,-26,-10,-25,-35,-20,-4
MD,Moldova,,,,,,ChIJoWm3KDZ8yUARy6xT36wZgSU,2021-02-05,-28,-9,-23,-36,-19,-4
MD,Moldova,,,,,,ChIJoWm3KDZ8yUARy6xT36wZgSU,2021-02-06,-31,-13,-26,-40,-24,-4
MD,Moldova,,,,,,ChIJoWm3KDZ8yUARy6xT36wZgSU,2021-02-07,-37,-22,-29,-44,-24,-3
MD,Moldova,,,,,,ChIJoWm3KDZ8yUARy6xT36wZgSU,2021-02-08,-33,-24,-31,-40,-22,-2
MD,Moldova,,,,,,ChIJoWm3KDZ8yUARy6xT36wZgSU,2021-02-09,-26,-9,-29,-37,-20,-3
MD,Moldova,,,,,,ChIJoWm3KDZ8yUARy6xT36wZgSU,2021-02-10,-20,0,-26,-30,-19,-5
MD,Moldova,,,,,,ChIJoWm3KDZ8yUARy6xT36wZgSU,2021-02-11,-23,-5,-29,-32,-20,-4
MD,Moldova,,,,,,ChIJoWm3KDZ8yUARy6xT36wZgSU,2021-02-12,-34,-14,-41,-41,-23,-2
MD,Moldova,,,,,,ChIJoWm3KDZ8yUARy6xT36wZgSU,2021-02-13,-33,-15,-44,-45,-28,-2
MD,Moldova,,,,,,ChIJoWm3KDZ8yUARy6xT36wZgSU,2021-02-14,-22,-10,-34,-39,-23,-4
MD,Moldova,,,,,,ChIJoWm3KDZ8yUARy6xT36wZgSU,2021-02-15,-28,-18,-33,-38,-21,-4
MD,Moldova,,,,,,ChIJoWm3KDZ8yUARy6xT36wZgSU,2021-02-16,-27,-10,-37,-36,-21,-3
MD,Moldova,,,,,,ChIJoWm3KDZ8yUARy6xT36wZgSU,2021-02-17,-24,-4,-37,-33,-21,-4
MD,Moldova,,,,,,ChIJoWm3KDZ8yUARy6xT36wZgSU,2021-02-18,-25,-5,-34,-33,-21,-4
MD,Moldova,,,,,,ChIJoWm3KDZ8yUARy6xT36wZgSU,2021-02-19,-28,-8,-32,-36,-20,-3
MD,Moldova,,,,,,ChIJoWm3KDZ8yUARy6xT36wZgSU,2021-02-20,-31,-6,-31,-40,-23,-5
MD,Moldova,,,,,,ChIJoWm3KDZ8yUARy6xT36wZgSU,2021-02-21,-32,-12,-22,-40,-25,-5
MD,Moldova,,,,,,ChIJoWm3KDZ8yUARy6xT36wZgSU,2021-02-22,-21,-12,-21,-33,-22,-4
MD,Moldova,,,,,,ChIJoWm3KDZ8yUARy6xT36wZgSU,2021-02-23,-18,-1,-20,-37,-24,-5
MD,Moldova,,,,,,ChIJoWm3KDZ8yUARy6xT36wZgSU,2021-02-24,-22,-4,-32,-31,-20,-5
MD,Moldova,,,,,,ChIJoWm3KDZ8yUARy6xT36wZgSU,2021-02-25,-18,-1,-16,-27,-19,-6
MD,Moldova,,,,,,ChIJoWm3KDZ8yUARy6xT36wZgSU,2021-02-26,-20,-3,-15,-31,-18,-6
MD,Moldova,,,,,,ChIJoWm3KDZ8yUARy6xT36wZgSU,2021-02-27,-31,-8,-34,-38,-16,-5
MD,Moldova,,,,,,ChIJoWm3KDZ8yUARy6xT36wZgSU,2021-02-28,-32,-11,-33,-40,-24,-4
MD,Moldova,,,,,,ChIJoWm3KDZ8yUARy6xT36wZgSU,2021-03-01,-29,-20,-35,-39,-35,-1
MD,Moldova,,,,,,ChIJoWm3KDZ8yUARy6xT36wZgSU,2021-03-02,-21,-5,-24,-34,-34,-2
MD,Moldova,,,,,,ChIJoWm3KDZ8yUARy6xT36wZgSU,2021-03-03,-17,2,-24,-29,-34,-3
MD,Moldova,,,,,,ChIJoWm3KDZ8yUARy6xT36wZgSU,2021-03-04,-17,0,-17,-29,-34,-3
MD,Moldova,,,,,,ChIJoWm3KDZ8yUARy6xT36wZgSU,2021-03-05,-20,-1,-22,-32,-33,-3
MD,Moldova,,,,,,ChIJoWm3KDZ8yUARy6xT36wZgSU,2021-03-06,-23,-1,-28,-32,-22,-6
MD,Moldova,,,,,,ChIJoWm3KDZ8yUARy6xT36wZgSU,2021-03-07,-13,8,-15,-26,-20,-8
MD,Moldova,,,,,,ChIJoWm3KDZ8yUARy6xT36wZgSU,2021-03-08,-21,-8,-15,-35,-69,1
MD,Moldova,,,,,,ChIJoWm3KDZ8yUARy6xT36wZgSU,2021-03-09,-27,-12,-32,-37,-35,-3
MD,Moldova,,,,,,ChIJoWm3KDZ8yUARy6xT36wZgSU,2021-03-10,-24,-5,-35,-34,-35,-2
MD,Moldova,,,,,,ChIJoWm3KDZ8yUARy6xT36wZgSU,2021-03-11,-23,-4,-26,-33,-35,-2
MD,Moldova,,,,,,ChIJoWm3KDZ8yUARy6xT36wZgSU,2021-03-12,-34,-12,-40,-42,-35,1
MD,Moldova,,,,,,ChIJoWm3KDZ8yUARy6xT36wZgSU,2021-03-13,-30,-7,-31,-39,-19,-4
MD,Moldova,,,,,,ChIJoWm3KDZ8yUARy6xT36wZgSU,2021-03-14,-29,-10,-22,-38,-24,-4
MD,Moldova,,,,,,ChIJoWm3KDZ8yUARy6xT36wZgSU,2021-03-15,-29,-19,-32,-37,-35,0
MD,Moldova,,,,,,ChIJoWm3KDZ8yUARy6xT36wZgSU,2021-03-16,-24,-4,-28,-33,-30,-2
MD,Moldova,,,,,,ChIJoWm3KDZ8yUARy6xT36wZgSU,2021-03-17,-27,-6,-39,-36,-31,-1
MD,Moldova,,,,,,ChIJoWm3KDZ8yUARy6xT36wZgSU,2021-03-18,-28,-8,-34,-33,-30,-1
MD,Moldova,,,,,,ChIJoWm3KDZ8yUARy6xT36wZgSU,2021-03-19,-31,-8,-33,-36,-29,0
MD,Moldova,,,,,,ChIJoWm3KDZ8yUARy6xT36wZgSU,2021-03-20,-29,-6,-24,-34,-20,-4
MD,Moldova,,,,,,ChIJoWm3KDZ8yUARy6xT36wZgSU,2021-03-21,-26,-6,-14,-32,-22,-5
MD,Moldova,,,,,,ChIJoWm3KDZ8yUARy6xT36wZgSU,2021-03-22,-28,-17,-25,-33,-32,-1
MD,Moldova,,,,,,ChIJoWm3KDZ8yUARy6xT36wZgSU,2021-03-23,-30,-10,-34,-35,-32,-1
MD,Moldova,,,,,,ChIJoWm3KDZ8yUARy6xT36wZgSU,2021-03-24,-31,-8,-39,-33,-33,0
MD,Moldova,,,,,,ChIJoWm3KDZ8yUARy6xT36wZgSU,2021-03-25,-29,-8,-29,-32,-32,0
MD,Moldova,,,,,,ChIJoWm3KDZ8yUARy6xT36wZgSU,2021-03-26,-28,-6,-17,-32,-31,-2
MD,Moldova,,,,,,ChIJoWm3KDZ8yUARy6xT36wZgSU,2021-03-27,-28,-7,-9,-31,-21,-7
MD,Moldova,,,,,,ChIJoWm3KDZ8yUARy6xT36wZgSU,2021-03-28,-26,-8,-8,-31,-22,-7
MD,Moldova,,,,,,ChIJoWm3KDZ8yUARy6xT36wZgSU,2021-03-29,-33,-22,-33,-38,-32,0
MD,Moldova,,,,,,ChIJoWm3KDZ8yUARy6xT36wZgSU,2021-03-30,-23,-5,-16,-29,-30,-3
MD,Moldova,,,,,,ChIJoWm3KDZ8yUARy6xT36wZgSU,2021-03-31,-21,0,-17,-27,-31,-4
MD,Moldova,,,,,,ChIJoWm3KDZ8yUARy6xT36wZgSU,2021-04-01,-20,-1,-3,-26,-30,-4
MD,Moldova,,,,,,ChIJoWm3KDZ8yUARy6xT36wZgSU,2021-04-02,-32,-8,-35,-35,-31,-1
MD,Moldova,,,,,,ChIJoWm3KDZ8yUARy6xT36wZgSU,2021-04-03,-27,-2,-21,-30,-21,-6
MD,Moldova,,,,,,ChIJoWm3KDZ8yUARy6xT36wZgSU,2021-04-04,-30,-7,-28,-34,-25,-4
