country_region_code,country_region,sub_region_1,sub_region_2,metro_area,iso_3166_2_code,census_fips_code,place_id,date,retail_and_recreation_percent_change_from_baseline,grocery_and_pharmacy_percent_change_from_baseline,parks_percent_change_from_baseline,transit_stations_percent_change_from_baseline,workplaces_percent_change_from_baseline,residential_percent_change_from_baseline
ZA,South Africa,,,,,,ChIJURLu2YmmNBwRoOikHwxjXeg,2021-01-01,-66,-52,-8,-65,-83,36
ZA,South Africa,,,,,,ChIJURLu2YmmNBwRoOikHwxjXeg,2021-01-02,-35,-15,-26,-41,-30,18
ZA,South Africa,,,,,,ChIJURLu2YmmNBwRoOikHwxjXeg,2021-01-03,-32,-11,-19,-35,-13,14
ZA,South Africa,,,,,,ChIJURLu2YmmNBwRoOikHwxjXeg,2021-01-04,-18,3,-16,-38,-48,22
ZA,South Africa,,,,,,ChIJURLu2YmmNBwRoOikHwxjXeg,2021-01-05,-24,-2,-19,-39,-47,23
ZA,South Africa,,,,,,ChIJURLu2YmmNBwRoOikHwxjXeg,2021-01-06,-23,0,-18,-39,-44,23
ZA,South Africa,,,,,,ChIJURLu2YmmNBwRoOikHwxjXeg,2021-01-07,-23,-1,-18,-41,-43,23
ZA,South Africa,,,,,,ChIJURLu2YmmNBwRoOikHwxjXeg,2021-01-08,-28,-5,-25,-42,-42,23
ZA,South Africa,,,,,,ChIJURLu2YmmNBwRoOikHwxjXeg,2021-01-09,-30,-9,-35,-40,-12,15
ZA,South Africa,,,,,,ChIJURLu2YmmNBwRoOikHwxjXeg,2021-01-10,-36,-13,-33,-46,-11,15
ZA,South Africa,,,,,,ChIJURLu2YmmNBwRoOikHwxjXeg,2021-01-11,-28,-10,-31,-46,-37,21
ZA,South Africa,,,,,,ChIJURLu2YmmNBwRoOikHwxjXeg,2021-01-12,-31,-13,-31,-45,-37,20
ZA,South Africa,,,,,,ChIJURLu2YmmNBwRoOikHwxjXeg,2021-01-13,-33,-15,-32,-49,-38,19
ZA,South Africa,,,,,,ChIJURLu2YmmNBwRoOikHwxjXeg,2021-01-14,-34,-17,-34,-53,-41,19
ZA,South Africa,,,,,,ChIJURLu2YmmNBwRoOikHwxjXeg,2021-01-15,-34,-15,-41,-53,-41,18
ZA,South Africa,,,,,,ChIJURLu2YmmNBwRoOikHwxjXeg,2021-01-16,-35,-17,-46,-53,-21,13
ZA,South Africa,,,,,,ChIJURLu2YmmNBwRoOikHwxjXeg,2021-01-17,-39,-19,-38,-57,-20,13
ZA,South Africa,,,,,,ChIJURLu2YmmNBwRoOikHwxjXeg,2021-01-18,-35,-21,-39,-54,-40,18
ZA,South Africa,,,,,,ChIJURLu2YmmNBwRoOikHwxjXeg,2021-01-19,-36,-21,-39,-53,-40,19
ZA,South Africa,,,,,,ChIJURLu2YmmNBwRoOikHwxjXeg,2021-01-20,-33,-17,-37,-53,-39,20
ZA,South Africa,,,,,,ChIJURLu2YmmNBwRoOikHwxjXeg,2021-01-21,-32,-14,-36,-53,-38,20
ZA,South Africa,,,,,,ChIJURLu2YmmNBwRoOikHwxjXeg,2021-01-22,-31,-12,-37,-50,-37,19
ZA,South Africa,,,,,,ChIJURLu2YmmNBwRoOikHwxjXeg,2021-01-23,-29,-9,-42,-49,-15,13
ZA,South Africa,,,,,,ChIJURLu2YmmNBwRoOikHwxjXeg,2021-01-24,-37,-16,-42,-56,-17,15
ZA,South Africa,,,,,,ChIJURLu2YmmNBwRoOikHwxjXeg,2021-01-25,-29,-13,-40,-52,-36,19
ZA,South Africa,,,,,,ChIJURLu2YmmNBwRoOikHwxjXeg,2021-01-26,-27,-9,-37,-48,-34,18
ZA,South Africa,,,,,,ChIJURLu2YmmNBwRoOikHwxjXeg,2021-01-27,-25,-7,-37,-48,-33,18
ZA,South Africa,,,,,,ChIJURLu2YmmNBwRoOikHwxjXeg,2021-01-28,-23,-4,-36,-48,-34,18
ZA,South Africa,,,,,,ChIJURLu2YmmNBwRoOikHwxjXeg,2021-01-29,-19,3,-36,-41,-32,16
ZA,South Africa,,,,,,ChIJURLu2YmmNBwRoOikHwxjXeg,2021-01-30,-15,6,-41,-38,-10,10
ZA,South Africa,,,,,,ChIJURLu2YmmNBwRoOikHwxjXeg,2021-01-31,-19,6,-40,-44,-10,11
ZA,South Africa,,,,,,ChIJURLu2YmmNBwRoOikHwxjXeg,2021-02-01,-21,-4,-42,-43,-29,16
ZA,South Africa,,,,,,ChIJURLu2YmmNBwRoOikHwxjXeg,2021-02-02,-19,0,-35,-43,-29,15
ZA,South Africa,,,,,,ChIJURLu2YmmNBwRoOikHwxjXeg,2021-02-03,-19,-1,-33,-43,-28,16
ZA,South Africa,,,,,,ChIJURLu2YmmNBwRoOikHwxjXeg,2021-02-04,-18,1,-33,-44,-28,16
ZA,South Africa,,,,,,ChIJURLu2YmmNBwRoOikHwxjXeg,2021-02-05,-18,-2,-31,-40,-27,13
ZA,South Africa,,,,,,ChIJURLu2YmmNBwRoOikHwxjXeg,2021-02-06,-18,-4,-32,-41,-10,9
ZA,South Africa,,,,,,ChIJURLu2YmmNBwRoOikHwxjXeg,2021-02-07,-25,-8,-29,-45,-11,10
ZA,South Africa,,,,,,ChIJURLu2YmmNBwRoOikHwxjXeg,2021-02-08,-22,-9,-35,-42,-29,15
ZA,South Africa,,,,,,ChIJURLu2YmmNBwRoOikHwxjXeg,2021-02-09,-23,-7,-35,-42,-28,15
ZA,South Africa,,,,,,ChIJURLu2YmmNBwRoOikHwxjXeg,2021-02-10,-21,-6,-32,-43,-27,14
ZA,South Africa,,,,,,ChIJURLu2YmmNBwRoOikHwxjXeg,2021-02-11,-17,1,-34,-42,-27,14
ZA,South Africa,,,,,,ChIJURLu2YmmNBwRoOikHwxjXeg,2021-02-12,-18,-3,-36,-37,-26,14
ZA,South Africa,,,,,,ChIJURLu2YmmNBwRoOikHwxjXeg,2021-02-13,-14,0,-35,-38,-8,9
ZA,South Africa,,,,,,ChIJURLu2YmmNBwRoOikHwxjXeg,2021-02-14,-11,2,-34,-41,-7,10
ZA,South Africa,,,,,,ChIJURLu2YmmNBwRoOikHwxjXeg,2021-02-15,-19,-5,-45,-42,-26,14
ZA,South Africa,,,,,,ChIJURLu2YmmNBwRoOikHwxjXeg,2021-02-16,-22,-5,-44,-41,-26,14
ZA,South Africa,,,,,,ChIJURLu2YmmNBwRoOikHwxjXeg,2021-02-17,-20,-3,-40,-41,-24,14
ZA,South Africa,,,,,,ChIJURLu2YmmNBwRoOikHwxjXeg,2021-02-18,-18,0,-41,-40,-24,14
ZA,South Africa,,,,,,ChIJURLu2YmmNBwRoOikHwxjXeg,2021-02-19,-18,-3,-40,-36,-23,13
ZA,South Africa,,,,,,ChIJURLu2YmmNBwRoOikHwxjXeg,2021-02-20,-17,-2,-38,-38,-5,10
ZA,South Africa,,,,,,ChIJURLu2YmmNBwRoOikHwxjXeg,2021-02-21,-24,-6,-38,-42,-7,11
ZA,South Africa,,,,,,ChIJURLu2YmmNBwRoOikHwxjXeg,2021-02-22,-26,-13,-46,-43,-24,15
ZA,South Africa,,,,,,ChIJURLu2YmmNBwRoOikHwxjXeg,2021-02-23,-23,-9,-44,-41,-23,14
ZA,South Africa,,,,,,ChIJURLu2YmmNBwRoOikHwxjXeg,2021-02-24,-22,-8,-42,-40,-23,14
ZA,South Africa,,,,,,ChIJURLu2YmmNBwRoOikHwxjXeg,2021-02-25,-6,13,-42,-35,-22,12
ZA,South Africa,,,,,,ChIJURLu2YmmNBwRoOikHwxjXeg,2021-02-26,-3,14,-40,-27,-21,10
ZA,South Africa,,,,,,ChIJURLu2YmmNBwRoOikHwxjXeg,2021-02-27,5,22,-34,-23,-1,5
ZA,South Africa,,,,,,ChIJURLu2YmmNBwRoOikHwxjXeg,2021-02-28,2,23,-27,-27,1,5
ZA,South Africa,,,,,,ChIJURLu2YmmNBwRoOikHwxjXeg,2021-03-01,-5,13,-39,-27,-20,11
ZA,South Africa,,,,,,ChIJURLu2YmmNBwRoOikHwxjXeg,2021-03-02,-9,11,-38,-29,-20,12
ZA,South Africa,,,,,,ChIJURLu2YmmNBwRoOikHwxjXeg,2021-03-03,-7,13,-37,-30,-19,12
ZA,South Africa,,,,,,ChIJURLu2YmmNBwRoOikHwxjXeg,2021-03-04,-7,13,-37,-30,-20,12
ZA,South Africa,,,,,,ChIJURLu2YmmNBwRoOikHwxjXeg,2021-03-05,-4,16,-35,-24,-18,10
ZA,South Africa,,,,,,ChIJURLu2YmmNBwRoOikHwxjXeg,2021-03-06,-3,14,-32,-25,-2,7
ZA,South Africa,,,,,,ChIJURLu2YmmNBwRoOikHwxjXeg,2021-03-07,-11,9,-31,-30,-2,8
ZA,South Africa,,,,,,ChIJURLu2YmmNBwRoOikHwxjXeg,2021-03-08,-16,-1,-41,-31,-20,13
ZA,South Africa,,,,,,ChIJURLu2YmmNBwRoOikHwxjXeg,2021-03-09,-18,-1,-41,-33,-20,13
ZA,South Africa,,,,,,ChIJURLu2YmmNBwRoOikHwxjXeg,2021-03-10,-17,0,-41,-34,-20,13
ZA,South Africa,,,,,,ChIJURLu2YmmNBwRoOikHwxjXeg,2021-03-11,-14,3,-38,-33,-20,12
ZA,South Africa,,,,,,ChIJURLu2YmmNBwRoOikHwxjXeg,2021-03-12,-12,5,-37,-28,-18,10
ZA,South Africa,,,,,,ChIJURLu2YmmNBwRoOikHwxjXeg,2021-03-13,-10,5,-35,-30,-2,7
ZA,South Africa,,,,,,ChIJURLu2YmmNBwRoOikHwxjXeg,2021-03-14,-17,0,-34,-35,-4,8
ZA,South Africa,,,,,,ChIJURLu2YmmNBwRoOikHwxjXeg,2021-03-15,-15,0,-43,-33,-19,12
ZA,South Africa,,,,,,ChIJURLu2YmmNBwRoOikHwxjXeg,2021-03-16,-17,-1,-41,-33,-19,11
ZA,South Africa,,,,,,ChIJURLu2YmmNBwRoOikHwxjXeg,2021-03-17,-16,0,-39,-34,-18,12
ZA,South Africa,,,,,,ChIJURLu2YmmNBwRoOikHwxjXeg,2021-03-18,-13,5,-37,-31,-18,12
ZA,South Africa,,,,,,ChIJURLu2YmmNBwRoOikHwxjXeg,2021-03-19,-9,10,-34,-24,-18,10
ZA,South Africa,,,,,,ChIJURLu2YmmNBwRoOikHwxjXeg,2021-03-20,-9,8,-33,-28,-5,8
ZA,South Africa,,,,,,ChIJURLu2YmmNBwRoOikHwxjXeg,2021-03-21,-16,-1,-24,-37,-6,9
ZA,South Africa,,,,,,ChIJURLu2YmmNBwRoOikHwxjXeg,2021-03-22,-25,-16,-22,-49,-72,26
ZA,South Africa,,,,,,ChIJURLu2YmmNBwRoOikHwxjXeg,2021-03-23,-21,-3,-42,-30,-17,12
ZA,South Africa,,,,,,ChIJURLu2YmmNBwRoOikHwxjXeg,2021-03-24,-18,-1,-40,-34,-18,14
ZA,South Africa,,,,,,ChIJURLu2YmmNBwRoOikHwxjXeg,2021-03-25,-4,18,-39,-28,-17,12
ZA,South Africa,,,,,,ChIJURLu2YmmNBwRoOikHwxjXeg,2021-03-26,1,23,-37,-19,-16,10
ZA,South Africa,,,,,,ChIJURLu2YmmNBwRoOikHwxjXeg,2021-03-27,4,23,-35,-19,3,6
ZA,South Africa,,,,,,ChIJURLu2YmmNBwRoOikHwxjXeg,2021-03-28,-5,18,-32,-26,1,8
ZA,South Africa,,,,,,ChIJURLu2YmmNBwRoOikHwxjXeg,2021-03-29,-10,7,-37,-27,-18,12
ZA,South Africa,,,,,,ChIJURLu2YmmNBwRoOikHwxjXeg,2021-03-30,-8,12,-37,-25,-17,11
ZA,South Africa,,,,,,ChIJURLu2YmmNBwRoOikHwxjXeg,2021-03-31,2,24,-34,-20,-17,10
ZA,South Africa,,,,,,ChIJURLu2YmmNBwRoOikHwxjXeg,2021-04-01,20,51,-23,-5,-20,7
ZA,South Africa,,,,,,ChIJURLu2YmmNBwRoOikHwxjXeg,2021-04-02,-30,-10,-12,-39,-75,25
ZA,South Africa,,,,,,ChIJURLu2YmmNBwRoOikHwxjXeg,2021-04-03,-7,12,-16,-31,-20,8
ZA,South Africa,,,,,,ChIJURLu2YmmNBwRoOikHwxjXeg,2021-04-04,-17,-2,-8,-35,-10,7
ZA,South Africa,Eastern Cape,,,ZA-EC,,ChIJu5znKjRWYh4RkqxyqdKUajo,2021-01-01,-67,-49,28,-56,-81,33
ZA,South Africa,Eastern Cape,,,ZA-EC,,ChIJu5znKjRWYh4RkqxyqdKUajo,2021-01-02,-31,-10,-1,-23,-29,16
ZA,South Africa,Eastern Cape,,,ZA-EC,,ChIJu5znKjRWYh4RkqxyqdKUajo,2021-01-03,-25,-11,9,-22,-16,12
ZA,South Africa,Eastern Cape,,,ZA-EC,,ChIJu5znKjRWYh4RkqxyqdKUajo,2021-01-04,-8,8,15,-28,-44,19
ZA,South Africa,Eastern Cape,,,ZA-EC,,ChIJu5znKjRWYh4RkqxyqdKUajo,2021-01-05,-14,2,9,-28,-42,18
ZA,South Africa,Eastern Cape,,,ZA-EC,,ChIJu5znKjRWYh4RkqxyqdKUajo,2021-01-06,-12,3,11,-30,-39,19
ZA,South Africa,Eastern Cape,,,ZA-EC,,ChIJu5znKjRWYh4RkqxyqdKUajo,2021-01-07,-11,4,4,-33,-38,20
ZA,South Africa,Eastern Cape,,,ZA-EC,,ChIJu5znKjRWYh4RkqxyqdKUajo,2021-01-08,-26,-8,-8,-33,-38,20
ZA,South Africa,Eastern Cape,,,ZA-EC,,ChIJu5znKjRWYh4RkqxyqdKUajo,2021-01-09,-33,-11,-20,-32,-11,13
ZA,South Africa,Eastern Cape,,,ZA-EC,,ChIJu5znKjRWYh4RkqxyqdKUajo,2021-01-10,-36,-18,-19,-36,-15,12
ZA,South Africa,Eastern Cape,,,ZA-EC,,ChIJu5znKjRWYh4RkqxyqdKUajo,2021-01-11,-25,-11,-11,-42,-31,17
ZA,South Africa,Eastern Cape,,,ZA-EC,,ChIJu5znKjRWYh4RkqxyqdKUajo,2021-01-12,-28,-14,-15,-41,-32,17
ZA,South Africa,Eastern Cape,,,ZA-EC,,ChIJu5znKjRWYh4RkqxyqdKUajo,2021-01-13,-30,-19,-18,-45,-33,17
ZA,South Africa,Eastern Cape,,,ZA-EC,,ChIJu5znKjRWYh4RkqxyqdKUajo,2021-01-14,-31,-19,-23,-51,-36,17
ZA,South Africa,Eastern Cape,,,ZA-EC,,ChIJu5znKjRWYh4RkqxyqdKUajo,2021-01-15,-34,-20,-32,-47,-37,15
ZA,South Africa,Eastern Cape,,,ZA-EC,,ChIJu5znKjRWYh4RkqxyqdKUajo,2021-01-16,-40,-20,-39,-47,-20,11
ZA,South Africa,Eastern Cape,,,ZA-EC,,ChIJu5znKjRWYh4RkqxyqdKUajo,2021-01-17,-41,-26,-33,-48,-22,10
ZA,South Africa,Eastern Cape,,,ZA-EC,,ChIJu5znKjRWYh4RkqxyqdKUajo,2021-01-18,-33,-22,-26,-52,-35,14
ZA,South Africa,Eastern Cape,,,ZA-EC,,ChIJu5znKjRWYh4RkqxyqdKUajo,2021-01-19,-35,-23,-30,-51,-35,16
ZA,South Africa,Eastern Cape,,,ZA-EC,,ChIJu5znKjRWYh4RkqxyqdKUajo,2021-01-20,-27,-19,-23,-49,-33,16
ZA,South Africa,Eastern Cape,,,ZA-EC,,ChIJu5znKjRWYh4RkqxyqdKUajo,2021-01-21,-24,-14,-26,-48,-32,16
ZA,South Africa,Eastern Cape,,,ZA-EC,,ChIJu5znKjRWYh4RkqxyqdKUajo,2021-01-22,-32,-19,-29,-47,-32,16
ZA,South Africa,Eastern Cape,,,ZA-EC,,ChIJu5znKjRWYh4RkqxyqdKUajo,2021-01-23,-36,-16,-39,-50,-15,12
ZA,South Africa,Eastern Cape,,,ZA-EC,,ChIJu5znKjRWYh4RkqxyqdKUajo,2021-01-24,-40,-25,-37,-52,-21,13
ZA,South Africa,Eastern Cape,,,ZA-EC,,ChIJu5znKjRWYh4RkqxyqdKUajo,2021-01-25,-24,-12,-26,-48,-28,14
ZA,South Africa,Eastern Cape,,,ZA-EC,,ChIJu5znKjRWYh4RkqxyqdKUajo,2021-01-26,-23,-11,-26,-47,-28,13
ZA,South Africa,Eastern Cape,,,ZA-EC,,ChIJu5znKjRWYh4RkqxyqdKUajo,2021-01-27,-26,-17,-29,-48,-29,17
ZA,South Africa,Eastern Cape,,,ZA-EC,,ChIJu5znKjRWYh4RkqxyqdKUajo,2021-01-28,-16,-6,-25,-43,-26,15
ZA,South Africa,Eastern Cape,,,ZA-EC,,ChIJu5znKjRWYh4RkqxyqdKUajo,2021-01-29,-16,-2,-30,-37,-26,12
ZA,South Africa,Eastern Cape,,,ZA-EC,,ChIJu5znKjRWYh4RkqxyqdKUajo,2021-01-30,-18,2,-38,-35,-8,8
ZA,South Africa,Eastern Cape,,,ZA-EC,,ChIJu5znKjRWYh4RkqxyqdKUajo,2021-01-31,-16,-2,-30,-41,-11,7
ZA,South Africa,Eastern Cape,,,ZA-EC,,ChIJu5znKjRWYh4RkqxyqdKUajo,2021-02-01,-18,-5,-34,-40,-22,12
ZA,South Africa,Eastern Cape,,,ZA-EC,,ChIJu5znKjRWYh4RkqxyqdKUajo,2021-02-02,-13,0,-31,-39,-21,11
ZA,South Africa,Eastern Cape,,,ZA-EC,,ChIJu5znKjRWYh4RkqxyqdKUajo,2021-02-03,-15,-4,-20,-42,-21,12
ZA,South Africa,Eastern Cape,,,ZA-EC,,ChIJu5znKjRWYh4RkqxyqdKUajo,2021-02-04,-11,2,-24,-37,-22,12
ZA,South Africa,Eastern Cape,,,ZA-EC,,ChIJu5znKjRWYh4RkqxyqdKUajo,2021-02-05,-21,-9,-29,-33,-22,10
ZA,South Africa,Eastern Cape,,,ZA-EC,,ChIJu5znKjRWYh4RkqxyqdKUajo,2021-02-06,-25,-9,-23,-35,-10,6
ZA,South Africa,Eastern Cape,,,ZA-EC,,ChIJu5znKjRWYh4RkqxyqdKUajo,2021-02-07,-27,-17,-25,-42,-15,8
ZA,South Africa,Eastern Cape,,,ZA-EC,,ChIJu5znKjRWYh4RkqxyqdKUajo,2021-02-08,-21,-10,-29,-38,-24,11
ZA,South Africa,Eastern Cape,,,ZA-EC,,ChIJu5znKjRWYh4RkqxyqdKUajo,2021-02-09,-20,-7,-26,-36,-23,11
ZA,South Africa,Eastern Cape,,,ZA-EC,,ChIJu5znKjRWYh4RkqxyqdKUajo,2021-02-10,-18,-10,-22,-38,-22,11
ZA,South Africa,Eastern Cape,,,ZA-EC,,ChIJu5znKjRWYh4RkqxyqdKUajo,2021-02-11,-13,-3,-25,-36,-21,12
ZA,South Africa,Eastern Cape,,,ZA-EC,,ChIJu5znKjRWYh4RkqxyqdKUajo,2021-02-12,-21,-10,-30,-30,-21,11
ZA,South Africa,Eastern Cape,,,ZA-EC,,ChIJu5znKjRWYh4RkqxyqdKUajo,2021-02-13,-23,-8,-29,-35,-9,8
ZA,South Africa,Eastern Cape,,,ZA-EC,,ChIJu5znKjRWYh4RkqxyqdKUajo,2021-02-14,-14,-8,-27,-37,-12,7
ZA,South Africa,Eastern Cape,,,ZA-EC,,ChIJu5znKjRWYh4RkqxyqdKUajo,2021-02-15,-19,-6,-42,-38,-22,11
ZA,South Africa,Eastern Cape,,,ZA-EC,,ChIJu5znKjRWYh4RkqxyqdKUajo,2021-02-16,-21,-7,-40,-37,-21,11
ZA,South Africa,Eastern Cape,,,ZA-EC,,ChIJu5znKjRWYh4RkqxyqdKUajo,2021-02-17,-19,-7,-34,-38,-19,11
ZA,South Africa,Eastern Cape,,,ZA-EC,,ChIJu5znKjRWYh4RkqxyqdKUajo,2021-02-18,-14,-3,-36,-34,-19,12
ZA,South Africa,Eastern Cape,,,ZA-EC,,ChIJu5znKjRWYh4RkqxyqdKUajo,2021-02-19,-20,-7,-34,-30,-17,9
ZA,South Africa,Eastern Cape,,,ZA-EC,,ChIJu5znKjRWYh4RkqxyqdKUajo,2021-02-20,-24,-7,-40,-34,-6,9
ZA,South Africa,Eastern Cape,,,ZA-EC,,ChIJu5znKjRWYh4RkqxyqdKUajo,2021-02-21,-27,-14,-35,-38,-12,8
ZA,South Africa,Eastern Cape,,,ZA-EC,,ChIJu5znKjRWYh4RkqxyqdKUajo,2021-02-22,-23,-11,-34,-36,-18,10
ZA,South Africa,Eastern Cape,,,ZA-EC,,ChIJu5znKjRWYh4RkqxyqdKUajo,2021-02-23,-23,-11,-38,-35,-18,10
ZA,South Africa,Eastern Cape,,,ZA-EC,,ChIJu5znKjRWYh4RkqxyqdKUajo,2021-02-24,-20,-11,-33,-35,-20,11
ZA,South Africa,Eastern Cape,,,ZA-EC,,ChIJu5znKjRWYh4RkqxyqdKUajo,2021-02-25,-2,11,-33,-28,-16,9
ZA,South Africa,Eastern Cape,,,ZA-EC,,ChIJu5znKjRWYh4RkqxyqdKUajo,2021-02-26,-4,10,-33,-21,-15,7
ZA,South Africa,Eastern Cape,,,ZA-EC,,ChIJu5znKjRWYh4RkqxyqdKUajo,2021-02-27,-6,12,-33,-23,-2,4
ZA,South Africa,Eastern Cape,,,ZA-EC,,ChIJu5znKjRWYh4RkqxyqdKUajo,2021-02-28,-6,6,-31,-27,-7,5
ZA,South Africa,Eastern Cape,,,ZA-EC,,ChIJu5znKjRWYh4RkqxyqdKUajo,2021-03-01,-7,8,-31,-21,-15,7
ZA,South Africa,Eastern Cape,,,ZA-EC,,ChIJu5znKjRWYh4RkqxyqdKUajo,2021-03-02,-10,5,-30,-27,-15,8
ZA,South Africa,Eastern Cape,,,ZA-EC,,ChIJu5znKjRWYh4RkqxyqdKUajo,2021-03-03,-9,4,-33,-28,-15,9
ZA,South Africa,Eastern Cape,,,ZA-EC,,ChIJu5znKjRWYh4RkqxyqdKUajo,2021-03-04,-4,9,-30,-24,-15,10
ZA,South Africa,Eastern Cape,,,ZA-EC,,ChIJu5znKjRWYh4RkqxyqdKUajo,2021-03-05,-8,8,-29,-18,-14,7
ZA,South Africa,Eastern Cape,,,ZA-EC,,ChIJu5znKjRWYh4RkqxyqdKUajo,2021-03-06,-13,7,-30,-22,-3,6
ZA,South Africa,Eastern Cape,,,ZA-EC,,ChIJu5znKjRWYh4RkqxyqdKUajo,2021-03-07,-15,-3,-25,-26,-9,6
ZA,South Africa,Eastern Cape,,,ZA-EC,,ChIJu5znKjRWYh4RkqxyqdKUajo,2021-03-08,-18,-4,-35,-28,-15,10
ZA,South Africa,Eastern Cape,,,ZA-EC,,ChIJu5znKjRWYh4RkqxyqdKUajo,2021-03-09,-17,-4,-34,-27,-15,9
ZA,South Africa,Eastern Cape,,,ZA-EC,,ChIJu5znKjRWYh4RkqxyqdKUajo,2021-03-10,-14,-4,-28,-29,-15,10
ZA,South Africa,Eastern Cape,,,ZA-EC,,ChIJu5znKjRWYh4RkqxyqdKUajo,2021-03-11,-14,-3,-36,-29,-15,10
ZA,South Africa,Eastern Cape,,,ZA-EC,,ChIJu5znKjRWYh4RkqxyqdKUajo,2021-03-12,-17,-4,-32,-18,-14,6
ZA,South Africa,Eastern Cape,,,ZA-EC,,ChIJu5znKjRWYh4RkqxyqdKUajo,2021-03-13,-22,-4,-28,-27,-7,5
ZA,South Africa,Eastern Cape,,,ZA-EC,,ChIJu5znKjRWYh4RkqxyqdKUajo,2021-03-14,-25,-11,-31,-28,-11,6
ZA,South Africa,Eastern Cape,,,ZA-EC,,ChIJu5znKjRWYh4RkqxyqdKUajo,2021-03-15,-16,-2,-37,-29,-14,8
ZA,South Africa,Eastern Cape,,,ZA-EC,,ChIJu5znKjRWYh4RkqxyqdKUajo,2021-03-16,-17,-4,-37,-30,-15,7
ZA,South Africa,Eastern Cape,,,ZA-EC,,ChIJu5znKjRWYh4RkqxyqdKUajo,2021-03-17,-14,-3,-32,-26,-13,8
ZA,South Africa,Eastern Cape,,,ZA-EC,,ChIJu5znKjRWYh4RkqxyqdKUajo,2021-03-18,-9,2,-30,-14,-12,8
ZA,South Africa,Eastern Cape,,,ZA-EC,,ChIJu5znKjRWYh4RkqxyqdKUajo,2021-03-19,-12,3,-33,-8,-14,7
ZA,South Africa,Eastern Cape,,,ZA-EC,,ChIJu5znKjRWYh4RkqxyqdKUajo,2021-03-20,-18,1,-33,-25,-9,7
ZA,South Africa,Eastern Cape,,,ZA-EC,,ChIJu5znKjRWYh4RkqxyqdKUajo,2021-03-21,-21,-11,-23,-30,-14,8
ZA,South Africa,Eastern Cape,,,ZA-EC,,ChIJu5znKjRWYh4RkqxyqdKUajo,2021-03-22,-30,-18,-6,-33,-71,22
ZA,South Africa,Eastern Cape,,,ZA-EC,,ChIJu5znKjRWYh4RkqxyqdKUajo,2021-03-23,-18,-3,-35,-19,-12,8
ZA,South Africa,Eastern Cape,,,ZA-EC,,ChIJu5znKjRWYh4RkqxyqdKUajo,2021-03-24,-16,-3,-34,-28,-13,11
ZA,South Africa,Eastern Cape,,,ZA-EC,,ChIJu5znKjRWYh4RkqxyqdKUajo,2021-03-25,0,14,-34,-19,-10,10
ZA,South Africa,Eastern Cape,,,ZA-EC,,ChIJu5znKjRWYh4RkqxyqdKUajo,2021-03-26,-3,15,-31,-9,-10,6
ZA,South Africa,Eastern Cape,,,ZA-EC,,ChIJu5znKjRWYh4RkqxyqdKUajo,2021-03-27,-8,12,-37,-18,1,5
ZA,South Africa,Eastern Cape,,,ZA-EC,,ChIJu5znKjRWYh4RkqxyqdKUajo,2021-03-28,-12,2,-33,-21,-6,7
ZA,South Africa,Eastern Cape,,,ZA-EC,,ChIJu5znKjRWYh4RkqxyqdKUajo,2021-03-29,-11,4,-32,-19,-11,9
ZA,South Africa,Eastern Cape,,,ZA-EC,,ChIJu5znKjRWYh4RkqxyqdKUajo,2021-03-30,-7,7,-30,-12,-11,8
ZA,South Africa,Eastern Cape,,,ZA-EC,,ChIJu5znKjRWYh4RkqxyqdKUajo,2021-03-31,8,23,-26,-5,-11,7
ZA,South Africa,Eastern Cape,,,ZA-EC,,ChIJu5znKjRWYh4RkqxyqdKUajo,2021-04-01,31,53,-17,6,-15,4
ZA,South Africa,Eastern Cape,,,ZA-EC,,ChIJu5znKjRWYh4RkqxyqdKUajo,2021-04-02,-41,-22,-10,-29,-75,25
ZA,South Africa,Eastern Cape,,,ZA-EC,,ChIJu5znKjRWYh4RkqxyqdKUajo,2021-04-03,-15,5,-8,-24,-22,7
ZA,South Africa,Eastern Cape,,,ZA-EC,,ChIJu5znKjRWYh4RkqxyqdKUajo,2021-04-04,-16,-9,8,-26,-19,5
ZA,South Africa,Free State,,,ZA-FS,,ChIJGRTWM2HFjx4RRwqiTVWK9e0,2021-01-01,-68,-53,-20,-62,-80,31
ZA,South Africa,Free State,,,ZA-FS,,ChIJGRTWM2HFjx4RRwqiTVWK9e0,2021-01-02,-34,-9,-23,-40,-26,14
ZA,South Africa,Free State,,,ZA-FS,,ChIJGRTWM2HFjx4RRwqiTVWK9e0,2021-01-03,-28,-8,-10,-22,-18,11
ZA,South Africa,Free State,,,ZA-FS,,ChIJGRTWM2HFjx4RRwqiTVWK9e0,2021-01-04,-20,5,-35,-29,-41,18
ZA,South Africa,Free State,,,ZA-FS,,ChIJGRTWM2HFjx4RRwqiTVWK9e0,2021-01-05,-21,-2,-32,-20,-40,19
ZA,South Africa,Free State,,,ZA-FS,,ChIJGRTWM2HFjx4RRwqiTVWK9e0,2021-01-06,-17,4,-34,-28,-36,17
ZA,South Africa,Free State,,,ZA-FS,,ChIJGRTWM2HFjx4RRwqiTVWK9e0,2021-01-07,-21,4,-31,-34,-37,16
ZA,South Africa,Free State,,,ZA-FS,,ChIJGRTWM2HFjx4RRwqiTVWK9e0,2021-01-08,-25,0,-40,-26,-37,17
ZA,South Africa,Free State,,,ZA-FS,,ChIJGRTWM2HFjx4RRwqiTVWK9e0,2021-01-09,-30,-3,-34,-30,-9,11
ZA,South Africa,Free State,,,ZA-FS,,ChIJGRTWM2HFjx4RRwqiTVWK9e0,2021-01-10,-33,-8,-26,-39,-16,10
ZA,South Africa,Free State,,,ZA-FS,,ChIJGRTWM2HFjx4RRwqiTVWK9e0,2021-01-11,-29,-7,-47,-36,-33,15
ZA,South Africa,Free State,,,ZA-FS,,ChIJGRTWM2HFjx4RRwqiTVWK9e0,2021-01-12,-25,-9,-42,-24,-32,14
ZA,South Africa,Free State,,,ZA-FS,,ChIJGRTWM2HFjx4RRwqiTVWK9e0,2021-01-13,-31,-15,-47,-33,-33,15
ZA,South Africa,Free State,,,ZA-FS,,ChIJGRTWM2HFjx4RRwqiTVWK9e0,2021-01-14,-34,-15,-47,-45,-36,14
ZA,South Africa,Free State,,,ZA-FS,,ChIJGRTWM2HFjx4RRwqiTVWK9e0,2021-01-15,-32,-13,-55,-40,-39,14
ZA,South Africa,Free State,,,ZA-FS,,ChIJGRTWM2HFjx4RRwqiTVWK9e0,2021-01-16,-35,-9,-45,-35,-20,9
ZA,South Africa,Free State,,,ZA-FS,,ChIJGRTWM2HFjx4RRwqiTVWK9e0,2021-01-17,-38,-15,-38,-45,-25,9
ZA,South Africa,Free State,,,ZA-FS,,ChIJGRTWM2HFjx4RRwqiTVWK9e0,2021-01-18,-34,-15,-51,-40,-37,13
ZA,South Africa,Free State,,,ZA-FS,,ChIJGRTWM2HFjx4RRwqiTVWK9e0,2021-01-19,-31,-17,-50,-35,-37,14
ZA,South Africa,Free State,,,ZA-FS,,ChIJGRTWM2HFjx4RRwqiTVWK9e0,2021-01-20,-29,-14,-49,-36,-35,15
ZA,South Africa,Free State,,,ZA-FS,,ChIJGRTWM2HFjx4RRwqiTVWK9e0,2021-01-21,-30,-11,-48,-42,-35,15
ZA,South Africa,Free State,,,ZA-FS,,ChIJGRTWM2HFjx4RRwqiTVWK9e0,2021-01-22,-29,-8,-53,-37,-35,15
ZA,South Africa,Free State,,,ZA-FS,,ChIJGRTWM2HFjx4RRwqiTVWK9e0,2021-01-23,-31,-5,-44,-35,-16,10
ZA,South Africa,Free State,,,ZA-FS,,ChIJGRTWM2HFjx4RRwqiTVWK9e0,2021-01-24,-35,-13,-37,-41,-23,11
ZA,South Africa,Free State,,,ZA-FS,,ChIJGRTWM2HFjx4RRwqiTVWK9e0,2021-01-25,-27,-6,-55,-35,-31,14
ZA,South Africa,Free State,,,ZA-FS,,ChIJGRTWM2HFjx4RRwqiTVWK9e0,2021-01-26,-22,-7,-48,-23,-31,13
ZA,South Africa,Free State,,,ZA-FS,,ChIJGRTWM2HFjx4RRwqiTVWK9e0,2021-01-27,-26,-12,-54,-34,-30,16
ZA,South Africa,Free State,,,ZA-FS,,ChIJGRTWM2HFjx4RRwqiTVWK9e0,2021-01-28,-21,0,-49,-42,-30,13
ZA,South Africa,Free State,,,ZA-FS,,ChIJGRTWM2HFjx4RRwqiTVWK9e0,2021-01-29,-14,9,-49,-25,-29,11
ZA,South Africa,Free State,,,ZA-FS,,ChIJGRTWM2HFjx4RRwqiTVWK9e0,2021-01-30,-15,14,-42,-21,-12,7
ZA,South Africa,Free State,,,ZA-FS,,ChIJGRTWM2HFjx4RRwqiTVWK9e0,2021-01-31,-15,8,-36,-32,-19,8
ZA,South Africa,Free State,,,ZA-FS,,ChIJGRTWM2HFjx4RRwqiTVWK9e0,2021-02-01,-17,7,-52,-22,-24,10
ZA,South Africa,Free State,,,ZA-FS,,ChIJGRTWM2HFjx4RRwqiTVWK9e0,2021-02-02,-15,2,-51,-18,-24,11
ZA,South Africa,Free State,,,ZA-FS,,ChIJGRTWM2HFjx4RRwqiTVWK9e0,2021-02-03,-23,-6,-52,-32,-24,14
ZA,South Africa,Free State,,,ZA-FS,,ChIJGRTWM2HFjx4RRwqiTVWK9e0,2021-02-04,-17,5,-44,-34,-24,11
ZA,South Africa,Free State,,,ZA-FS,,ChIJGRTWM2HFjx4RRwqiTVWK9e0,2021-02-05,-15,2,-45,-23,-25,9
ZA,South Africa,Free State,,,ZA-FS,,ChIJGRTWM2HFjx4RRwqiTVWK9e0,2021-02-06,-21,-1,-36,-30,-13,6
ZA,South Africa,Free State,,,ZA-FS,,ChIJGRTWM2HFjx4RRwqiTVWK9e0,2021-02-07,-23,-6,-28,-32,-19,7
ZA,South Africa,Free State,,,ZA-FS,,ChIJGRTWM2HFjx4RRwqiTVWK9e0,2021-02-08,-22,-3,-48,-30,-25,10
ZA,South Africa,Free State,,,ZA-FS,,ChIJGRTWM2HFjx4RRwqiTVWK9e0,2021-02-09,-18,-3,-47,-21,-24,11
ZA,South Africa,Free State,,,ZA-FS,,ChIJGRTWM2HFjx4RRwqiTVWK9e0,2021-02-10,-19,-5,-47,-24,-24,9
ZA,South Africa,Free State,,,ZA-FS,,ChIJGRTWM2HFjx4RRwqiTVWK9e0,2021-02-11,-18,2,-45,-34,-24,9
ZA,South Africa,Free State,,,ZA-FS,,ChIJGRTWM2HFjx4RRwqiTVWK9e0,2021-02-12,-16,0,-51,-18,-23,10
ZA,South Africa,Free State,,,ZA-FS,,ChIJGRTWM2HFjx4RRwqiTVWK9e0,2021-02-13,-16,4,-41,-19,-10,7
ZA,South Africa,Free State,,,ZA-FS,,ChIJGRTWM2HFjx4RRwqiTVWK9e0,2021-02-14,-8,4,-35,-28,-18,7
ZA,South Africa,Free State,,,ZA-FS,,ChIJGRTWM2HFjx4RRwqiTVWK9e0,2021-02-15,-17,4,-54,-25,-23,8
ZA,South Africa,Free State,,,ZA-FS,,ChIJGRTWM2HFjx4RRwqiTVWK9e0,2021-02-16,-14,3,-51,-12,-22,8
ZA,South Africa,Free State,,,ZA-FS,,ChIJGRTWM2HFjx4RRwqiTVWK9e0,2021-02-17,-18,-1,-55,-15,-19,9
ZA,South Africa,Free State,,,ZA-FS,,ChIJGRTWM2HFjx4RRwqiTVWK9e0,2021-02-18,-20,3,-52,-25,-21,9
ZA,South Africa,Free State,,,ZA-FS,,ChIJGRTWM2HFjx4RRwqiTVWK9e0,2021-02-19,-16,2,-52,-12,-21,8
ZA,South Africa,Free State,,,ZA-FS,,ChIJGRTWM2HFjx4RRwqiTVWK9e0,2021-02-20,-17,3,-43,-11,-9,7
ZA,South Africa,Free State,,,ZA-FS,,ChIJGRTWM2HFjx4RRwqiTVWK9e0,2021-02-21,-22,-1,-41,-22,-18,8
ZA,South Africa,Free State,,,ZA-FS,,ChIJGRTWM2HFjx4RRwqiTVWK9e0,2021-02-22,-27,-8,-58,-25,-20,10
ZA,South Africa,Free State,,,ZA-FS,,ChIJGRTWM2HFjx4RRwqiTVWK9e0,2021-02-23,-22,-9,-58,-13,-21,10
ZA,South Africa,Free State,,,ZA-FS,,ChIJGRTWM2HFjx4RRwqiTVWK9e0,2021-02-24,-19,-6,-55,-17,-17,10
ZA,South Africa,Free State,,,ZA-FS,,ChIJGRTWM2HFjx4RRwqiTVWK9e0,2021-02-25,-9,15,-51,-20,-18,7
ZA,South Africa,Free State,,,ZA-FS,,ChIJGRTWM2HFjx4RRwqiTVWK9e0,2021-02-26,2,22,-49,-1,-17,6
ZA,South Africa,Free State,,,ZA-FS,,ChIJGRTWM2HFjx4RRwqiTVWK9e0,2021-02-27,6,28,-37,-2,-4,3
ZA,South Africa,Free State,,,ZA-FS,,ChIJGRTWM2HFjx4RRwqiTVWK9e0,2021-02-28,5,28,-32,-11,-9,4
ZA,South Africa,Free State,,,ZA-FS,,ChIJGRTWM2HFjx4RRwqiTVWK9e0,2021-03-01,-4,20,-51,-11,-15,6
ZA,South Africa,Free State,,,ZA-FS,,ChIJGRTWM2HFjx4RRwqiTVWK9e0,2021-03-02,-3,17,-49,1,-16,7
ZA,South Africa,Free State,,,ZA-FS,,ChIJGRTWM2HFjx4RRwqiTVWK9e0,2021-03-03,-5,16,-51,-7,-14,9
ZA,South Africa,Free State,,,ZA-FS,,ChIJGRTWM2HFjx4RRwqiTVWK9e0,2021-03-04,-9,17,-49,-16,-16,8
ZA,South Africa,Free State,,,ZA-FS,,ChIJGRTWM2HFjx4RRwqiTVWK9e0,2021-03-05,-3,21,-49,-4,-17,6
ZA,South Africa,Free State,,,ZA-FS,,ChIJGRTWM2HFjx4RRwqiTVWK9e0,2021-03-06,-5,20,-38,-1,-6,5
ZA,South Africa,Free State,,,ZA-FS,,ChIJGRTWM2HFjx4RRwqiTVWK9e0,2021-03-07,-9,12,-34,-12,-13,6
ZA,South Africa,Free State,,,ZA-FS,,ChIJGRTWM2HFjx4RRwqiTVWK9e0,2021-03-08,-18,5,-53,-14,-16,8
ZA,South Africa,Free State,,,ZA-FS,,ChIJGRTWM2HFjx4RRwqiTVWK9e0,2021-03-09,-14,4,-52,-1,-16,8
ZA,South Africa,Free State,,,ZA-FS,,ChIJGRTWM2HFjx4RRwqiTVWK9e0,2021-03-10,-15,4,-52,-2,-14,9
ZA,South Africa,Free State,,,ZA-FS,,ChIJGRTWM2HFjx4RRwqiTVWK9e0,2021-03-11,-16,7,-52,-14,-16,8
ZA,South Africa,Free State,,,ZA-FS,,ChIJGRTWM2HFjx4RRwqiTVWK9e0,2021-03-12,-12,9,-53,-9,-17,7
ZA,South Africa,Free State,,,ZA-FS,,ChIJGRTWM2HFjx4RRwqiTVWK9e0,2021-03-13,-14,9,-42,-9,-8,5
ZA,South Africa,Free State,,,ZA-FS,,ChIJGRTWM2HFjx4RRwqiTVWK9e0,2021-03-14,-19,1,-40,-18,-15,6
ZA,South Africa,Free State,,,ZA-FS,,ChIJGRTWM2HFjx4RRwqiTVWK9e0,2021-03-15,-14,7,-55,-8,-15,7
ZA,South Africa,Free State,,,ZA-FS,,ChIJGRTWM2HFjx4RRwqiTVWK9e0,2021-03-16,-12,6,-51,0,-16,7
ZA,South Africa,Free State,,,ZA-FS,,ChIJGRTWM2HFjx4RRwqiTVWK9e0,2021-03-17,-16,2,-54,-10,-15,9
ZA,South Africa,Free State,,,ZA-FS,,ChIJGRTWM2HFjx4RRwqiTVWK9e0,2021-03-18,-14,8,-51,-15,-16,7
ZA,South Africa,Free State,,,ZA-FS,,ChIJGRTWM2HFjx4RRwqiTVWK9e0,2021-03-19,-5,16,-48,0,-16,6
ZA,South Africa,Free State,,,ZA-FS,,ChIJGRTWM2HFjx4RRwqiTVWK9e0,2021-03-20,-10,12,-36,-3,-10,6
ZA,South Africa,Free State,,,ZA-FS,,ChIJGRTWM2HFjx4RRwqiTVWK9e0,2021-03-21,-14,2,-23,-28,-16,7
ZA,South Africa,Free State,,,ZA-FS,,ChIJGRTWM2HFjx4RRwqiTVWK9e0,2021-03-22,-34,-20,-47,-37,-72,23
ZA,South Africa,Free State,,,ZA-FS,,ChIJGRTWM2HFjx4RRwqiTVWK9e0,2021-03-23,-15,4,-53,-1,-13,7
ZA,South Africa,Free State,,,ZA-FS,,ChIJGRTWM2HFjx4RRwqiTVWK9e0,2021-03-24,-23,-4,-52,-14,-14,12
ZA,South Africa,Free State,,,ZA-FS,,ChIJGRTWM2HFjx4RRwqiTVWK9e0,2021-03-25,-12,14,-47,-14,-16,10
ZA,South Africa,Free State,,,ZA-FS,,ChIJGRTWM2HFjx4RRwqiTVWK9e0,2021-03-26,-1,25,-43,4,-13,7
ZA,South Africa,Free State,,,ZA-FS,,ChIJGRTWM2HFjx4RRwqiTVWK9e0,2021-03-27,-1,26,-30,8,-3,5
ZA,South Africa,Free State,,,ZA-FS,,ChIJGRTWM2HFjx4RRwqiTVWK9e0,2021-03-28,-8,17,-31,-12,-12,6
ZA,South Africa,Free State,,,ZA-FS,,ChIJGRTWM2HFjx4RRwqiTVWK9e0,2021-03-29,-13,11,-45,-5,-12,9
ZA,South Africa,Free State,,,ZA-FS,,ChIJGRTWM2HFjx4RRwqiTVWK9e0,2021-03-30,-4,18,-40,7,-13,7
ZA,South Africa,Free State,,,ZA-FS,,ChIJGRTWM2HFjx4RRwqiTVWK9e0,2021-03-31,7,30,-37,5,-11,6
ZA,South Africa,Free State,,,ZA-FS,,ChIJGRTWM2HFjx4RRwqiTVWK9e0,2021-04-01,26,62,-20,13,-17,2
ZA,South Africa,Free State,,,ZA-FS,,ChIJGRTWM2HFjx4RRwqiTVWK9e0,2021-04-02,-39,-17,-24,-30,-76,23
ZA,South Africa,Free State,,,ZA-FS,,ChIJGRTWM2HFjx4RRwqiTVWK9e0,2021-04-03,-5,24,-9,-10,-23,5
ZA,South Africa,Free State,,,ZA-FS,,ChIJGRTWM2HFjx4RRwqiTVWK9e0,2021-04-04,-11,5,0,-26,-19,4
ZA,South Africa,Gauteng,,,ZA-GT,,ChIJn3cRVJUSlR4R4jhUy8fnnm0,2021-01-01,-70,-56,-48,-65,-84,37
ZA,South Africa,Gauteng,,,ZA-GT,,ChIJn3cRVJUSlR4R4jhUy8fnnm0,2021-01-02,-41,-22,-52,-42,-31,17
ZA,South Africa,Gauteng,,,ZA-GT,,ChIJn3cRVJUSlR4R4jhUy8fnnm0,2021-01-03,-33,-15,-38,-35,-11,15
ZA,South Africa,Gauteng,,,ZA-GT,,ChIJn3cRVJUSlR4R4jhUy8fnnm0,2021-01-04,-20,2,-36,-38,-51,24
ZA,South Africa,Gauteng,,,ZA-GT,,ChIJn3cRVJUSlR4R4jhUy8fnnm0,2021-01-05,-25,-5,-37,-39,-50,24
ZA,South Africa,Gauteng,,,ZA-GT,,ChIJn3cRVJUSlR4R4jhUy8fnnm0,2021-01-06,-27,-5,-46,-39,-47,25
ZA,South Africa,Gauteng,,,ZA-GT,,ChIJn3cRVJUSlR4R4jhUy8fnnm0,2021-01-07,-25,-3,-43,-40,-46,25
ZA,South Africa,Gauteng,,,ZA-GT,,ChIJn3cRVJUSlR4R4jhUy8fnnm0,2021-01-08,-28,-6,-41,-42,-45,25
ZA,South Africa,Gauteng,,,ZA-GT,,ChIJn3cRVJUSlR4R4jhUy8fnnm0,2021-01-09,-28,-9,-41,-37,-9,14
ZA,South Africa,Gauteng,,,ZA-GT,,ChIJn3cRVJUSlR4R4jhUy8fnnm0,2021-01-10,-32,-14,-39,-45,-8,16
ZA,South Africa,Gauteng,,,ZA-GT,,ChIJn3cRVJUSlR4R4jhUy8fnnm0,2021-01-11,-28,-9,-43,-45,-40,23
ZA,South Africa,Gauteng,,,ZA-GT,,ChIJn3cRVJUSlR4R4jhUy8fnnm0,2021-01-12,-29,-13,-39,-43,-39,21
ZA,South Africa,Gauteng,,,ZA-GT,,ChIJn3cRVJUSlR4R4jhUy8fnnm0,2021-01-13,-33,-15,-45,-47,-40,21
ZA,South Africa,Gauteng,,,ZA-GT,,ChIJn3cRVJUSlR4R4jhUy8fnnm0,2021-01-14,-32,-16,-46,-50,-43,21
ZA,South Africa,Gauteng,,,ZA-GT,,ChIJn3cRVJUSlR4R4jhUy8fnnm0,2021-01-15,-32,-14,-45,-51,-43,20
ZA,South Africa,Gauteng,,,ZA-GT,,ChIJn3cRVJUSlR4R4jhUy8fnnm0,2021-01-16,-33,-17,-45,-50,-19,12
ZA,South Africa,Gauteng,,,ZA-GT,,ChIJn3cRVJUSlR4R4jhUy8fnnm0,2021-01-17,-35,-18,-37,-55,-18,14
ZA,South Africa,Gauteng,,,ZA-GT,,ChIJn3cRVJUSlR4R4jhUy8fnnm0,2021-01-18,-34,-20,-43,-51,-43,21
ZA,South Africa,Gauteng,,,ZA-GT,,ChIJn3cRVJUSlR4R4jhUy8fnnm0,2021-01-19,-35,-21,-43,-50,-42,21
ZA,South Africa,Gauteng,,,ZA-GT,,ChIJn3cRVJUSlR4R4jhUy8fnnm0,2021-01-20,-33,-16,-45,-49,-41,22
ZA,South Africa,Gauteng,,,ZA-GT,,ChIJn3cRVJUSlR4R4jhUy8fnnm0,2021-01-21,-30,-12,-44,-49,-41,22
ZA,South Africa,Gauteng,,,ZA-GT,,ChIJn3cRVJUSlR4R4jhUy8fnnm0,2021-01-22,-29,-9,-42,-47,-39,21
ZA,South Africa,Gauteng,,,ZA-GT,,ChIJn3cRVJUSlR4R4jhUy8fnnm0,2021-01-23,-25,-6,-40,-44,-12,12
ZA,South Africa,Gauteng,,,ZA-GT,,ChIJn3cRVJUSlR4R4jhUy8fnnm0,2021-01-24,-31,-14,-42,-53,-15,16
ZA,South Africa,Gauteng,,,ZA-GT,,ChIJn3cRVJUSlR4R4jhUy8fnnm0,2021-01-25,-28,-12,-48,-49,-39,23
ZA,South Africa,Gauteng,,,ZA-GT,,ChIJn3cRVJUSlR4R4jhUy8fnnm0,2021-01-26,-26,-10,-42,-45,-38,20
ZA,South Africa,Gauteng,,,ZA-GT,,ChIJn3cRVJUSlR4R4jhUy8fnnm0,2021-01-27,-25,-6,-45,-44,-37,21
ZA,South Africa,Gauteng,,,ZA-GT,,ChIJn3cRVJUSlR4R4jhUy8fnnm0,2021-01-28,-22,-4,-47,-44,-37,21
ZA,South Africa,Gauteng,,,ZA-GT,,ChIJn3cRVJUSlR4R4jhUy8fnnm0,2021-01-29,-19,4,-42,-38,-35,19
ZA,South Africa,Gauteng,,,ZA-GT,,ChIJn3cRVJUSlR4R4jhUy8fnnm0,2021-01-30,-12,8,-44,-33,-8,10
ZA,South Africa,Gauteng,,,ZA-GT,,ChIJn3cRVJUSlR4R4jhUy8fnnm0,2021-01-31,-13,8,-39,-40,-8,12
ZA,South Africa,Gauteng,,,ZA-GT,,ChIJn3cRVJUSlR4R4jhUy8fnnm0,2021-02-01,-19,-2,-43,-39,-32,18
ZA,South Africa,Gauteng,,,ZA-GT,,ChIJn3cRVJUSlR4R4jhUy8fnnm0,2021-02-02,-18,1,-44,-40,-33,18
ZA,South Africa,Gauteng,,,ZA-GT,,ChIJn3cRVJUSlR4R4jhUy8fnnm0,2021-02-03,-19,1,-39,-39,-31,18
ZA,South Africa,Gauteng,,,ZA-GT,,ChIJn3cRVJUSlR4R4jhUy8fnnm0,2021-02-04,-16,3,-41,-40,-32,18
ZA,South Africa,Gauteng,,,ZA-GT,,ChIJn3cRVJUSlR4R4jhUy8fnnm0,2021-02-05,-15,0,-34,-37,-30,16
ZA,South Africa,Gauteng,,,ZA-GT,,ChIJn3cRVJUSlR4R4jhUy8fnnm0,2021-02-06,-13,-1,-38,-36,-8,9
ZA,South Africa,Gauteng,,,ZA-GT,,ChIJn3cRVJUSlR4R4jhUy8fnnm0,2021-02-07,-19,-5,-32,-42,-7,12
ZA,South Africa,Gauteng,,,ZA-GT,,ChIJn3cRVJUSlR4R4jhUy8fnnm0,2021-02-08,-20,-5,-35,-39,-32,17
ZA,South Africa,Gauteng,,,ZA-GT,,ChIJn3cRVJUSlR4R4jhUy8fnnm0,2021-02-09,-21,-7,-36,-38,-31,17
ZA,South Africa,Gauteng,,,ZA-GT,,ChIJn3cRVJUSlR4R4jhUy8fnnm0,2021-02-10,-20,-4,-38,-38,-30,16
ZA,South Africa,Gauteng,,,ZA-GT,,ChIJn3cRVJUSlR4R4jhUy8fnnm0,2021-02-11,-13,4,-38,-38,-30,16
ZA,South Africa,Gauteng,,,ZA-GT,,ChIJn3cRVJUSlR4R4jhUy8fnnm0,2021-02-12,-15,-1,-36,-34,-29,16
ZA,South Africa,Gauteng,,,ZA-GT,,ChIJn3cRVJUSlR4R4jhUy8fnnm0,2021-02-13,-11,3,-31,-33,-4,8
ZA,South Africa,Gauteng,,,ZA-GT,,ChIJn3cRVJUSlR4R4jhUy8fnnm0,2021-02-14,-5,4,-21,-38,-3,10
ZA,South Africa,Gauteng,,,ZA-GT,,ChIJn3cRVJUSlR4R4jhUy8fnnm0,2021-02-15,-17,-2,-43,-39,-30,16
ZA,South Africa,Gauteng,,,ZA-GT,,ChIJn3cRVJUSlR4R4jhUy8fnnm0,2021-02-16,-20,-4,-41,-39,-29,16
ZA,South Africa,Gauteng,,,ZA-GT,,ChIJn3cRVJUSlR4R4jhUy8fnnm0,2021-02-17,-19,-2,-43,-37,-27,16
ZA,South Africa,Gauteng,,,ZA-GT,,ChIJn3cRVJUSlR4R4jhUy8fnnm0,2021-02-18,-15,2,-42,-37,-27,16
ZA,South Africa,Gauteng,,,ZA-GT,,ChIJn3cRVJUSlR4R4jhUy8fnnm0,2021-02-19,-15,-1,-38,-33,-26,15
ZA,South Africa,Gauteng,,,ZA-GT,,ChIJn3cRVJUSlR4R4jhUy8fnnm0,2021-02-20,-12,1,-29,-32,-1,8
ZA,South Africa,Gauteng,,,ZA-GT,,ChIJn3cRVJUSlR4R4jhUy8fnnm0,2021-02-21,-17,-3,-26,-40,-4,11
ZA,South Africa,Gauteng,,,ZA-GT,,ChIJn3cRVJUSlR4R4jhUy8fnnm0,2021-02-22,-25,-11,-50,-40,-28,18
ZA,South Africa,Gauteng,,,ZA-GT,,ChIJn3cRVJUSlR4R4jhUy8fnnm0,2021-02-23,-21,-8,-42,-38,-27,16
ZA,South Africa,Gauteng,,,ZA-GT,,ChIJn3cRVJUSlR4R4jhUy8fnnm0,2021-02-24,-21,-7,-48,-36,-27,17
ZA,South Africa,Gauteng,,,ZA-GT,,ChIJn3cRVJUSlR4R4jhUy8fnnm0,2021-02-25,-2,17,-44,-30,-25,15
ZA,South Africa,Gauteng,,,ZA-GT,,ChIJn3cRVJUSlR4R4jhUy8fnnm0,2021-02-26,-1,14,-41,-23,-25,13
ZA,South Africa,Gauteng,,,ZA-GT,,ChIJn3cRVJUSlR4R4jhUy8fnnm0,2021-02-27,10,25,-27,-14,2,4
ZA,South Africa,Gauteng,,,ZA-GT,,ChIJn3cRVJUSlR4R4jhUy8fnnm0,2021-02-28,10,27,-18,-22,4,6
ZA,South Africa,Gauteng,,,ZA-GT,,ChIJn3cRVJUSlR4R4jhUy8fnnm0,2021-03-01,0,20,-35,-22,-25,13
ZA,South Africa,Gauteng,,,ZA-GT,,ChIJn3cRVJUSlR4R4jhUy8fnnm0,2021-03-02,-6,14,-36,-24,-24,14
ZA,South Africa,Gauteng,,,ZA-GT,,ChIJn3cRVJUSlR4R4jhUy8fnnm0,2021-03-03,-5,17,-37,-24,-23,14
ZA,South Africa,Gauteng,,,ZA-GT,,ChIJn3cRVJUSlR4R4jhUy8fnnm0,2021-03-04,-3,16,-37,-24,-23,15
ZA,South Africa,Gauteng,,,ZA-GT,,ChIJn3cRVJUSlR4R4jhUy8fnnm0,2021-03-05,0,19,-32,-18,-22,12
ZA,South Africa,Gauteng,,,ZA-GT,,ChIJn3cRVJUSlR4R4jhUy8fnnm0,2021-03-06,2,17,-22,-16,2,6
ZA,South Africa,Gauteng,,,ZA-GT,,ChIJn3cRVJUSlR4R4jhUy8fnnm0,2021-03-07,-3,13,-15,-26,1,8
ZA,South Africa,Gauteng,,,ZA-GT,,ChIJn3cRVJUSlR4R4jhUy8fnnm0,2021-03-08,-12,4,-37,-26,-24,15
ZA,South Africa,Gauteng,,,ZA-GT,,ChIJn3cRVJUSlR4R4jhUy8fnnm0,2021-03-09,-15,1,-36,-28,-24,15
ZA,South Africa,Gauteng,,,ZA-GT,,ChIJn3cRVJUSlR4R4jhUy8fnnm0,2021-03-10,-14,3,-39,-27,-23,15
ZA,South Africa,Gauteng,,,ZA-GT,,ChIJn3cRVJUSlR4R4jhUy8fnnm0,2021-03-11,-10,7,-36,-27,-23,14
ZA,South Africa,Gauteng,,,ZA-GT,,ChIJn3cRVJUSlR4R4jhUy8fnnm0,2021-03-12,-8,8,-34,-23,-22,13
ZA,South Africa,Gauteng,,,ZA-GT,,ChIJn3cRVJUSlR4R4jhUy8fnnm0,2021-03-13,-5,8,-24,-22,2,6
ZA,South Africa,Gauteng,,,ZA-GT,,ChIJn3cRVJUSlR4R4jhUy8fnnm0,2021-03-14,-10,4,-18,-30,1,9
ZA,South Africa,Gauteng,,,ZA-GT,,ChIJn3cRVJUSlR4R4jhUy8fnnm0,2021-03-15,-13,2,-37,-28,-23,14
ZA,South Africa,Gauteng,,,ZA-GT,,ChIJn3cRVJUSlR4R4jhUy8fnnm0,2021-03-16,-15,0,-35,-28,-23,14
ZA,South Africa,Gauteng,,,ZA-GT,,ChIJn3cRVJUSlR4R4jhUy8fnnm0,2021-03-17,-17,-2,-44,-29,-22,16
ZA,South Africa,Gauteng,,,ZA-GT,,ChIJn3cRVJUSlR4R4jhUy8fnnm0,2021-03-18,-9,7,-35,-25,-21,14
ZA,South Africa,Gauteng,,,ZA-GT,,ChIJn3cRVJUSlR4R4jhUy8fnnm0,2021-03-19,-6,11,-31,-19,-21,12
ZA,South Africa,Gauteng,,,ZA-GT,,ChIJn3cRVJUSlR4R4jhUy8fnnm0,2021-03-20,-5,9,-26,-20,-1,6
ZA,South Africa,Gauteng,,,ZA-GT,,ChIJn3cRVJUSlR4R4jhUy8fnnm0,2021-03-21,-11,-1,-20,-33,-2,10
ZA,South Africa,Gauteng,,,ZA-GT,,ChIJn3cRVJUSlR4R4jhUy8fnnm0,2021-03-22,-22,-11,-28,-45,-74,29
ZA,South Africa,Gauteng,,,ZA-GT,,ChIJn3cRVJUSlR4R4jhUy8fnnm0,2021-03-23,-19,-3,-39,-26,-21,14
ZA,South Africa,Gauteng,,,ZA-GT,,ChIJn3cRVJUSlR4R4jhUy8fnnm0,2021-03-24,-18,-1,-45,-29,-22,17
ZA,South Africa,Gauteng,,,ZA-GT,,ChIJn3cRVJUSlR4R4jhUy8fnnm0,2021-03-25,0,21,-40,-22,-21,15
ZA,South Africa,Gauteng,,,ZA-GT,,ChIJn3cRVJUSlR4R4jhUy8fnnm0,2021-03-26,7,27,-29,-12,-19,11
ZA,South Africa,Gauteng,,,ZA-GT,,ChIJn3cRVJUSlR4R4jhUy8fnnm0,2021-03-27,10,27,-19,-8,7,4
ZA,South Africa,Gauteng,,,ZA-GT,,ChIJn3cRVJUSlR4R4jhUy8fnnm0,2021-03-28,2,20,-23,-21,5,8
ZA,South Africa,Gauteng,,,ZA-GT,,ChIJn3cRVJUSlR4R4jhUy8fnnm0,2021-03-29,-7,11,-36,-22,-22,15
ZA,South Africa,Gauteng,,,ZA-GT,,ChIJn3cRVJUSlR4R4jhUy8fnnm0,2021-03-30,-6,13,-35,-20,-21,13
ZA,South Africa,Gauteng,,,ZA-GT,,ChIJn3cRVJUSlR4R4jhUy8fnnm0,2021-03-31,3,24,-33,-12,-21,12
ZA,South Africa,Gauteng,,,ZA-GT,,ChIJn3cRVJUSlR4R4jhUy8fnnm0,2021-04-01,22,51,-29,5,-24,9
ZA,South Africa,Gauteng,,,ZA-GT,,ChIJn3cRVJUSlR4R4jhUy8fnnm0,2021-04-02,-29,-7,-27,-35,-76,25
ZA,South Africa,Gauteng,,,ZA-GT,,ChIJn3cRVJUSlR4R4jhUy8fnnm0,2021-04-03,-9,8,-24,-25,-18,7
ZA,South Africa,Gauteng,,,ZA-GT,,ChIJn3cRVJUSlR4R4jhUy8fnnm0,2021-04-04,-17,-7,-22,-33,-7,8
ZA,South Africa,KwaZulu-Natal,,,ZA-NL,,ChIJVQ7iWQ4Q8R4Rjdnka6d4YYI,2021-01-01,-68,-57,4,-67,-82,41
ZA,South Africa,KwaZulu-Natal,,,ZA-NL,,ChIJVQ7iWQ4Q8R4Rjdnka6d4YYI,2021-01-02,-38,-15,-18,-44,-34,23
ZA,South Africa,KwaZulu-Natal,,,ZA-NL,,ChIJVQ7iWQ4Q8R4Rjdnka6d4YYI,2021-01-03,-34,-14,-14,-42,-20,19
ZA,South Africa,KwaZulu-Natal,,,ZA-NL,,ChIJVQ7iWQ4Q8R4Rjdnka6d4YYI,2021-01-04,-16,7,4,-39,-44,23
ZA,South Africa,KwaZulu-Natal,,,ZA-NL,,ChIJVQ7iWQ4Q8R4Rjdnka6d4YYI,2021-01-05,-23,-4,-5,-38,-43,24
ZA,South Africa,KwaZulu-Natal,,,ZA-NL,,ChIJVQ7iWQ4Q8R4Rjdnka6d4YYI,2021-01-06,-19,3,-8,-43,-40,24
ZA,South Africa,KwaZulu-Natal,,,ZA-NL,,ChIJVQ7iWQ4Q8R4Rjdnka6d4YYI,2021-01-07,-21,2,-6,-43,-39,23
ZA,South Africa,KwaZulu-Natal,,,ZA-NL,,ChIJVQ7iWQ4Q8R4Rjdnka6d4YYI,2021-01-08,-32,-10,-14,-53,-39,25
ZA,South Africa,KwaZulu-Natal,,,ZA-NL,,ChIJVQ7iWQ4Q8R4Rjdnka6d4YYI,2021-01-09,-37,-12,-31,-53,-16,19
ZA,South Africa,KwaZulu-Natal,,,ZA-NL,,ChIJVQ7iWQ4Q8R4Rjdnka6d4YYI,2021-01-10,-39,-17,-29,-57,-17,18
ZA,South Africa,KwaZulu-Natal,,,ZA-NL,,ChIJVQ7iWQ4Q8R4Rjdnka6d4YYI,2021-01-11,-28,-9,-12,-51,-33,20
ZA,South Africa,KwaZulu-Natal,,,ZA-NL,,ChIJVQ7iWQ4Q8R4Rjdnka6d4YYI,2021-01-12,-31,-15,-18,-51,-34,20
ZA,South Africa,KwaZulu-Natal,,,ZA-NL,,ChIJVQ7iWQ4Q8R4Rjdnka6d4YYI,2021-01-13,-32,-16,-25,-55,-34,20
ZA,South Africa,KwaZulu-Natal,,,ZA-NL,,ChIJVQ7iWQ4Q8R4Rjdnka6d4YYI,2021-01-14,-33,-18,-27,-60,-37,19
ZA,South Africa,KwaZulu-Natal,,,ZA-NL,,ChIJVQ7iWQ4Q8R4Rjdnka6d4YYI,2021-01-15,-37,-21,-34,-62,-39,19
ZA,South Africa,KwaZulu-Natal,,,ZA-NL,,ChIJVQ7iWQ4Q8R4Rjdnka6d4YYI,2021-01-16,-41,-21,-43,-67,-23,16
ZA,South Africa,KwaZulu-Natal,,,ZA-NL,,ChIJVQ7iWQ4Q8R4Rjdnka6d4YYI,2021-01-17,-41,-24,-35,-68,-23,15
ZA,South Africa,KwaZulu-Natal,,,ZA-NL,,ChIJVQ7iWQ4Q8R4Rjdnka6d4YYI,2021-01-18,-34,-20,-25,-63,-37,18
ZA,South Africa,KwaZulu-Natal,,,ZA-NL,,ChIJVQ7iWQ4Q8R4Rjdnka6d4YYI,2021-01-19,-34,-21,-28,-62,-36,19
ZA,South Africa,KwaZulu-Natal,,,ZA-NL,,ChIJVQ7iWQ4Q8R4Rjdnka6d4YYI,2021-01-20,-33,-19,-33,-63,-35,21
ZA,South Africa,KwaZulu-Natal,,,ZA-NL,,ChIJVQ7iWQ4Q8R4Rjdnka6d4YYI,2021-01-21,-30,-15,-29,-60,-34,20
ZA,South Africa,KwaZulu-Natal,,,ZA-NL,,ChIJVQ7iWQ4Q8R4Rjdnka6d4YYI,2021-01-22,-35,-18,-32,-61,-33,21
ZA,South Africa,KwaZulu-Natal,,,ZA-NL,,ChIJVQ7iWQ4Q8R4Rjdnka6d4YYI,2021-01-23,-36,-15,-39,-65,-16,17
ZA,South Africa,KwaZulu-Natal,,,ZA-NL,,ChIJVQ7iWQ4Q8R4Rjdnka6d4YYI,2021-01-24,-42,-23,-40,-67,-21,18
ZA,South Africa,KwaZulu-Natal,,,ZA-NL,,ChIJVQ7iWQ4Q8R4Rjdnka6d4YYI,2021-01-25,-30,-15,-29,-62,-32,20
ZA,South Africa,KwaZulu-Natal,,,ZA-NL,,ChIJVQ7iWQ4Q8R4Rjdnka6d4YYI,2021-01-26,-25,-10,-26,-57,-30,17
ZA,South Africa,KwaZulu-Natal,,,ZA-NL,,ChIJVQ7iWQ4Q8R4Rjdnka6d4YYI,2021-01-27,-24,-9,-32,-58,-29,18
ZA,South Africa,KwaZulu-Natal,,,ZA-NL,,ChIJVQ7iWQ4Q8R4Rjdnka6d4YYI,2021-01-28,-23,-7,-31,-58,-29,18
ZA,South Africa,KwaZulu-Natal,,,ZA-NL,,ChIJVQ7iWQ4Q8R4Rjdnka6d4YYI,2021-01-29,-22,-3,-31,-55,-27,16
ZA,South Africa,KwaZulu-Natal,,,ZA-NL,,ChIJVQ7iWQ4Q8R4Rjdnka6d4YYI,2021-01-30,-22,1,-39,-58,-11,13
ZA,South Africa,KwaZulu-Natal,,,ZA-NL,,ChIJVQ7iWQ4Q8R4Rjdnka6d4YYI,2021-01-31,-22,-1,-36,-59,-13,13
ZA,South Africa,KwaZulu-Natal,,,ZA-NL,,ChIJVQ7iWQ4Q8R4Rjdnka6d4YYI,2021-02-01,-21,-3,-32,-55,-24,14
ZA,South Africa,KwaZulu-Natal,,,ZA-NL,,ChIJVQ7iWQ4Q8R4Rjdnka6d4YYI,2021-02-02,-18,-2,-30,-52,-23,14
ZA,South Africa,KwaZulu-Natal,,,ZA-NL,,ChIJVQ7iWQ4Q8R4Rjdnka6d4YYI,2021-02-03,-19,-4,-33,-54,-23,16
ZA,South Africa,KwaZulu-Natal,,,ZA-NL,,ChIJVQ7iWQ4Q8R4Rjdnka6d4YYI,2021-02-04,-16,0,-28,-51,-23,14
ZA,South Africa,KwaZulu-Natal,,,ZA-NL,,ChIJVQ7iWQ4Q8R4Rjdnka6d4YYI,2021-02-05,-22,-7,-26,-52,-23,14
ZA,South Africa,KwaZulu-Natal,,,ZA-NL,,ChIJVQ7iWQ4Q8R4Rjdnka6d4YYI,2021-02-06,-25,-7,-28,-59,-11,11
ZA,South Africa,KwaZulu-Natal,,,ZA-NL,,ChIJVQ7iWQ4Q8R4Rjdnka6d4YYI,2021-02-07,-27,-11,-23,-57,-14,12
ZA,South Africa,KwaZulu-Natal,,,ZA-NL,,ChIJVQ7iWQ4Q8R4Rjdnka6d4YYI,2021-02-08,-23,-9,-26,-52,-24,14
ZA,South Africa,KwaZulu-Natal,,,ZA-NL,,ChIJVQ7iWQ4Q8R4Rjdnka6d4YYI,2021-02-09,-22,-9,-27,-51,-23,14
ZA,South Africa,KwaZulu-Natal,,,ZA-NL,,ChIJVQ7iWQ4Q8R4Rjdnka6d4YYI,2021-02-10,-20,-7,-30,-51,-23,14
ZA,South Africa,KwaZulu-Natal,,,ZA-NL,,ChIJVQ7iWQ4Q8R4Rjdnka6d4YYI,2021-02-11,-14,-1,-31,-49,-22,13
ZA,South Africa,KwaZulu-Natal,,,ZA-NL,,ChIJVQ7iWQ4Q8R4Rjdnka6d4YYI,2021-02-12,-20,-8,-35,-47,-21,14
ZA,South Africa,KwaZulu-Natal,,,ZA-NL,,ChIJVQ7iWQ4Q8R4Rjdnka6d4YYI,2021-02-13,-20,-3,-37,-52,-10,12
ZA,South Africa,KwaZulu-Natal,,,ZA-NL,,ChIJVQ7iWQ4Q8R4Rjdnka6d4YYI,2021-02-14,-14,-3,-35,-53,-11,12
ZA,South Africa,KwaZulu-Natal,,,ZA-NL,,ChIJVQ7iWQ4Q8R4Rjdnka6d4YYI,2021-02-15,-19,-4,-42,-49,-22,13
ZA,South Africa,KwaZulu-Natal,,,ZA-NL,,ChIJVQ7iWQ4Q8R4Rjdnka6d4YYI,2021-02-16,-19,-6,-42,-48,-21,14
ZA,South Africa,KwaZulu-Natal,,,ZA-NL,,ChIJVQ7iWQ4Q8R4Rjdnka6d4YYI,2021-02-17,-18,-4,-40,-48,-19,14
ZA,South Africa,KwaZulu-Natal,,,ZA-NL,,ChIJVQ7iWQ4Q8R4Rjdnka6d4YYI,2021-02-18,-15,-1,-40,-46,-18,13
ZA,South Africa,KwaZulu-Natal,,,ZA-NL,,ChIJVQ7iWQ4Q8R4Rjdnka6d4YYI,2021-02-19,-22,-9,-38,-47,-18,13
ZA,South Africa,KwaZulu-Natal,,,ZA-NL,,ChIJVQ7iWQ4Q8R4Rjdnka6d4YYI,2021-02-20,-23,-6,-36,-53,-8,12
ZA,South Africa,KwaZulu-Natal,,,ZA-NL,,ChIJVQ7iWQ4Q8R4Rjdnka6d4YYI,2021-02-21,-26,-11,-34,-52,-11,13
ZA,South Africa,KwaZulu-Natal,,,ZA-NL,,ChIJVQ7iWQ4Q8R4Rjdnka6d4YYI,2021-02-22,-25,-13,-39,-47,-20,14
ZA,South Africa,KwaZulu-Natal,,,ZA-NL,,ChIJVQ7iWQ4Q8R4Rjdnka6d4YYI,2021-02-23,-23,-12,-41,-46,-18,13
ZA,South Africa,KwaZulu-Natal,,,ZA-NL,,ChIJVQ7iWQ4Q8R4Rjdnka6d4YYI,2021-02-24,-21,-10,-41,-47,-17,14
ZA,South Africa,KwaZulu-Natal,,,ZA-NL,,ChIJVQ7iWQ4Q8R4Rjdnka6d4YYI,2021-02-25,-6,8,-43,-44,-17,12
ZA,South Africa,KwaZulu-Natal,,,ZA-NL,,ChIJVQ7iWQ4Q8R4Rjdnka6d4YYI,2021-02-26,-9,7,-40,-39,-16,11
ZA,South Africa,KwaZulu-Natal,,,ZA-NL,,ChIJVQ7iWQ4Q8R4Rjdnka6d4YYI,2021-02-27,-5,16,-33,-45,-3,8
ZA,South Africa,KwaZulu-Natal,,,ZA-NL,,ChIJVQ7iWQ4Q8R4Rjdnka6d4YYI,2021-02-28,-4,14,-27,-45,-4,8
ZA,South Africa,KwaZulu-Natal,,,ZA-NL,,ChIJVQ7iWQ4Q8R4Rjdnka6d4YYI,2021-03-01,-7,12,-31,-35,-15,10
ZA,South Africa,KwaZulu-Natal,,,ZA-NL,,ChIJVQ7iWQ4Q8R4Rjdnka6d4YYI,2021-03-02,-9,7,-35,-37,-15,11
ZA,South Africa,KwaZulu-Natal,,,ZA-NL,,ChIJVQ7iWQ4Q8R4Rjdnka6d4YYI,2021-03-03,-8,9,-38,-40,-14,12
ZA,South Africa,KwaZulu-Natal,,,ZA-NL,,ChIJVQ7iWQ4Q8R4Rjdnka6d4YYI,2021-03-04,-6,11,-35,-37,-14,11
ZA,South Africa,KwaZulu-Natal,,,ZA-NL,,ChIJVQ7iWQ4Q8R4Rjdnka6d4YYI,2021-03-05,-10,8,-37,-37,-14,11
ZA,South Africa,KwaZulu-Natal,,,ZA-NL,,ChIJVQ7iWQ4Q8R4Rjdnka6d4YYI,2021-03-06,-12,9,-34,-46,-4,10
ZA,South Africa,KwaZulu-Natal,,,ZA-NL,,ChIJVQ7iWQ4Q8R4Rjdnka6d4YYI,2021-03-07,-15,2,-27,-43,-7,10
ZA,South Africa,KwaZulu-Natal,,,ZA-NL,,ChIJVQ7iWQ4Q8R4Rjdnka6d4YYI,2021-03-08,-17,-1,-31,-40,-16,12
ZA,South Africa,KwaZulu-Natal,,,ZA-NL,,ChIJVQ7iWQ4Q8R4Rjdnka6d4YYI,2021-03-09,-17,-3,-35,-40,-15,11
ZA,South Africa,KwaZulu-Natal,,,ZA-NL,,ChIJVQ7iWQ4Q8R4Rjdnka6d4YYI,2021-03-10,-14,0,-37,-44,-14,12
ZA,South Africa,KwaZulu-Natal,,,ZA-NL,,ChIJVQ7iWQ4Q8R4Rjdnka6d4YYI,2021-03-11,-14,2,-38,-42,-14,11
ZA,South Africa,KwaZulu-Natal,,,ZA-NL,,ChIJVQ7iWQ4Q8R4Rjdnka6d4YYI,2021-03-12,-17,-3,-36,-42,-14,10
ZA,South Africa,KwaZulu-Natal,,,ZA-NL,,ChIJVQ7iWQ4Q8R4Rjdnka6d4YYI,2021-03-13,-18,0,-34,-50,-4,9
ZA,South Africa,KwaZulu-Natal,,,ZA-NL,,ChIJVQ7iWQ4Q8R4Rjdnka6d4YYI,2021-03-14,-19,-5,-25,-47,-8,9
ZA,South Africa,KwaZulu-Natal,,,ZA-NL,,ChIJVQ7iWQ4Q8R4Rjdnka6d4YYI,2021-03-15,-12,4,-33,-43,-15,9
ZA,South Africa,KwaZulu-Natal,,,ZA-NL,,ChIJVQ7iWQ4Q8R4Rjdnka6d4YYI,2021-03-16,-15,-1,-37,-43,-15,10
ZA,South Africa,KwaZulu-Natal,,,ZA-NL,,ChIJVQ7iWQ4Q8R4Rjdnka6d4YYI,2021-03-17,-14,0,-40,-43,-13,11
ZA,South Africa,KwaZulu-Natal,,,ZA-NL,,ChIJVQ7iWQ4Q8R4Rjdnka6d4YYI,2021-03-18,-10,5,-36,-35,-13,10
ZA,South Africa,KwaZulu-Natal,,,ZA-NL,,ChIJVQ7iWQ4Q8R4Rjdnka6d4YYI,2021-03-19,-13,4,-31,-34,-14,9
ZA,South Africa,KwaZulu-Natal,,,ZA-NL,,ChIJVQ7iWQ4Q8R4Rjdnka6d4YYI,2021-03-20,-16,5,-28,-43,-7,10
ZA,South Africa,KwaZulu-Natal,,,ZA-NL,,ChIJVQ7iWQ4Q8R4Rjdnka6d4YYI,2021-03-21,-17,-5,-21,-50,-10,10
ZA,South Africa,KwaZulu-Natal,,,ZA-NL,,ChIJVQ7iWQ4Q8R4Rjdnka6d4YYI,2021-03-22,-24,-13,-11,-45,-71,25
ZA,South Africa,KwaZulu-Natal,,,ZA-NL,,ChIJVQ7iWQ4Q8R4Rjdnka6d4YYI,2021-03-23,-19,-5,-39,-36,-12,11
ZA,South Africa,KwaZulu-Natal,,,ZA-NL,,ChIJVQ7iWQ4Q8R4Rjdnka6d4YYI,2021-03-24,-17,-2,-42,-43,-13,13
ZA,South Africa,KwaZulu-Natal,,,ZA-NL,,ChIJVQ7iWQ4Q8R4Rjdnka6d4YYI,2021-03-25,-4,14,-44,-36,-11,12
ZA,South Africa,KwaZulu-Natal,,,ZA-NL,,ChIJVQ7iWQ4Q8R4Rjdnka6d4YYI,2021-03-26,-8,10,-42,-36,-12,12
ZA,South Africa,KwaZulu-Natal,,,ZA-NL,,ChIJVQ7iWQ4Q8R4Rjdnka6d4YYI,2021-03-27,-6,18,-35,-41,-1,9
ZA,South Africa,KwaZulu-Natal,,,ZA-NL,,ChIJVQ7iWQ4Q8R4Rjdnka6d4YYI,2021-03-28,-9,12,-33,-40,-4,10
ZA,South Africa,KwaZulu-Natal,,,ZA-NL,,ChIJVQ7iWQ4Q8R4Rjdnka6d4YYI,2021-03-29,-10,7,-30,-35,-14,11
ZA,South Africa,KwaZulu-Natal,,,ZA-NL,,ChIJVQ7iWQ4Q8R4Rjdnka6d4YYI,2021-03-30,-7,9,-34,-32,-12,11
ZA,South Africa,KwaZulu-Natal,,,ZA-NL,,ChIJVQ7iWQ4Q8R4Rjdnka6d4YYI,2021-03-31,4,23,-33,-29,-11,10
ZA,South Africa,KwaZulu-Natal,,,ZA-NL,,ChIJVQ7iWQ4Q8R4Rjdnka6d4YYI,2021-04-01,25,52,-23,-14,-14,7
ZA,South Africa,KwaZulu-Natal,,,ZA-NL,,ChIJVQ7iWQ4Q8R4Rjdnka6d4YYI,2021-04-02,-26,-5,-2,-40,-71,24
ZA,South Africa,KwaZulu-Natal,,,ZA-NL,,ChIJVQ7iWQ4Q8R4Rjdnka6d4YYI,2021-04-03,-12,11,-16,-49,-22,11
ZA,South Africa,KwaZulu-Natal,,,ZA-NL,,ChIJVQ7iWQ4Q8R4Rjdnka6d4YYI,2021-04-04,-14,-1,3,-44,-14,8
ZA,South Africa,Limpopo,,,ZA-LP,,ChIJwTDNNhTJxh4RStzIZh49iWI,2021-01-01,-46,-44,63,-60,-79,36
ZA,South Africa,Limpopo,,,ZA-LP,,ChIJwTDNNhTJxh4RStzIZh49iWI,2021-01-02,-8,3,25,-16,-22,18
ZA,South Africa,Limpopo,,,ZA-LP,,ChIJwTDNNhTJxh4RStzIZh49iWI,2021-01-03,0,11,25,0,-9,17
ZA,South Africa,Limpopo,,,ZA-LP,,ChIJwTDNNhTJxh4RStzIZh49iWI,2021-01-04,7,17,28,-16,-34,20
ZA,South Africa,Limpopo,,,ZA-LP,,ChIJwTDNNhTJxh4RStzIZh49iWI,2021-01-05,-3,7,24,-16,-36,21
ZA,South Africa,Limpopo,,,ZA-LP,,ChIJwTDNNhTJxh4RStzIZh49iWI,2021-01-06,-1,7,11,-26,-35,23
ZA,South Africa,Limpopo,,,ZA-LP,,ChIJwTDNNhTJxh4RStzIZh49iWI,2021-01-07,-7,4,11,-35,-36,22
ZA,South Africa,Limpopo,,,ZA-LP,,ChIJwTDNNhTJxh4RStzIZh49iWI,2021-01-08,-16,-3,3,-30,-34,23
ZA,South Africa,Limpopo,,,ZA-LP,,ChIJwTDNNhTJxh4RStzIZh49iWI,2021-01-09,-22,-9,-10,-34,-4,17
ZA,South Africa,Limpopo,,,ZA-LP,,ChIJwTDNNhTJxh4RStzIZh49iWI,2021-01-10,-21,-6,-10,-36,-9,19
ZA,South Africa,Limpopo,,,ZA-LP,,ChIJwTDNNhTJxh4RStzIZh49iWI,2021-01-11,-17,-6,-1,-34,-28,20
ZA,South Africa,Limpopo,,,ZA-LP,,ChIJwTDNNhTJxh4RStzIZh49iWI,2021-01-12,-21,-13,-3,-33,-32,20
ZA,South Africa,Limpopo,,,ZA-LP,,ChIJwTDNNhTJxh4RStzIZh49iWI,2021-01-13,-22,-16,-9,-44,-33,21
ZA,South Africa,Limpopo,,,ZA-LP,,ChIJwTDNNhTJxh4RStzIZh49iWI,2021-01-14,-26,-19,-16,-45,-37,20
ZA,South Africa,Limpopo,,,ZA-LP,,ChIJwTDNNhTJxh4RStzIZh49iWI,2021-01-15,-27,-17,-22,-46,-37,18
ZA,South Africa,Limpopo,,,ZA-LP,,ChIJwTDNNhTJxh4RStzIZh49iWI,2021-01-16,-35,-25,-34,-49,-17,15
ZA,South Africa,Limpopo,,,ZA-LP,,ChIJwTDNNhTJxh4RStzIZh49iWI,2021-01-17,-35,-23,-30,-50,-18,17
ZA,South Africa,Limpopo,,,ZA-LP,,ChIJwTDNNhTJxh4RStzIZh49iWI,2021-01-18,-29,-21,-20,-45,-33,19
ZA,South Africa,Limpopo,,,ZA-LP,,ChIJwTDNNhTJxh4RStzIZh49iWI,2021-01-19,-28,-24,-21,-38,-34,20
ZA,South Africa,Limpopo,,,ZA-LP,,ChIJwTDNNhTJxh4RStzIZh49iWI,2021-01-20,-26,-22,-20,-45,-34,22
ZA,South Africa,Limpopo,,,ZA-LP,,ChIJwTDNNhTJxh4RStzIZh49iWI,2021-01-21,-25,-18,-20,-46,-34,22
ZA,South Africa,Limpopo,,,ZA-LP,,ChIJwTDNNhTJxh4RStzIZh49iWI,2021-01-22,-23,-12,-22,-45,-32,21
ZA,South Africa,Limpopo,,,ZA-LP,,ChIJwTDNNhTJxh4RStzIZh49iWI,2021-01-23,-29,-15,-35,-46,-11,17
ZA,South Africa,Limpopo,,,ZA-LP,,ChIJwTDNNhTJxh4RStzIZh49iWI,2021-01-24,-43,-33,-34,-63,-22,24
ZA,South Africa,Limpopo,,,ZA-LP,,ChIJwTDNNhTJxh4RStzIZh49iWI,2021-01-25,-24,-16,-23,-43,-27,21
ZA,South Africa,Limpopo,,,ZA-LP,,ChIJwTDNNhTJxh4RStzIZh49iWI,2021-01-26,-19,-14,-21,-36,-26,18
ZA,South Africa,Limpopo,,,ZA-LP,,ChIJwTDNNhTJxh4RStzIZh49iWI,2021-01-27,-14,-9,-22,-38,-25,18
ZA,South Africa,Limpopo,,,ZA-LP,,ChIJwTDNNhTJxh4RStzIZh49iWI,2021-01-28,-12,-6,-26,-40,-26,18
ZA,South Africa,Limpopo,,,ZA-LP,,ChIJwTDNNhTJxh4RStzIZh49iWI,2021-01-29,-10,0,-25,-33,-24,16
ZA,South Africa,Limpopo,,,ZA-LP,,ChIJwTDNNhTJxh4RStzIZh49iWI,2021-01-30,-10,1,-36,-33,-6,13
ZA,South Africa,Limpopo,,,ZA-LP,,ChIJwTDNNhTJxh4RStzIZh49iWI,2021-01-31,-5,9,-32,-36,-6,14
ZA,South Africa,Limpopo,,,ZA-LP,,ChIJwTDNNhTJxh4RStzIZh49iWI,2021-02-01,-11,-2,-32,-29,-15,13
ZA,South Africa,Limpopo,,,ZA-LP,,ChIJwTDNNhTJxh4RStzIZh49iWI,2021-02-02,-11,-4,-28,-32,-18,14
ZA,South Africa,Limpopo,,,ZA-LP,,ChIJwTDNNhTJxh4RStzIZh49iWI,2021-02-03,-6,-1,-27,-30,-16,14
ZA,South Africa,Limpopo,,,ZA-LP,,ChIJwTDNNhTJxh4RStzIZh49iWI,2021-02-04,-8,-1,-25,-30,-19,14
ZA,South Africa,Limpopo,,,ZA-LP,,ChIJwTDNNhTJxh4RStzIZh49iWI,2021-02-05,-15,-8,-27,-34,-19,13
ZA,South Africa,Limpopo,,,ZA-LP,,ChIJwTDNNhTJxh4RStzIZh49iWI,2021-02-06,-18,-11,-34,-32,-7,11
ZA,South Africa,Limpopo,,,ZA-LP,,ChIJwTDNNhTJxh4RStzIZh49iWI,2021-02-07,-18,-9,-31,-37,-9,15
ZA,South Africa,Limpopo,,,ZA-LP,,ChIJwTDNNhTJxh4RStzIZh49iWI,2021-02-08,-15,-9,-27,-26,-16,13
ZA,South Africa,Limpopo,,,ZA-LP,,ChIJwTDNNhTJxh4RStzIZh49iWI,2021-02-09,-13,-8,-26,-21,-17,12
ZA,South Africa,Limpopo,,,ZA-LP,,ChIJwTDNNhTJxh4RStzIZh49iWI,2021-02-10,-11,-8,-28,-30,-17,12
ZA,South Africa,Limpopo,,,ZA-LP,,ChIJwTDNNhTJxh4RStzIZh49iWI,2021-02-11,-8,-2,-31,-27,-17,12
ZA,South Africa,Limpopo,,,ZA-LP,,ChIJwTDNNhTJxh4RStzIZh49iWI,2021-02-12,-13,-7,-32,-20,-15,12
ZA,South Africa,Limpopo,,,ZA-LP,,ChIJwTDNNhTJxh4RStzIZh49iWI,2021-02-13,-13,-6,-38,-21,-5,13
ZA,South Africa,Limpopo,,,ZA-LP,,ChIJwTDNNhTJxh4RStzIZh49iWI,2021-02-14,0,4,-39,-28,-5,13
ZA,South Africa,Limpopo,,,ZA-LP,,ChIJwTDNNhTJxh4RStzIZh49iWI,2021-02-15,-11,-6,-39,-23,-11,11
ZA,South Africa,Limpopo,,,ZA-LP,,ChIJwTDNNhTJxh4RStzIZh49iWI,2021-02-16,-14,-8,-39,-21,-12,12
ZA,South Africa,Limpopo,,,ZA-LP,,ChIJwTDNNhTJxh4RStzIZh49iWI,2021-02-17,-10,-7,-37,-22,-10,13
ZA,South Africa,Limpopo,,,ZA-LP,,ChIJwTDNNhTJxh4RStzIZh49iWI,2021-02-18,-9,-4,-37,-24,-12,13
ZA,South Africa,Limpopo,,,ZA-LP,,ChIJwTDNNhTJxh4RStzIZh49iWI,2021-02-19,-15,-10,-36,-20,-10,12
ZA,South Africa,Limpopo,,,ZA-LP,,ChIJwTDNNhTJxh4RStzIZh49iWI,2021-02-20,-19,-11,-42,-25,-1,12
ZA,South Africa,Limpopo,,,ZA-LP,,ChIJwTDNNhTJxh4RStzIZh49iWI,2021-02-21,-18,-10,-40,-30,-4,13
ZA,South Africa,Limpopo,,,ZA-LP,,ChIJwTDNNhTJxh4RStzIZh49iWI,2021-02-22,-18,-13,-41,-30,-10,12
ZA,South Africa,Limpopo,,,ZA-LP,,ChIJwTDNNhTJxh4RStzIZh49iWI,2021-02-23,-15,-13,-41,-18,-10,11
ZA,South Africa,Limpopo,,,ZA-LP,,ChIJwTDNNhTJxh4RStzIZh49iWI,2021-02-24,-9,-8,-38,-22,-9,13
ZA,South Africa,Limpopo,,,ZA-LP,,ChIJwTDNNhTJxh4RStzIZh49iWI,2021-02-25,3,9,-38,-16,-9,11
ZA,South Africa,Limpopo,,,ZA-LP,,ChIJwTDNNhTJxh4RStzIZh49iWI,2021-02-26,5,12,-33,-8,-7,8
ZA,South Africa,Limpopo,,,ZA-LP,,ChIJwTDNNhTJxh4RStzIZh49iWI,2021-02-27,11,19,-34,-4,4,8
ZA,South Africa,Limpopo,,,ZA-LP,,ChIJwTDNNhTJxh4RStzIZh49iWI,2021-02-28,17,28,-33,-8,7,9
ZA,South Africa,Limpopo,,,ZA-LP,,ChIJwTDNNhTJxh4RStzIZh49iWI,2021-03-01,6,14,-34,-8,-2,9
ZA,South Africa,Limpopo,,,ZA-LP,,ChIJwTDNNhTJxh4RStzIZh49iWI,2021-03-02,2,9,-34,1,-4,9
ZA,South Africa,Limpopo,,,ZA-LP,,ChIJwTDNNhTJxh4RStzIZh49iWI,2021-03-03,6,11,-35,-15,-4,11
ZA,South Africa,Limpopo,,,ZA-LP,,ChIJwTDNNhTJxh4RStzIZh49iWI,2021-03-04,4,12,-35,-11,-5,10
ZA,South Africa,Limpopo,,,ZA-LP,,ChIJwTDNNhTJxh4RStzIZh49iWI,2021-03-05,3,13,-32,-1,-3,8
ZA,South Africa,Limpopo,,,ZA-LP,,ChIJwTDNNhTJxh4RStzIZh49iWI,2021-03-06,2,11,-34,-5,8,8
ZA,South Africa,Limpopo,,,ZA-LP,,ChIJwTDNNhTJxh4RStzIZh49iWI,2021-03-07,2,10,-32,-5,6,10
ZA,South Africa,Limpopo,,,ZA-LP,,ChIJwTDNNhTJxh4RStzIZh49iWI,2021-03-08,-8,-1,-37,-8,-1,10
ZA,South Africa,Limpopo,,,ZA-LP,,ChIJwTDNNhTJxh4RStzIZh49iWI,2021-03-09,-9,-4,-36,-6,-4,9
ZA,South Africa,Limpopo,,,ZA-LP,,ChIJwTDNNhTJxh4RStzIZh49iWI,2021-03-10,-6,-3,-37,-14,-4,12
ZA,South Africa,Limpopo,,,ZA-LP,,ChIJwTDNNhTJxh4RStzIZh49iWI,2021-03-11,-7,-2,-41,-18,-7,9
ZA,South Africa,Limpopo,,,ZA-LP,,ChIJwTDNNhTJxh4RStzIZh49iWI,2021-03-12,-9,-2,-34,-17,-5,7
ZA,South Africa,Limpopo,,,ZA-LP,,ChIJwTDNNhTJxh4RStzIZh49iWI,2021-03-13,-11,-3,-36,-13,5,7
ZA,South Africa,Limpopo,,,ZA-LP,,ChIJwTDNNhTJxh4RStzIZh49iWI,2021-03-14,-11,-4,-36,-21,0,10
ZA,South Africa,Limpopo,,,ZA-LP,,ChIJwTDNNhTJxh4RStzIZh49iWI,2021-03-15,-7,-1,-38,-15,-1,8
ZA,South Africa,Limpopo,,,ZA-LP,,ChIJwTDNNhTJxh4RStzIZh49iWI,2021-03-16,-8,-3,-37,-8,-3,8
ZA,South Africa,Limpopo,,,ZA-LP,,ChIJwTDNNhTJxh4RStzIZh49iWI,2021-03-17,-5,-1,-37,-14,-2,10
ZA,South Africa,Limpopo,,,ZA-LP,,ChIJwTDNNhTJxh4RStzIZh49iWI,2021-03-18,-4,3,-39,-8,-4,9
ZA,South Africa,Limpopo,,,ZA-LP,,ChIJwTDNNhTJxh4RStzIZh49iWI,2021-03-19,-1,9,-29,-8,-2,6
ZA,South Africa,Limpopo,,,ZA-LP,,ChIJwTDNNhTJxh4RStzIZh49iWI,2021-03-20,-2,9,-27,1,5,8
ZA,South Africa,Limpopo,,,ZA-LP,,ChIJwTDNNhTJxh4RStzIZh49iWI,2021-03-21,-5,0,-21,-26,-1,11
ZA,South Africa,Limpopo,,,ZA-LP,,ChIJwTDNNhTJxh4RStzIZh49iWI,2021-03-22,-27,-26,-25,-49,-65,26
ZA,South Africa,Limpopo,,,ZA-LP,,ChIJwTDNNhTJxh4RStzIZh49iWI,2021-03-23,-10,-3,-39,-6,0,9
ZA,South Africa,Limpopo,,,ZA-LP,,ChIJwTDNNhTJxh4RStzIZh49iWI,2021-03-24,-6,0,-37,-7,-1,12
ZA,South Africa,Limpopo,,,ZA-LP,,ChIJwTDNNhTJxh4RStzIZh49iWI,2021-03-25,6,15,-36,-8,-1,10
ZA,South Africa,Limpopo,,,ZA-LP,,ChIJwTDNNhTJxh4RStzIZh49iWI,2021-03-26,6,18,-31,-2,1,7
ZA,South Africa,Limpopo,,,ZA-LP,,ChIJwTDNNhTJxh4RStzIZh49iWI,2021-03-27,4,16,-31,-1,11,7
ZA,South Africa,Limpopo,,,ZA-LP,,ChIJwTDNNhTJxh4RStzIZh49iWI,2021-03-28,4,16,-31,-19,6,10
ZA,South Africa,Limpopo,,,ZA-LP,,ChIJwTDNNhTJxh4RStzIZh49iWI,2021-03-29,-2,8,-31,-2,3,10
ZA,South Africa,Limpopo,,,ZA-LP,,ChIJwTDNNhTJxh4RStzIZh49iWI,2021-03-30,0,8,-30,1,1,9
ZA,South Africa,Limpopo,,,ZA-LP,,ChIJwTDNNhTJxh4RStzIZh49iWI,2021-03-31,21,26,-25,15,0,9
ZA,South Africa,Limpopo,,,ZA-LP,,ChIJwTDNNhTJxh4RStzIZh49iWI,2021-04-01,54,68,-2,51,-6,4
ZA,South Africa,Limpopo,,,ZA-LP,,ChIJwTDNNhTJxh4RStzIZh49iWI,2021-04-02,-7,-4,28,-21,-70,23
ZA,South Africa,Limpopo,,,ZA-LP,,ChIJwTDNNhTJxh4RStzIZh49iWI,2021-04-03,19,28,14,15,-13,8
ZA,South Africa,Limpopo,,,ZA-LP,,ChIJwTDNNhTJxh4RStzIZh49iWI,2021-04-04,22,23,21,7,-7,8
ZA,South Africa,Mpumalanga,,,ZA-MP,,ChIJPSAvTvpg6h4RhGvk9A3foGQ,2021-01-01,-59,-48,41,-57,-81,36
ZA,South Africa,Mpumalanga,,,ZA-MP,,ChIJPSAvTvpg6h4RhGvk9A3foGQ,2021-01-02,-28,-1,12,-8,-29,19
ZA,South Africa,Mpumalanga,,,ZA-MP,,ChIJPSAvTvpg6h4RhGvk9A3foGQ,2021-01-03,-23,4,15,1,-18,16
ZA,South Africa,Mpumalanga,,,ZA-MP,,ChIJPSAvTvpg6h4RhGvk9A3foGQ,2021-01-04,-9,15,17,-6,-35,19
ZA,South Africa,Mpumalanga,,,ZA-MP,,ChIJPSAvTvpg6h4RhGvk9A3foGQ,2021-01-05,-18,7,11,-13,-36,20
ZA,South Africa,Mpumalanga,,,ZA-MP,,ChIJPSAvTvpg6h4RhGvk9A3foGQ,2021-01-06,-17,7,6,-11,-33,22
ZA,South Africa,Mpumalanga,,,ZA-MP,,ChIJPSAvTvpg6h4RhGvk9A3foGQ,2021-01-07,-17,6,9,-13,-35,21
ZA,South Africa,Mpumalanga,,,ZA-MP,,ChIJPSAvTvpg6h4RhGvk9A3foGQ,2021-01-08,-26,2,2,-16,-34,20
ZA,South Africa,Mpumalanga,,,ZA-MP,,ChIJPSAvTvpg6h4RhGvk9A3foGQ,2021-01-09,-29,3,-10,-15,-11,14
ZA,South Africa,Mpumalanga,,,ZA-MP,,ChIJPSAvTvpg6h4RhGvk9A3foGQ,2021-01-10,-33,-3,-8,-22,-14,16
ZA,South Africa,Mpumalanga,,,ZA-MP,,ChIJPSAvTvpg6h4RhGvk9A3foGQ,2021-01-11,-21,1,-1,-16,-28,17
ZA,South Africa,Mpumalanga,,,ZA-MP,,ChIJPSAvTvpg6h4RhGvk9A3foGQ,2021-01-12,-27,-5,-7,-18,-29,18
ZA,South Africa,Mpumalanga,,,ZA-MP,,ChIJPSAvTvpg6h4RhGvk9A3foGQ,2021-01-13,-29,-11,-11,-27,-30,18
ZA,South Africa,Mpumalanga,,,ZA-MP,,ChIJPSAvTvpg6h4RhGvk9A3foGQ,2021-01-14,-32,-14,-13,-29,-35,18
ZA,South Africa,Mpumalanga,,,ZA-MP,,ChIJPSAvTvpg6h4RhGvk9A3foGQ,2021-01-15,-34,-9,-20,-29,-36,15
ZA,South Africa,Mpumalanga,,,ZA-MP,,ChIJPSAvTvpg6h4RhGvk9A3foGQ,2021-01-16,-40,-12,-29,-27,-22,14
ZA,South Africa,Mpumalanga,,,ZA-MP,,ChIJPSAvTvpg6h4RhGvk9A3foGQ,2021-01-17,-42,-14,-27,-35,-25,16
ZA,South Africa,Mpumalanga,,,ZA-MP,,ChIJPSAvTvpg6h4RhGvk9A3foGQ,2021-01-18,-33,-14,-19,-20,-33,15
ZA,South Africa,Mpumalanga,,,ZA-MP,,ChIJPSAvTvpg6h4RhGvk9A3foGQ,2021-01-19,-36,-16,-21,-26,-34,17
ZA,South Africa,Mpumalanga,,,ZA-MP,,ChIJPSAvTvpg6h4RhGvk9A3foGQ,2021-01-20,-33,-14,-21,-26,-32,19
ZA,South Africa,Mpumalanga,,,ZA-MP,,ChIJPSAvTvpg6h4RhGvk9A3foGQ,2021-01-21,-31,-11,-20,-22,-33,19
ZA,South Africa,Mpumalanga,,,ZA-MP,,ChIJPSAvTvpg6h4RhGvk9A3foGQ,2021-01-22,-31,-4,-19,-23,-32,17
ZA,South Africa,Mpumalanga,,,ZA-MP,,ChIJPSAvTvpg6h4RhGvk9A3foGQ,2021-01-23,-32,0,-25,-15,-15,14
ZA,South Africa,Mpumalanga,,,ZA-MP,,ChIJPSAvTvpg6h4RhGvk9A3foGQ,2021-01-24,-48,-21,-31,-39,-25,21
ZA,South Africa,Mpumalanga,,,ZA-MP,,ChIJPSAvTvpg6h4RhGvk9A3foGQ,2021-01-25,-27,-4,-17,-24,-30,18
ZA,South Africa,Mpumalanga,,,ZA-MP,,ChIJPSAvTvpg6h4RhGvk9A3foGQ,2021-01-26,-25,-1,-19,-23,-29,17
ZA,South Africa,Mpumalanga,,,ZA-MP,,ChIJPSAvTvpg6h4RhGvk9A3foGQ,2021-01-27,-22,2,-18,-17,-26,16
ZA,South Africa,Mpumalanga,,,ZA-MP,,ChIJPSAvTvpg6h4RhGvk9A3foGQ,2021-01-28,-21,2,-20,-16,-29,17
ZA,South Africa,Mpumalanga,,,ZA-MP,,ChIJPSAvTvpg6h4RhGvk9A3foGQ,2021-01-29,-18,12,-19,-12,-28,13
ZA,South Africa,Mpumalanga,,,ZA-MP,,ChIJPSAvTvpg6h4RhGvk9A3foGQ,2021-01-30,-17,17,-25,4,-13,11
ZA,South Africa,Mpumalanga,,,ZA-MP,,ChIJPSAvTvpg6h4RhGvk9A3foGQ,2021-01-31,-18,16,-24,-12,-16,13
ZA,South Africa,Mpumalanga,,,ZA-MP,,ChIJPSAvTvpg6h4RhGvk9A3foGQ,2021-02-01,-16,8,-21,0,-22,13
ZA,South Africa,Mpumalanga,,,ZA-MP,,ChIJPSAvTvpg6h4RhGvk9A3foGQ,2021-02-02,-18,10,-20,-14,-23,14
ZA,South Africa,Mpumalanga,,,ZA-MP,,ChIJPSAvTvpg6h4RhGvk9A3foGQ,2021-02-03,-17,6,-19,-14,-21,14
ZA,South Africa,Mpumalanga,,,ZA-MP,,ChIJPSAvTvpg6h4RhGvk9A3foGQ,2021-02-04,-17,7,-18,-15,-24,14
ZA,South Africa,Mpumalanga,,,ZA-MP,,ChIJPSAvTvpg6h4RhGvk9A3foGQ,2021-02-05,-23,2,-20,-11,-24,11
ZA,South Africa,Mpumalanga,,,ZA-MP,,ChIJPSAvTvpg6h4RhGvk9A3foGQ,2021-02-06,-27,-2,-28,-9,-16,11
ZA,South Africa,Mpumalanga,,,ZA-MP,,ChIJPSAvTvpg6h4RhGvk9A3foGQ,2021-02-07,-29,-4,-21,-15,-19,14
ZA,South Africa,Mpumalanga,,,ZA-MP,,ChIJPSAvTvpg6h4RhGvk9A3foGQ,2021-02-08,-21,-1,-17,-4,-23,12
ZA,South Africa,Mpumalanga,,,ZA-MP,,ChIJPSAvTvpg6h4RhGvk9A3foGQ,2021-02-09,-23,0,-19,-9,-23,13
ZA,South Africa,Mpumalanga,,,ZA-MP,,ChIJPSAvTvpg6h4RhGvk9A3foGQ,2021-02-10,-22,-1,-22,-10,-22,13
ZA,South Africa,Mpumalanga,,,ZA-MP,,ChIJPSAvTvpg6h4RhGvk9A3foGQ,2021-02-11,-17,6,-22,-11,-23,12
ZA,South Africa,Mpumalanga,,,ZA-MP,,ChIJPSAvTvpg6h4RhGvk9A3foGQ,2021-02-12,-23,1,-28,-8,-22,12
ZA,South Africa,Mpumalanga,,,ZA-MP,,ChIJPSAvTvpg6h4RhGvk9A3foGQ,2021-02-13,-22,5,-29,1,-12,12
ZA,South Africa,Mpumalanga,,,ZA-MP,,ChIJPSAvTvpg6h4RhGvk9A3foGQ,2021-02-14,-16,9,-28,-11,-13,12
ZA,South Africa,Mpumalanga,,,ZA-MP,,ChIJPSAvTvpg6h4RhGvk9A3foGQ,2021-02-15,-19,3,-29,-4,-20,11
ZA,South Africa,Mpumalanga,,,ZA-MP,,ChIJPSAvTvpg6h4RhGvk9A3foGQ,2021-02-16,-24,0,-31,-14,-21,13
ZA,South Africa,Mpumalanga,,,ZA-MP,,ChIJPSAvTvpg6h4RhGvk9A3foGQ,2021-02-17,-22,1,-30,-10,-17,13
ZA,South Africa,Mpumalanga,,,ZA-MP,,ChIJPSAvTvpg6h4RhGvk9A3foGQ,2021-02-18,-19,4,-31,-7,-19,12
ZA,South Africa,Mpumalanga,,,ZA-MP,,ChIJPSAvTvpg6h4RhGvk9A3foGQ,2021-02-19,-24,-1,-30,-11,-18,10
ZA,South Africa,Mpumalanga,,,ZA-MP,,ChIJPSAvTvpg6h4RhGvk9A3foGQ,2021-02-20,-26,1,-31,-10,-9,11
ZA,South Africa,Mpumalanga,,,ZA-MP,,ChIJPSAvTvpg6h4RhGvk9A3foGQ,2021-02-21,-31,-3,-29,-14,-14,12
ZA,South Africa,Mpumalanga,,,ZA-MP,,ChIJPSAvTvpg6h4RhGvk9A3foGQ,2021-02-22,-24,-5,-29,-9,-16,12
ZA,South Africa,Mpumalanga,,,ZA-MP,,ChIJPSAvTvpg6h4RhGvk9A3foGQ,2021-02-23,-22,0,-32,-10,-17,11
ZA,South Africa,Mpumalanga,,,ZA-MP,,ChIJPSAvTvpg6h4RhGvk9A3foGQ,2021-02-24,-21,0,-32,-9,-15,13
ZA,South Africa,Mpumalanga,,,ZA-MP,,ChIJPSAvTvpg6h4RhGvk9A3foGQ,2021-02-25,-4,20,-29,3,-16,10
ZA,South Africa,Mpumalanga,,,ZA-MP,,ChIJPSAvTvpg6h4RhGvk9A3foGQ,2021-02-26,-5,23,-28,7,-17,7
ZA,South Africa,Mpumalanga,,,ZA-MP,,ChIJPSAvTvpg6h4RhGvk9A3foGQ,2021-02-27,2,35,-23,20,-4,5
ZA,South Africa,Mpumalanga,,,ZA-MP,,ChIJPSAvTvpg6h4RhGvk9A3foGQ,2021-02-28,3,36,-18,11,-5,7
ZA,South Africa,Mpumalanga,,,ZA-MP,,ChIJPSAvTvpg6h4RhGvk9A3foGQ,2021-03-01,1,27,-21,19,-11,8
ZA,South Africa,Mpumalanga,,,ZA-MP,,ChIJPSAvTvpg6h4RhGvk9A3foGQ,2021-03-02,-8,23,-25,11,-12,9
ZA,South Africa,Mpumalanga,,,ZA-MP,,ChIJPSAvTvpg6h4RhGvk9A3foGQ,2021-03-03,-6,22,-25,5,-11,10
ZA,South Africa,Mpumalanga,,,ZA-MP,,ChIJPSAvTvpg6h4RhGvk9A3foGQ,2021-03-04,-4,22,-26,7,-14,10
ZA,South Africa,Mpumalanga,,,ZA-MP,,ChIJPSAvTvpg6h4RhGvk9A3foGQ,2021-03-05,-7,24,-24,12,-13,8
ZA,South Africa,Mpumalanga,,,ZA-MP,,ChIJPSAvTvpg6h4RhGvk9A3foGQ,2021-03-06,-8,25,-21,11,-4,8
ZA,South Africa,Mpumalanga,,,ZA-MP,,ChIJPSAvTvpg6h4RhGvk9A3foGQ,2021-03-07,-14,18,-17,2,-8,9
ZA,South Africa,Mpumalanga,,,ZA-MP,,ChIJPSAvTvpg6h4RhGvk9A3foGQ,2021-03-08,-14,8,-23,11,-13,10
ZA,South Africa,Mpumalanga,,,ZA-MP,,ChIJPSAvTvpg6h4RhGvk9A3foGQ,2021-03-09,-19,6,-28,2,-13,11
ZA,South Africa,Mpumalanga,,,ZA-MP,,ChIJPSAvTvpg6h4RhGvk9A3foGQ,2021-03-10,-17,7,-28,0,-12,12
ZA,South Africa,Mpumalanga,,,ZA-MP,,ChIJPSAvTvpg6h4RhGvk9A3foGQ,2021-03-11,-14,8,-28,0,-15,10
ZA,South Africa,Mpumalanga,,,ZA-MP,,ChIJPSAvTvpg6h4RhGvk9A3foGQ,2021-03-12,-17,9,-27,-1,-15,7
ZA,South Africa,Mpumalanga,,,ZA-MP,,ChIJPSAvTvpg6h4RhGvk9A3foGQ,2021-03-13,-18,12,-26,2,-4,7
ZA,South Africa,Mpumalanga,,,ZA-MP,,ChIJPSAvTvpg6h4RhGvk9A3foGQ,2021-03-14,-22,6,-23,-4,-9,9
ZA,South Africa,Mpumalanga,,,ZA-MP,,ChIJPSAvTvpg6h4RhGvk9A3foGQ,2021-03-15,-15,8,-25,9,-11,9
ZA,South Africa,Mpumalanga,,,ZA-MP,,ChIJPSAvTvpg6h4RhGvk9A3foGQ,2021-03-16,-19,6,-28,-1,-12,9
ZA,South Africa,Mpumalanga,,,ZA-MP,,ChIJPSAvTvpg6h4RhGvk9A3foGQ,2021-03-17,-17,6,-29,-2,-10,12
ZA,South Africa,Mpumalanga,,,ZA-MP,,ChIJPSAvTvpg6h4RhGvk9A3foGQ,2021-03-18,-15,7,-29,-4,-12,10
ZA,South Africa,Mpumalanga,,,ZA-MP,,ChIJPSAvTvpg6h4RhGvk9A3foGQ,2021-03-19,-13,13,-21,2,-13,6
ZA,South Africa,Mpumalanga,,,ZA-MP,,ChIJPSAvTvpg6h4RhGvk9A3foGQ,2021-03-20,-14,17,-14,12,-4,8
ZA,South Africa,Mpumalanga,,,ZA-MP,,ChIJPSAvTvpg6h4RhGvk9A3foGQ,2021-03-21,-20,5,-7,-10,-11,12
ZA,South Africa,Mpumalanga,,,ZA-MP,,ChIJPSAvTvpg6h4RhGvk9A3foGQ,2021-03-22,-30,-17,-8,-17,-69,26
ZA,South Africa,Mpumalanga,,,ZA-MP,,ChIJPSAvTvpg6h4RhGvk9A3foGQ,2021-03-23,-19,7,-29,7,-9,9
ZA,South Africa,Mpumalanga,,,ZA-MP,,ChIJPSAvTvpg6h4RhGvk9A3foGQ,2021-03-24,-17,7,-29,3,-10,13
ZA,South Africa,Mpumalanga,,,ZA-MP,,ChIJPSAvTvpg6h4RhGvk9A3foGQ,2021-03-25,-1,24,-28,5,-11,10
ZA,South Africa,Mpumalanga,,,ZA-MP,,ChIJPSAvTvpg6h4RhGvk9A3foGQ,2021-03-26,0,32,-24,8,-10,6
ZA,South Africa,Mpumalanga,,,ZA-MP,,ChIJPSAvTvpg6h4RhGvk9A3foGQ,2021-03-27,-1,34,-21,11,2,6
ZA,South Africa,Mpumalanga,,,ZA-MP,,ChIJPSAvTvpg6h4RhGvk9A3foGQ,2021-03-28,-8,25,-18,1,-5,9
ZA,South Africa,Mpumalanga,,,ZA-MP,,ChIJPSAvTvpg6h4RhGvk9A3foGQ,2021-03-29,-7,17,-19,10,-8,9
ZA,South Africa,Mpumalanga,,,ZA-MP,,ChIJPSAvTvpg6h4RhGvk9A3foGQ,2021-03-30,-9,19,-22,7,-9,9
ZA,South Africa,Mpumalanga,,,ZA-MP,,ChIJPSAvTvpg6h4RhGvk9A3foGQ,2021-03-31,6,35,-20,14,-9,8
ZA,South Africa,Mpumalanga,,,ZA-MP,,ChIJPSAvTvpg6h4RhGvk9A3foGQ,2021-04-01,30,64,-7,49,-17,5
ZA,South Africa,Mpumalanga,,,ZA-MP,,ChIJPSAvTvpg6h4RhGvk9A3foGQ,2021-04-02,-27,-5,24,-19,-74,23
ZA,South Africa,Mpumalanga,,,ZA-MP,,ChIJPSAvTvpg6h4RhGvk9A3foGQ,2021-04-03,-6,25,14,1,-23,8
ZA,South Africa,Mpumalanga,,,ZA-MP,,ChIJPSAvTvpg6h4RhGvk9A3foGQ,2021-04-04,-11,12,22,-9,-17,9
ZA,South Africa,North West,,,ZA-NW,,ChIJ612A6EIKmB4R_5BkMf6qLUc,2021-01-01,-64,-57,10,-47,-78,35
ZA,South Africa,North West,,,ZA-NW,,ChIJ612A6EIKmB4R_5BkMf6qLUc,2021-01-02,-31,-18,-21,-10,-24,18
ZA,South Africa,North West,,,ZA-NW,,ChIJ612A6EIKmB4R_5BkMf6qLUc,2021-01-03,-24,-6,-13,26,-11,15
ZA,South Africa,North West,,,ZA-NW,,ChIJ612A6EIKmB4R_5BkMf6qLUc,2021-01-04,-16,2,-1,9,-33,18
ZA,South Africa,North West,,,ZA-NW,,ChIJ612A6EIKmB4R_5BkMf6qLUc,2021-01-05,-23,-9,0,7,-33,18
ZA,South Africa,North West,,,ZA-NW,,ChIJ612A6EIKmB4R_5BkMf6qLUc,2021-01-06,-21,-5,-3,-6,-29,19
ZA,South Africa,North West,,,ZA-NW,,ChIJ612A6EIKmB4R_5BkMf6qLUc,2021-01-07,-21,-6,-4,2,-30,18
ZA,South Africa,North West,,,ZA-NW,,ChIJ612A6EIKmB4R_5BkMf6qLUc,2021-01-08,-27,-10,-14,-8,-28,19
ZA,South Africa,North West,,,ZA-NW,,ChIJ612A6EIKmB4R_5BkMf6qLUc,2021-01-09,-27,-12,-26,-9,-3,14
ZA,South Africa,North West,,,ZA-NW,,ChIJ612A6EIKmB4R_5BkMf6qLUc,2021-01-10,-32,-12,-22,-5,-12,15
ZA,South Africa,North West,,,ZA-NW,,ChIJ612A6EIKmB4R_5BkMf6qLUc,2021-01-11,-26,-11,-8,-16,-25,16
ZA,South Africa,North West,,,ZA-NW,,ChIJ612A6EIKmB4R_5BkMf6qLUc,2021-01-12,-28,-16,-10,-18,-26,15
ZA,South Africa,North West,,,ZA-NW,,ChIJ612A6EIKmB4R_5BkMf6qLUc,2021-01-13,-31,-20,-18,-25,-27,16
ZA,South Africa,North West,,,ZA-NW,,ChIJ612A6EIKmB4R_5BkMf6qLUc,2021-01-14,-32,-21,-21,-25,-31,15
ZA,South Africa,North West,,,ZA-NW,,ChIJ612A6EIKmB4R_5BkMf6qLUc,2021-01-15,-31,-17,-30,-29,-31,14
ZA,South Africa,North West,,,ZA-NW,,ChIJ612A6EIKmB4R_5BkMf6qLUc,2021-01-16,-34,-19,-37,-35,-15,12
ZA,South Africa,North West,,,ZA-NW,,ChIJ612A6EIKmB4R_5BkMf6qLUc,2021-01-17,-37,-18,-31,-30,-22,14
ZA,South Africa,North West,,,ZA-NW,,ChIJ612A6EIKmB4R_5BkMf6qLUc,2021-01-18,-35,-21,-23,-32,-31,15
ZA,South Africa,North West,,,ZA-NW,,ChIJ612A6EIKmB4R_5BkMf6qLUc,2021-01-19,-35,-23,-25,-25,-30,15
ZA,South Africa,North West,,,ZA-NW,,ChIJ612A6EIKmB4R_5BkMf6qLUc,2021-01-20,-33,-21,-23,-24,-30,17
ZA,South Africa,North West,,,ZA-NW,,ChIJ612A6EIKmB4R_5BkMf6qLUc,2021-01-21,-31,-19,-21,-22,-29,16
ZA,South Africa,North West,,,ZA-NW,,ChIJ612A6EIKmB4R_5BkMf6qLUc,2021-01-22,-32,-16,-26,-27,-28,16
ZA,South Africa,North West,,,ZA-NW,,ChIJ612A6EIKmB4R_5BkMf6qLUc,2021-01-23,-27,-11,-32,-21,-9,12
ZA,South Africa,North West,,,ZA-NW,,ChIJ612A6EIKmB4R_5BkMf6qLUc,2021-01-24,-31,-12,-30,-28,-16,15
ZA,South Africa,North West,,,ZA-NW,,ChIJ612A6EIKmB4R_5BkMf6qLUc,2021-01-25,-28,-14,-25,-29,-26,16
ZA,South Africa,North West,,,ZA-NW,,ChIJ612A6EIKmB4R_5BkMf6qLUc,2021-01-26,-22,-11,-18,-22,-24,13
ZA,South Africa,North West,,,ZA-NW,,ChIJ612A6EIKmB4R_5BkMf6qLUc,2021-01-27,-23,-11,-19,-33,-23,16
ZA,South Africa,North West,,,ZA-NW,,ChIJ612A6EIKmB4R_5BkMf6qLUc,2021-01-28,-19,-6,-20,-19,-23,13
ZA,South Africa,North West,,,ZA-NW,,ChIJ612A6EIKmB4R_5BkMf6qLUc,2021-01-29,-18,0,-26,-15,-21,13
ZA,South Africa,North West,,,ZA-NW,,ChIJ612A6EIKmB4R_5BkMf6qLUc,2021-01-30,-13,2,-35,-22,-8,10
ZA,South Africa,North West,,,ZA-NW,,ChIJ612A6EIKmB4R_5BkMf6qLUc,2021-01-31,-20,2,-34,-28,-15,13
ZA,South Africa,North West,,,ZA-NW,,ChIJ612A6EIKmB4R_5BkMf6qLUc,2021-02-01,-18,-1,-22,-17,-17,11
ZA,South Africa,North West,,,ZA-NW,,ChIJ612A6EIKmB4R_5BkMf6qLUc,2021-02-02,-18,-5,-25,-20,-18,12
ZA,South Africa,North West,,,ZA-NW,,ChIJ612A6EIKmB4R_5BkMf6qLUc,2021-02-03,-16,-6,-19,-15,-16,13
ZA,South Africa,North West,,,ZA-NW,,ChIJ612A6EIKmB4R_5BkMf6qLUc,2021-02-04,-17,-4,-23,-10,-18,13
ZA,South Africa,North West,,,ZA-NW,,ChIJ612A6EIKmB4R_5BkMf6qLUc,2021-02-05,-19,-8,-26,-13,-17,11
ZA,South Africa,North West,,,ZA-NW,,ChIJ612A6EIKmB4R_5BkMf6qLUc,2021-02-06,-18,-9,-33,-25,-8,10
ZA,South Africa,North West,,,ZA-NW,,ChIJ612A6EIKmB4R_5BkMf6qLUc,2021-02-07,-23,-10,-28,-14,-13,12
ZA,South Africa,North West,,,ZA-NW,,ChIJ612A6EIKmB4R_5BkMf6qLUc,2021-02-08,-22,-9,-18,-9,-18,11
ZA,South Africa,North West,,,ZA-NW,,ChIJ612A6EIKmB4R_5BkMf6qLUc,2021-02-09,-21,-12,-22,-7,-18,11
ZA,South Africa,North West,,,ZA-NW,,ChIJ612A6EIKmB4R_5BkMf6qLUc,2021-02-10,-19,-9,-22,-17,-17,10
ZA,South Africa,North West,,,ZA-NW,,ChIJ612A6EIKmB4R_5BkMf6qLUc,2021-02-11,-14,-4,-22,-1,-17,9
ZA,South Africa,North West,,,ZA-NW,,ChIJ612A6EIKmB4R_5BkMf6qLUc,2021-02-12,-15,-6,-29,-11,-15,10
ZA,South Africa,North West,,,ZA-NW,,ChIJ612A6EIKmB4R_5BkMf6qLUc,2021-02-13,-8,-2,-28,-3,-4,9
ZA,South Africa,North West,,,ZA-NW,,ChIJ612A6EIKmB4R_5BkMf6qLUc,2021-02-14,1,6,-22,-13,-8,10
ZA,South Africa,North West,,,ZA-NW,,ChIJ612A6EIKmB4R_5BkMf6qLUc,2021-02-15,-16,-3,-28,-15,-15,9
ZA,South Africa,North West,,,ZA-NW,,ChIJ612A6EIKmB4R_5BkMf6qLUc,2021-02-16,-16,-4,-28,-11,-14,10
ZA,South Africa,North West,,,ZA-NW,,ChIJ612A6EIKmB4R_5BkMf6qLUc,2021-02-17,-15,-6,-29,-13,-11,11
ZA,South Africa,North West,,,ZA-NW,,ChIJ612A6EIKmB4R_5BkMf6qLUc,2021-02-18,-14,-4,-31,-7,-12,11
ZA,South Africa,North West,,,ZA-NW,,ChIJ612A6EIKmB4R_5BkMf6qLUc,2021-02-19,-17,-6,-33,-6,-10,10
ZA,South Africa,North West,,,ZA-NW,,ChIJ612A6EIKmB4R_5BkMf6qLUc,2021-02-20,-13,-7,-31,-10,0,9
ZA,South Africa,North West,,,ZA-NW,,ChIJ612A6EIKmB4R_5BkMf6qLUc,2021-02-21,-20,-6,-30,-14,-11,12
ZA,South Africa,North West,,,ZA-NW,,ChIJ612A6EIKmB4R_5BkMf6qLUc,2021-02-22,-27,-15,-32,-20,-12,12
ZA,South Africa,North West,,,ZA-NW,,ChIJ612A6EIKmB4R_5BkMf6qLUc,2021-02-23,-21,-14,-29,-7,-11,10
ZA,South Africa,North West,,,ZA-NW,,ChIJ612A6EIKmB4R_5BkMf6qLUc,2021-02-24,-17,-12,-32,-16,-10,12
ZA,South Africa,North West,,,ZA-NW,,ChIJ612A6EIKmB4R_5BkMf6qLUc,2021-02-25,1,10,-30,-3,-9,8
ZA,South Africa,North West,,,ZA-NW,,ChIJ612A6EIKmB4R_5BkMf6qLUc,2021-02-26,6,16,-30,12,-7,6
ZA,South Africa,North West,,,ZA-NW,,ChIJ612A6EIKmB4R_5BkMf6qLUc,2021-02-27,17,22,-25,11,4,4
ZA,South Africa,North West,,,ZA-NW,,ChIJ612A6EIKmB4R_5BkMf6qLUc,2021-02-28,16,29,-23,25,0,6
ZA,South Africa,North West,,,ZA-NW,,ChIJ612A6EIKmB4R_5BkMf6qLUc,2021-03-01,1,18,-22,11,-7,7
ZA,South Africa,North West,,,ZA-NW,,ChIJ612A6EIKmB4R_5BkMf6qLUc,2021-03-02,-1,13,-24,12,-6,7
ZA,South Africa,North West,,,ZA-NW,,ChIJ612A6EIKmB4R_5BkMf6qLUc,2021-03-03,-1,12,-25,10,-5,9
ZA,South Africa,North West,,,ZA-NW,,ChIJ612A6EIKmB4R_5BkMf6qLUc,2021-03-04,-1,11,-25,14,-6,9
ZA,South Africa,North West,,,ZA-NW,,ChIJ612A6EIKmB4R_5BkMf6qLUc,2021-03-05,1,14,-28,20,-5,7
ZA,South Africa,North West,,,ZA-NW,,ChIJ612A6EIKmB4R_5BkMf6qLUc,2021-03-06,6,13,-24,10,7,6
ZA,South Africa,North West,,,ZA-NW,,ChIJ612A6EIKmB4R_5BkMf6qLUc,2021-03-07,-2,12,-23,5,-1,8
ZA,South Africa,North West,,,ZA-NW,,ChIJ612A6EIKmB4R_5BkMf6qLUc,2021-03-08,-13,3,-24,5,-7,9
ZA,South Africa,North West,,,ZA-NW,,ChIJ612A6EIKmB4R_5BkMf6qLUc,2021-03-09,-11,-1,-24,12,-7,9
ZA,South Africa,North West,,,ZA-NW,,ChIJ612A6EIKmB4R_5BkMf6qLUc,2021-03-10,-10,1,-25,5,-5,10
ZA,South Africa,North West,,,ZA-NW,,ChIJ612A6EIKmB4R_5BkMf6qLUc,2021-03-11,-8,3,-27,12,-6,8
ZA,South Africa,North West,,,ZA-NW,,ChIJ612A6EIKmB4R_5BkMf6qLUc,2021-03-12,-9,4,-30,3,-5,7
ZA,South Africa,North West,,,ZA-NW,,ChIJ612A6EIKmB4R_5BkMf6qLUc,2021-03-13,-3,3,-29,1,3,7
ZA,South Africa,North West,,,ZA-NW,,ChIJ612A6EIKmB4R_5BkMf6qLUc,2021-03-14,-10,3,-27,-3,-5,9
ZA,South Africa,North West,,,ZA-NW,,ChIJ612A6EIKmB4R_5BkMf6qLUc,2021-03-15,-11,3,-28,-9,-6,8
ZA,South Africa,North West,,,ZA-NW,,ChIJ612A6EIKmB4R_5BkMf6qLUc,2021-03-16,-11,-1,-27,6,-6,7
ZA,South Africa,North West,,,ZA-NW,,ChIJ612A6EIKmB4R_5BkMf6qLUc,2021-03-17,-13,-5,-29,-9,-6,11
ZA,South Africa,North West,,,ZA-NW,,ChIJ612A6EIKmB4R_5BkMf6qLUc,2021-03-18,-7,4,-27,10,-5,8
ZA,South Africa,North West,,,ZA-NW,,ChIJ612A6EIKmB4R_5BkMf6qLUc,2021-03-19,-5,9,-27,16,-5,7
ZA,South Africa,North West,,,ZA-NW,,ChIJ612A6EIKmB4R_5BkMf6qLUc,2021-03-20,-2,6,-25,9,1,8
ZA,South Africa,North West,,,ZA-NW,,ChIJ612A6EIKmB4R_5BkMf6qLUc,2021-03-21,-7,1,-13,-5,-8,11
ZA,South Africa,North West,,,ZA-NW,,ChIJ612A6EIKmB4R_5BkMf6qLUc,2021-03-22,-27,-21,-4,-24,-66,25
ZA,South Africa,North West,,,ZA-NW,,ChIJ612A6EIKmB4R_5BkMf6qLUc,2021-03-23,-17,-4,-28,15,-3,8
ZA,South Africa,North West,,,ZA-NW,,ChIJ612A6EIKmB4R_5BkMf6qLUc,2021-03-24,-15,-4,-29,0,-4,11
ZA,South Africa,North West,,,ZA-NW,,ChIJ612A6EIKmB4R_5BkMf6qLUc,2021-03-25,4,18,-27,32,-5,7
ZA,South Africa,North West,,,ZA-NW,,ChIJ612A6EIKmB4R_5BkMf6qLUc,2021-03-26,8,26,-29,25,0,5
ZA,South Africa,North West,,,ZA-NW,,ChIJ612A6EIKmB4R_5BkMf6qLUc,2021-03-27,13,22,-24,18,7,4
ZA,South Africa,North West,,,ZA-NW,,ChIJ612A6EIKmB4R_5BkMf6qLUc,2021-03-28,4,23,-24,22,-1,8
ZA,South Africa,North West,,,ZA-NW,,ChIJ612A6EIKmB4R_5BkMf6qLUc,2021-03-29,-8,10,-24,17,-3,9
ZA,South Africa,North West,,,ZA-NW,,ChIJ612A6EIKmB4R_5BkMf6qLUc,2021-03-30,-3,13,-25,24,-2,7
ZA,South Africa,North West,,,ZA-NW,,ChIJ612A6EIKmB4R_5BkMf6qLUc,2021-03-31,9,22,-22,30,-1,7
ZA,South Africa,North West,,,ZA-NW,,ChIJ612A6EIKmB4R_5BkMf6qLUc,2021-04-01,32,54,-9,,-8,3
ZA,South Africa,North West,,,ZA-NW,,ChIJ612A6EIKmB4R_5BkMf6qLUc,2021-04-02,-29,-18,4,5,-70,25
ZA,South Africa,North West,,,ZA-NW,,ChIJ612A6EIKmB4R_5BkMf6qLUc,2021-04-03,6,16,-10,22,-15,8
ZA,South Africa,North West,,,ZA-NW,,ChIJ612A6EIKmB4R_5BkMf6qLUc,2021-04-04,-2,4,-3,20,-12,8
ZA,South Africa,Northern Cape,,,ZA-NC,,ChIJbUtwf_UhJBwRkEyPkNb4AAM,2021-01-01,-68,-58,-16,-55,-76,30
ZA,South Africa,Northern Cape,,,ZA-NC,,ChIJbUtwf_UhJBwRkEyPkNb4AAM,2021-01-02,-33,-21,-20,,-23,14
ZA,South Africa,Northern Cape,,,ZA-NC,,ChIJbUtwf_UhJBwRkEyPkNb4AAM,2021-01-03,-22,-12,-4,,-15,10
ZA,South Africa,Northern Cape,,,ZA-NC,,ChIJbUtwf_UhJBwRkEyPkNb4AAM,2021-01-04,-13,4,-11,-31,-40,18
ZA,South Africa,Northern Cape,,,ZA-NC,,ChIJbUtwf_UhJBwRkEyPkNb4AAM,2021-01-05,-15,-1,-23,-33,-38,17
ZA,South Africa,Northern Cape,,,ZA-NC,,ChIJbUtwf_UhJBwRkEyPkNb4AAM,2021-01-06,-13,5,-13,-28,-33,16
ZA,South Africa,Northern Cape,,,ZA-NC,,ChIJbUtwf_UhJBwRkEyPkNb4AAM,2021-01-07,-15,2,-17,-39,-33,16
ZA,South Africa,Northern Cape,,,ZA-NC,,ChIJbUtwf_UhJBwRkEyPkNb4AAM,2021-01-08,-21,-5,-30,-34,-30,17
ZA,South Africa,Northern Cape,,,ZA-NC,,ChIJbUtwf_UhJBwRkEyPkNb4AAM,2021-01-09,-27,-14,-37,,-11,12
ZA,South Africa,Northern Cape,,,ZA-NC,,ChIJbUtwf_UhJBwRkEyPkNb4AAM,2021-01-10,-28,-11,-23,,-16,11
ZA,South Africa,Northern Cape,,,ZA-NC,,ChIJbUtwf_UhJBwRkEyPkNb4AAM,2021-01-11,-21,-5,-26,-35,-27,14
ZA,South Africa,Northern Cape,,,ZA-NC,,ChIJbUtwf_UhJBwRkEyPkNb4AAM,2021-01-12,-21,-10,-33,-42,-28,13
ZA,South Africa,Northern Cape,,,ZA-NC,,ChIJbUtwf_UhJBwRkEyPkNb4AAM,2021-01-13,-26,-13,-30,-37,-28,12
ZA,South Africa,Northern Cape,,,ZA-NC,,ChIJbUtwf_UhJBwRkEyPkNb4AAM,2021-01-14,-27,-16,-30,-44,-32,12
ZA,South Africa,Northern Cape,,,ZA-NC,,ChIJbUtwf_UhJBwRkEyPkNb4AAM,2021-01-15,-24,-12,-40,-35,-30,11
ZA,South Africa,Northern Cape,,,ZA-NC,,ChIJbUtwf_UhJBwRkEyPkNb4AAM,2021-01-16,-31,-18,-38,,-21,9
ZA,South Africa,Northern Cape,,,ZA-NC,,ChIJbUtwf_UhJBwRkEyPkNb4AAM,2021-01-17,-32,-18,-17,,-25,8
ZA,South Africa,Northern Cape,,,ZA-NC,,ChIJbUtwf_UhJBwRkEyPkNb4AAM,2021-01-18,-25,-12,-30,-39,-31,10
ZA,South Africa,Northern Cape,,,ZA-NC,,ChIJbUtwf_UhJBwRkEyPkNb4AAM,2021-01-19,-26,-16,-37,-37,-31,12
ZA,South Africa,Northern Cape,,,ZA-NC,,ChIJbUtwf_UhJBwRkEyPkNb4AAM,2021-01-20,-23,-9,-34,-38,-30,13
ZA,South Africa,Northern Cape,,,ZA-NC,,ChIJbUtwf_UhJBwRkEyPkNb4AAM,2021-01-21,-22,-9,-32,-42,-30,12
ZA,South Africa,Northern Cape,,,ZA-NC,,ChIJbUtwf_UhJBwRkEyPkNb4AAM,2021-01-22,-26,-13,-36,-36,-26,12
ZA,South Africa,Northern Cape,,,ZA-NC,,ChIJbUtwf_UhJBwRkEyPkNb4AAM,2021-01-23,-27,-15,-40,,-17,11
ZA,South Africa,Northern Cape,,,ZA-NC,,ChIJbUtwf_UhJBwRkEyPkNb4AAM,2021-01-24,-28,-14,-29,,-22,11
ZA,South Africa,Northern Cape,,,ZA-NC,,ChIJbUtwf_UhJBwRkEyPkNb4AAM,2021-01-25,-18,-4,-30,-33,-25,11
ZA,South Africa,Northern Cape,,,ZA-NC,,ChIJbUtwf_UhJBwRkEyPkNb4AAM,2021-01-26,-20,-8,-37,-40,-27,11
ZA,South Africa,Northern Cape,,,ZA-NC,,ChIJbUtwf_UhJBwRkEyPkNb4AAM,2021-01-27,-21,-9,-35,-35,-28,14
ZA,South Africa,Northern Cape,,,ZA-NC,,ChIJbUtwf_UhJBwRkEyPkNb4AAM,2021-01-28,-10,0,-26,-42,-25,10
ZA,South Africa,Northern Cape,,,ZA-NC,,ChIJbUtwf_UhJBwRkEyPkNb4AAM,2021-01-29,-7,5,-32,-17,-21,8
ZA,South Africa,Northern Cape,,,ZA-NC,,ChIJbUtwf_UhJBwRkEyPkNb4AAM,2021-01-30,-9,1,-35,,-11,7
ZA,South Africa,Northern Cape,,,ZA-NC,,ChIJbUtwf_UhJBwRkEyPkNb4AAM,2021-01-31,-7,6,-23,,-15,7
ZA,South Africa,Northern Cape,,,ZA-NC,,ChIJbUtwf_UhJBwRkEyPkNb4AAM,2021-02-01,-7,8,-25,-25,-18,7
ZA,South Africa,Northern Cape,,,ZA-NC,,ChIJbUtwf_UhJBwRkEyPkNb4AAM,2021-02-02,-5,4,-30,-37,-19,8
ZA,South Africa,Northern Cape,,,ZA-NC,,ChIJbUtwf_UhJBwRkEyPkNb4AAM,2021-02-03,-13,0,-31,-30,-19,10
ZA,South Africa,Northern Cape,,,ZA-NC,,ChIJbUtwf_UhJBwRkEyPkNb4AAM,2021-02-04,-7,6,-20,-34,-20,8
ZA,South Africa,Northern Cape,,,ZA-NC,,ChIJbUtwf_UhJBwRkEyPkNb4AAM,2021-02-05,-14,-5,-24,-25,-16,6
ZA,South Africa,Northern Cape,,,ZA-NC,,ChIJbUtwf_UhJBwRkEyPkNb4AAM,2021-02-06,-18,-14,-19,,-15,5
ZA,South Africa,Northern Cape,,,ZA-NC,,ChIJbUtwf_UhJBwRkEyPkNb4AAM,2021-02-07,-17,-11,-5,,-17,7
ZA,South Africa,Northern Cape,,,ZA-NC,,ChIJbUtwf_UhJBwRkEyPkNb4AAM,2021-02-08,-15,-3,-21,-25,-21,8
ZA,South Africa,Northern Cape,,,ZA-NC,,ChIJbUtwf_UhJBwRkEyPkNb4AAM,2021-02-09,-12,-4,-27,-25,-20,9
ZA,South Africa,Northern Cape,,,ZA-NC,,ChIJbUtwf_UhJBwRkEyPkNb4AAM,2021-02-10,-14,-5,-23,-28,-19,7
ZA,South Africa,Northern Cape,,,ZA-NC,,ChIJbUtwf_UhJBwRkEyPkNb4AAM,2021-02-11,-11,-2,-25,-17,-19,7
ZA,South Africa,Northern Cape,,,ZA-NC,,ChIJbUtwf_UhJBwRkEyPkNb4AAM,2021-02-12,-14,-8,-28,-3,-16,7
ZA,South Africa,Northern Cape,,,ZA-NC,,ChIJbUtwf_UhJBwRkEyPkNb4AAM,2021-02-13,-14,-10,-30,,-15,7
ZA,South Africa,Northern Cape,,,ZA-NC,,ChIJbUtwf_UhJBwRkEyPkNb4AAM,2021-02-14,0,-2,-20,,-16,7
ZA,South Africa,Northern Cape,,,ZA-NC,,ChIJbUtwf_UhJBwRkEyPkNb4AAM,2021-02-15,-4,8,-27,-3,-18,6
ZA,South Africa,Northern Cape,,,ZA-NC,,ChIJbUtwf_UhJBwRkEyPkNb4AAM,2021-02-16,-7,2,-37,-3,-18,7
ZA,South Africa,Northern Cape,,,ZA-NC,,ChIJbUtwf_UhJBwRkEyPkNb4AAM,2021-02-17,-9,1,-30,-9,-16,8
ZA,South Africa,Northern Cape,,,ZA-NC,,ChIJbUtwf_UhJBwRkEyPkNb4AAM,2021-02-18,-11,1,-29,-9,-16,7
ZA,South Africa,Northern Cape,,,ZA-NC,,ChIJbUtwf_UhJBwRkEyPkNb4AAM,2021-02-19,-13,-6,-35,5,-12,7
ZA,South Africa,Northern Cape,,,ZA-NC,,ChIJbUtwf_UhJBwRkEyPkNb4AAM,2021-02-20,-16,-12,-39,,-11,7
ZA,South Africa,Northern Cape,,,ZA-NC,,ChIJbUtwf_UhJBwRkEyPkNb4AAM,2021-02-21,-16,-11,-32,,-15,7
ZA,South Africa,Northern Cape,,,ZA-NC,,ChIJbUtwf_UhJBwRkEyPkNb4AAM,2021-02-22,-19,-8,-35,-8,-16,8
ZA,South Africa,Northern Cape,,,ZA-NC,,ChIJbUtwf_UhJBwRkEyPkNb4AAM,2021-02-23,-16,-10,-44,-19,-16,8
ZA,South Africa,Northern Cape,,,ZA-NC,,ChIJbUtwf_UhJBwRkEyPkNb4AAM,2021-02-24,-13,-7,-34,-31,-15,7
ZA,South Africa,Northern Cape,,,ZA-NC,,ChIJbUtwf_UhJBwRkEyPkNb4AAM,2021-02-25,8,18,-32,-30,-14,5
ZA,South Africa,Northern Cape,,,ZA-NC,,ChIJbUtwf_UhJBwRkEyPkNb4AAM,2021-02-26,11,19,-31,-18,-10,2
ZA,South Africa,Northern Cape,,,ZA-NC,,ChIJbUtwf_UhJBwRkEyPkNb4AAM,2021-02-27,10,11,-32,,-6,3
ZA,South Africa,Northern Cape,,,ZA-NC,,ChIJbUtwf_UhJBwRkEyPkNb4AAM,2021-02-28,17,21,-25,,-7,3
ZA,South Africa,Northern Cape,,,ZA-NC,,ChIJbUtwf_UhJBwRkEyPkNb4AAM,2021-03-01,7,24,-24,-24,-11,4
ZA,South Africa,Northern Cape,,,ZA-NC,,ChIJbUtwf_UhJBwRkEyPkNb4AAM,2021-03-02,6,15,-34,-26,-12,5
ZA,South Africa,Northern Cape,,,ZA-NC,,ChIJbUtwf_UhJBwRkEyPkNb4AAM,2021-03-03,4,18,-32,-21,-10,6
ZA,South Africa,Northern Cape,,,ZA-NC,,ChIJbUtwf_UhJBwRkEyPkNb4AAM,2021-03-04,3,16,-25,-27,-12,5
ZA,South Africa,Northern Cape,,,ZA-NC,,ChIJbUtwf_UhJBwRkEyPkNb4AAM,2021-03-05,2,15,-30,-17,-7,4
ZA,South Africa,Northern Cape,,,ZA-NC,,ChIJbUtwf_UhJBwRkEyPkNb4AAM,2021-03-06,-1,6,-35,,-5,5
ZA,South Africa,Northern Cape,,,ZA-NC,,ChIJbUtwf_UhJBwRkEyPkNb4AAM,2021-03-07,-7,4,-29,,-11,6
ZA,South Africa,Northern Cape,,,ZA-NC,,ChIJbUtwf_UhJBwRkEyPkNb4AAM,2021-03-08,-9,6,-32,-25,-12,7
ZA,South Africa,Northern Cape,,,ZA-NC,,ChIJbUtwf_UhJBwRkEyPkNb4AAM,2021-03-09,-7,5,-39,-22,-12,7
ZA,South Africa,Northern Cape,,,ZA-NC,,ChIJbUtwf_UhJBwRkEyPkNb4AAM,2021-03-10,-9,2,-31,-20,-12,7
ZA,South Africa,Northern Cape,,,ZA-NC,,ChIJbUtwf_UhJBwRkEyPkNb4AAM,2021-03-11,-8,2,-27,-27,-12,5
ZA,South Africa,Northern Cape,,,ZA-NC,,ChIJbUtwf_UhJBwRkEyPkNb4AAM,2021-03-12,-8,1,-34,-14,-8,3
ZA,South Africa,Northern Cape,,,ZA-NC,,ChIJbUtwf_UhJBwRkEyPkNb4AAM,2021-03-13,-13,-9,-40,,-8,5
ZA,South Africa,Northern Cape,,,ZA-NC,,ChIJbUtwf_UhJBwRkEyPkNb4AAM,2021-03-14,-16,-8,-39,,-16,5
ZA,South Africa,Northern Cape,,,ZA-NC,,ChIJbUtwf_UhJBwRkEyPkNb4AAM,2021-03-15,-6,7,-34,-15,-11,4
ZA,South Africa,Northern Cape,,,ZA-NC,,ChIJbUtwf_UhJBwRkEyPkNb4AAM,2021-03-16,-5,3,-38,-22,-12,5
ZA,South Africa,Northern Cape,,,ZA-NC,,ChIJbUtwf_UhJBwRkEyPkNb4AAM,2021-03-17,-7,3,-36,-15,-12,5
ZA,South Africa,Northern Cape,,,ZA-NC,,ChIJbUtwf_UhJBwRkEyPkNb4AAM,2021-03-18,-6,4,-35,-30,-11,4
ZA,South Africa,Northern Cape,,,ZA-NC,,ChIJbUtwf_UhJBwRkEyPkNb4AAM,2021-03-19,-3,6,-39,-12,-8,2
ZA,South Africa,Northern Cape,,,ZA-NC,,ChIJbUtwf_UhJBwRkEyPkNb4AAM,2021-03-20,-10,0,-40,,-11,7
ZA,South Africa,Northern Cape,,,ZA-NC,,ChIJbUtwf_UhJBwRkEyPkNb4AAM,2021-03-21,-16,-7,-20,,-15,7
ZA,South Africa,Northern Cape,,,ZA-NC,,ChIJbUtwf_UhJBwRkEyPkNb4AAM,2021-03-22,-31,-27,-35,-44,-69,22
ZA,South Africa,Northern Cape,,,ZA-NC,,ChIJbUtwf_UhJBwRkEyPkNb4AAM,2021-03-23,-12,-1,-44,-23,-12,7
ZA,South Africa,Northern Cape,,,ZA-NC,,ChIJbUtwf_UhJBwRkEyPkNb4AAM,2021-03-24,-12,-1,-38,-24,-12,8
ZA,South Africa,Northern Cape,,,ZA-NC,,ChIJbUtwf_UhJBwRkEyPkNb4AAM,2021-03-25,6,18,-37,-27,-11,6
ZA,South Africa,Northern Cape,,,ZA-NC,,ChIJbUtwf_UhJBwRkEyPkNb4AAM,2021-03-26,10,19,-36,-8,-5,3
ZA,South Africa,Northern Cape,,,ZA-NC,,ChIJbUtwf_UhJBwRkEyPkNb4AAM,2021-03-27,8,13,-37,,-3,3
ZA,South Africa,Northern Cape,,,ZA-NC,,ChIJbUtwf_UhJBwRkEyPkNb4AAM,2021-03-28,3,12,-29,,-7,5
ZA,South Africa,Northern Cape,,,ZA-NC,,ChIJbUtwf_UhJBwRkEyPkNb4AAM,2021-03-29,0,12,-31,-18,-9,6
ZA,South Africa,Northern Cape,,,ZA-NC,,ChIJbUtwf_UhJBwRkEyPkNb4AAM,2021-03-30,12,17,-36,-20,-9,4
ZA,South Africa,Northern Cape,,,ZA-NC,,ChIJbUtwf_UhJBwRkEyPkNb4AAM,2021-03-31,23,35,-32,,-8,2
ZA,South Africa,Northern Cape,,,ZA-NC,,ChIJbUtwf_UhJBwRkEyPkNb4AAM,2021-04-01,41,59,-19,20,-16,-1
ZA,South Africa,Northern Cape,,,ZA-NC,,ChIJbUtwf_UhJBwRkEyPkNb4AAM,2021-04-02,-46,-45,-24,-35,-74,22
ZA,South Africa,Northern Cape,,,ZA-NC,,ChIJbUtwf_UhJBwRkEyPkNb4AAM,2021-04-03,-5,6,-15,,-22,5
ZA,South Africa,Northern Cape,,,ZA-NC,,ChIJbUtwf_UhJBwRkEyPkNb4AAM,2021-04-04,-10,-6,5,,-18,4
ZA,South Africa,Western Cape,,,ZA-WC,,ChIJ841peohdzB0Ri6I2IY95juk,2021-01-01,-65,-49,-32,-67,-82,34
ZA,South Africa,Western Cape,,,ZA-WC,,ChIJ841peohdzB0Ri6I2IY95juk,2021-01-02,-38,-16,-34,-44,-28,17
ZA,South Africa,Western Cape,,,ZA-WC,,ChIJ841peohdzB0Ri6I2IY95juk,2021-01-03,-37,-15,-36,-44,-16,12
ZA,South Africa,Western Cape,,,ZA-WC,,ChIJ841peohdzB0Ri6I2IY95juk,2021-01-04,-24,-3,-28,-46,-53,22
ZA,South Africa,Western Cape,,,ZA-WC,,ChIJ841peohdzB0Ri6I2IY95juk,2021-01-05,-27,-6,-31,-49,-52,23
ZA,South Africa,Western Cape,,,ZA-WC,,ChIJ841peohdzB0Ri6I2IY95juk,2021-01-06,-27,-4,-24,-46,-49,22
ZA,South Africa,Western Cape,,,ZA-WC,,ChIJ841peohdzB0Ri6I2IY95juk,2021-01-07,-30,-6,-31,-49,-49,23
ZA,South Africa,Western Cape,,,ZA-WC,,ChIJ841peohdzB0Ri6I2IY95juk,2021-01-08,-35,-13,-44,-53,-48,23
ZA,South Africa,Western Cape,,,ZA-WC,,ChIJ841peohdzB0Ri6I2IY95juk,2021-01-09,-37,-15,-43,-48,-16,15
ZA,South Africa,Western Cape,,,ZA-WC,,ChIJ841peohdzB0Ri6I2IY95juk,2021-01-10,-43,-19,-52,-55,-17,12
ZA,South Africa,Western Cape,,,ZA-WC,,ChIJ841peohdzB0Ri6I2IY95juk,2021-01-11,-33,-15,-45,-53,-41,20
ZA,South Africa,Western Cape,,,ZA-WC,,ChIJ841peohdzB0Ri6I2IY95juk,2021-01-12,-35,-18,-44,-56,-42,20
ZA,South Africa,Western Cape,,,ZA-WC,,ChIJ841peohdzB0Ri6I2IY95juk,2021-01-13,-37,-20,-44,-58,-42,18
ZA,South Africa,Western Cape,,,ZA-WC,,ChIJ841peohdzB0Ri6I2IY95juk,2021-01-14,-39,-20,-46,-62,-45,18
ZA,South Africa,Western Cape,,,ZA-WC,,ChIJ841peohdzB0Ri6I2IY95juk,2021-01-15,-42,-22,-57,-65,-45,17
ZA,South Africa,Western Cape,,,ZA-WC,,ChIJ841peohdzB0Ri6I2IY95juk,2021-01-16,-42,-22,-52,-64,-26,13
ZA,South Africa,Western Cape,,,ZA-WC,,ChIJ841peohdzB0Ri6I2IY95juk,2021-01-17,-45,-24,-50,-66,-26,9
ZA,South Africa,Western Cape,,,ZA-WC,,ChIJ841peohdzB0Ri6I2IY95juk,2021-01-18,-40,-26,-48,-65,-43,17
ZA,South Africa,Western Cape,,,ZA-WC,,ChIJ841peohdzB0Ri6I2IY95juk,2021-01-19,-39,-24,-48,-65,-44,18
ZA,South Africa,Western Cape,,,ZA-WC,,ChIJ841peohdzB0Ri6I2IY95juk,2021-01-20,-38,-23,-45,-64,-43,18
ZA,South Africa,Western Cape,,,ZA-WC,,ChIJ841peohdzB0Ri6I2IY95juk,2021-01-21,-39,-21,-48,-64,-43,19
ZA,South Africa,Western Cape,,,ZA-WC,,ChIJ841peohdzB0Ri6I2IY95juk,2021-01-22,-39,-19,-51,-62,-40,18
ZA,South Africa,Western Cape,,,ZA-WC,,ChIJ841peohdzB0Ri6I2IY95juk,2021-01-23,-37,-16,-48,-63,-20,14
ZA,South Africa,Western Cape,,,ZA-WC,,ChIJ841peohdzB0Ri6I2IY95juk,2021-01-24,-41,-19,-53,-66,-22,11
ZA,South Africa,Western Cape,,,ZA-WC,,ChIJ841peohdzB0Ri6I2IY95juk,2021-01-25,-32,-16,-47,-62,-38,16
ZA,South Africa,Western Cape,,,ZA-WC,,ChIJ841peohdzB0Ri6I2IY95juk,2021-01-26,-31,-13,-47,-63,-38,17
ZA,South Africa,Western Cape,,,ZA-WC,,ChIJ841peohdzB0Ri6I2IY95juk,2021-01-27,-29,-10,-45,-61,-37,16
ZA,South Africa,Western Cape,,,ZA-WC,,ChIJ841peohdzB0Ri6I2IY95juk,2021-01-28,-28,-6,-45,-59,-37,17
ZA,South Africa,Western Cape,,,ZA-WC,,ChIJ841peohdzB0Ri6I2IY95juk,2021-01-29,-28,-5,-48,-56,-35,15
ZA,South Africa,Western Cape,,,ZA-WC,,ChIJ841peohdzB0Ri6I2IY95juk,2021-01-30,-24,-1,-41,-53,-14,10
ZA,South Africa,Western Cape,,,ZA-WC,,ChIJ841peohdzB0Ri6I2IY95juk,2021-01-31,-30,-4,-53,-57,-16,8
ZA,South Africa,Western Cape,,,ZA-WC,,ChIJ841peohdzB0Ri6I2IY95juk,2021-02-01,-29,-11,-51,-57,-33,15
ZA,South Africa,Western Cape,,,ZA-WC,,ChIJ841peohdzB0Ri6I2IY95juk,2021-02-02,-23,-5,-28,-56,-32,13
ZA,South Africa,Western Cape,,,ZA-WC,,ChIJ841peohdzB0Ri6I2IY95juk,2021-02-03,-25,-8,-33,-57,-32,14
ZA,South Africa,Western Cape,,,ZA-WC,,ChIJ841peohdzB0Ri6I2IY95juk,2021-02-04,-25,-4,-40,-57,-33,14
ZA,South Africa,Western Cape,,,ZA-WC,,ChIJ841peohdzB0Ri6I2IY95juk,2021-02-05,-27,-10,-38,-54,-31,11
ZA,South Africa,Western Cape,,,ZA-WC,,ChIJ841peohdzB0Ri6I2IY95juk,2021-02-06,-26,-10,-23,-56,-14,7
ZA,South Africa,Western Cape,,,ZA-WC,,ChIJ841peohdzB0Ri6I2IY95juk,2021-02-07,-32,-15,-36,-58,-16,6
ZA,South Africa,Western Cape,,,ZA-WC,,ChIJ841peohdzB0Ri6I2IY95juk,2021-02-08,-29,-15,-41,-55,-32,14
ZA,South Africa,Western Cape,,,ZA-WC,,ChIJ841peohdzB0Ri6I2IY95juk,2021-02-09,-28,-13,-40,-57,-32,14
ZA,South Africa,Western Cape,,,ZA-WC,,ChIJ841peohdzB0Ri6I2IY95juk,2021-02-10,-26,-12,-33,-56,-31,12
ZA,South Africa,Western Cape,,,ZA-WC,,ChIJ841peohdzB0Ri6I2IY95juk,2021-02-11,-25,-6,-40,-56,-32,13
ZA,South Africa,Western Cape,,,ZA-WC,,ChIJ841peohdzB0Ri6I2IY95juk,2021-02-12,-27,-12,-45,-53,-29,12
ZA,South Africa,Western Cape,,,ZA-WC,,ChIJ841peohdzB0Ri6I2IY95juk,2021-02-13,-23,-7,-29,-53,-12,8
ZA,South Africa,Western Cape,,,ZA-WC,,ChIJ841peohdzB0Ri6I2IY95juk,2021-02-14,-23,-8,-49,-56,-13,7
ZA,South Africa,Western Cape,,,ZA-WC,,ChIJ841peohdzB0Ri6I2IY95juk,2021-02-15,-25,-10,-49,-55,-30,12
ZA,South Africa,Western Cape,,,ZA-WC,,ChIJ841peohdzB0Ri6I2IY95juk,2021-02-16,-27,-12,-48,-56,-30,13
ZA,South Africa,Western Cape,,,ZA-WC,,ChIJ841peohdzB0Ri6I2IY95juk,2021-02-17,-26,-11,-40,-54,-28,13
ZA,South Africa,Western Cape,,,ZA-WC,,ChIJ841peohdzB0Ri6I2IY95juk,2021-02-18,-26,-7,-48,-54,-28,13
ZA,South Africa,Western Cape,,,ZA-WC,,ChIJ841peohdzB0Ri6I2IY95juk,2021-02-19,-28,-12,-48,-51,-26,12
ZA,South Africa,Western Cape,,,ZA-WC,,ChIJ841peohdzB0Ri6I2IY95juk,2021-02-20,-25,-10,-38,-53,-10,10
ZA,South Africa,Western Cape,,,ZA-WC,,ChIJ841peohdzB0Ri6I2IY95juk,2021-02-21,-33,-14,-51,-56,-14,8
ZA,South Africa,Western Cape,,,ZA-WC,,ChIJ841peohdzB0Ri6I2IY95juk,2021-02-22,-30,-17,-47,-54,-27,13
ZA,South Africa,Western Cape,,,ZA-WC,,ChIJ841peohdzB0Ri6I2IY95juk,2021-02-23,-28,-14,-45,-55,-28,13
ZA,South Africa,Western Cape,,,ZA-WC,,ChIJ841peohdzB0Ri6I2IY95juk,2021-02-24,-27,-13,-44,-54,-27,13
ZA,South Africa,Western Cape,,,ZA-WC,,ChIJ841peohdzB0Ri6I2IY95juk,2021-02-25,-16,8,-49,-51,-26,12
ZA,South Africa,Western Cape,,,ZA-WC,,ChIJ841peohdzB0Ri6I2IY95juk,2021-02-26,-14,6,-49,-47,-24,8
ZA,South Africa,Western Cape,,,ZA-WC,,ChIJ841peohdzB0Ri6I2IY95juk,2021-02-27,-8,11,-35,-43,-6,5
ZA,South Africa,Western Cape,,,ZA-WC,,ChIJ841peohdzB0Ri6I2IY95juk,2021-02-28,-11,12,-31,-45,-6,2
ZA,South Africa,Western Cape,,,ZA-WC,,ChIJ841peohdzB0Ri6I2IY95juk,2021-03-01,-16,3,-45,-45,-25,11
ZA,South Africa,Western Cape,,,ZA-WC,,ChIJ841peohdzB0Ri6I2IY95juk,2021-03-02,-17,2,-42,-48,-25,11
ZA,South Africa,Western Cape,,,ZA-WC,,ChIJ841peohdzB0Ri6I2IY95juk,2021-03-03,-16,4,-39,-47,-25,11
ZA,South Africa,Western Cape,,,ZA-WC,,ChIJ841peohdzB0Ri6I2IY95juk,2021-03-04,-17,4,-46,-48,-25,12
ZA,South Africa,Western Cape,,,ZA-WC,,ChIJ841peohdzB0Ri6I2IY95juk,2021-03-05,-15,5,-43,-44,-23,9
ZA,South Africa,Western Cape,,,ZA-WC,,ChIJ841peohdzB0Ri6I2IY95juk,2021-03-06,-14,4,-33,-45,-8,7
ZA,South Africa,Western Cape,,,ZA-WC,,ChIJ841peohdzB0Ri6I2IY95juk,2021-03-07,-25,-3,-51,-49,-10,7
ZA,South Africa,Western Cape,,,ZA-WC,,ChIJ841peohdzB0Ri6I2IY95juk,2021-03-08,-24,-9,-47,-47,-25,12
ZA,South Africa,Western Cape,,,ZA-WC,,ChIJ841peohdzB0Ri6I2IY95juk,2021-03-09,-25,-9,-51,-51,-26,13
ZA,South Africa,Western Cape,,,ZA-WC,,ChIJ841peohdzB0Ri6I2IY95juk,2021-03-10,-29,-11,-58,-53,-28,14
ZA,South Africa,Western Cape,,,ZA-WC,,ChIJ841peohdzB0Ri6I2IY95juk,2021-03-11,-22,-4,-45,-48,-25,11
ZA,South Africa,Western Cape,,,ZA-WC,,ChIJ841peohdzB0Ri6I2IY95juk,2021-03-12,-21,-3,-45,-46,-23,8
ZA,South Africa,Western Cape,,,ZA-WC,,ChIJ841peohdzB0Ri6I2IY95juk,2021-03-13,-19,-2,-37,-48,-8,7
ZA,South Africa,Western Cape,,,ZA-WC,,ChIJ841peohdzB0Ri6I2IY95juk,2021-03-14,-29,-9,-55,-51,-11,6
ZA,South Africa,Western Cape,,,ZA-WC,,ChIJ841peohdzB0Ri6I2IY95juk,2021-03-15,-24,-8,-54,-48,-25,11
ZA,South Africa,Western Cape,,,ZA-WC,,ChIJ841peohdzB0Ri6I2IY95juk,2021-03-16,-23,-8,-47,-50,-25,10
ZA,South Africa,Western Cape,,,ZA-WC,,ChIJ841peohdzB0Ri6I2IY95juk,2021-03-17,-19,-5,-37,-48,-23,10
ZA,South Africa,Western Cape,,,ZA-WC,,ChIJ841peohdzB0Ri6I2IY95juk,2021-03-18,-21,-3,-45,-47,-24,10
ZA,South Africa,Western Cape,,,ZA-WC,,ChIJ841peohdzB0Ri6I2IY95juk,2021-03-19,-20,-1,-47,-44,-23,8
ZA,South Africa,Western Cape,,,ZA-WC,,ChIJ841peohdzB0Ri6I2IY95juk,2021-03-20,-19,-1,-39,-45,-10,8
ZA,South Africa,Western Cape,,,ZA-WC,,ChIJ841peohdzB0Ri6I2IY95juk,2021-03-21,-24,-8,-34,-52,-11,6
ZA,South Africa,Western Cape,,,ZA-WC,,ChIJ841peohdzB0Ri6I2IY95juk,2021-03-22,-27,-18,-15,-59,-74,23
ZA,South Africa,Western Cape,,,ZA-WC,,ChIJ841peohdzB0Ri6I2IY95juk,2021-03-23,-26,-10,-44,-46,-24,12
ZA,South Africa,Western Cape,,,ZA-WC,,ChIJ841peohdzB0Ri6I2IY95juk,2021-03-24,-22,-6,-38,-47,-23,11
ZA,South Africa,Western Cape,,,ZA-WC,,ChIJ841peohdzB0Ri6I2IY95juk,2021-03-25,-13,11,-40,-43,-23,10
ZA,South Africa,Western Cape,,,ZA-WC,,ChIJ841peohdzB0Ri6I2IY95juk,2021-03-26,-10,13,-49,-40,-21,8
ZA,South Africa,Western Cape,,,ZA-WC,,ChIJ841peohdzB0Ri6I2IY95juk,2021-03-27,-7,14,-43,-41,-4,6
ZA,South Africa,Western Cape,,,ZA-WC,,ChIJ841peohdzB0Ri6I2IY95juk,2021-03-28,-14,9,-41,-43,-6,5
ZA,South Africa,Western Cape,,,ZA-WC,,ChIJ841peohdzB0Ri6I2IY95juk,2021-03-29,-16,2,-40,-42,-23,11
ZA,South Africa,Western Cape,,,ZA-WC,,ChIJ841peohdzB0Ri6I2IY95juk,2021-03-30,-13,7,-41,-43,-23,10
ZA,South Africa,Western Cape,,,ZA-WC,,ChIJ841peohdzB0Ri6I2IY95juk,2021-03-31,-9,14,-46,-42,-23,10
ZA,South Africa,Western Cape,,,ZA-WC,,ChIJ841peohdzB0Ri6I2IY95juk,2021-04-01,4,38,-36,-34,-24,7
ZA,South Africa,Western Cape,,,ZA-WC,,ChIJ841peohdzB0Ri6I2IY95juk,2021-04-02,-41,-20,-31,-55,-76,24
ZA,South Africa,Western Cape,,,ZA-WC,,ChIJ841peohdzB0Ri6I2IY95juk,2021-04-03,-14,7,-14,-47,-20,8
ZA,South Africa,Western Cape,,,ZA-WC,,ChIJ841peohdzB0Ri6I2IY95juk,2021-04-04,-28,-11,-27,-49,-13,5
